customerID,gender,SeniorCitizen,Partner,Dependents,tenure,PhoneService,PaperlessBilling,MonthlyCharges,TotalCharges,Churn,MultipleLines_No phone service,MultipleLines_Yes,InternetService_Fiber optic,InternetService_No,OnlineSecurity_No internet service,OnlineSecurity_Yes,OnlineBackup_No internet service,OnlineBackup_Yes,DeviceProtection_No internet service,DeviceProtection_Yes,TechSupport_No internet service,TechSupport_Yes,StreamingTV_No internet service,StreamingTV_Yes,StreamingMovies_No internet service,StreamingMovies_Yes,Contract_One year,Contract_Two year,PaymentMethod_Credit card (automatic),PaymentMethod_Electronic check,PaymentMethod_Mailed check,TotalServices,IsNewCustomer,AvgMonthlySpend,ChargeGap
7590-VHVEG,0,0,1,0,1,0,1,29.85,29.85,0,1,0,0,0,0,0,0,1,0,0,0,0,0,0,0,0,0,0,0,1,0,1,1,29.85,0.0
5575-GNVDE,1,0,0,0,34,1,0,56.95,1889.5,0,0,0,0,0,0,1,0,0,0,1,0,0,0,0,0,0,1,0,0,0,1,2,0,55.5735294117647,1.3764705882352999
3668-QPYBK,1,0,0,0,2,1,1,53.85,108.15,1,0,0,0,0,0,1,0,1,0,0,0,0,0,0,0,0,0,0,0,0,1,2,1,54.075,-0.22500000000000142
7795-CFOCW,1,0,0,0,45,0,0,42.3,1840.75,0,1,0,0,0,0,1,0,0,0,1,0,1,0,0,0,0,1,0,0,0,0,3,0,40.90555555555556,1.3944444444444386
9237-HQITU,0,0,0,0,2,1,1,70.7,151.65,1,0,0,1,0,0,0,0,0,0,0,0,0,0,0,0,0,0,0,0,1,0,0,1,75.825,-5.125
9305-CDSKC,0,0,0,0,8,1,1,99.65,820.5,1,0,1,1,0,0,0,0,0,0,1,0,0,0,1,0,1,0,0,0,1,0,3,1,102.5625,-2.9124999999999943
1452-KIOVK,1,0,0,1,22,1,1,89.1,1949.4,0,0,1,1,0,0,0,0,1,0,0,0,0,0,1,0,0,0,0,1,0,0,2,0,88.60909090909091,0.49090909090908497
6713-OKOMC,0,0,0,0,10,0,0,29.75,301.9,0,1,0,0,0,0,1,0,0,0,0,0,0,0,0,0,0,0,0,0,0,1,1,1,30.189999999999998,-0.4399999999999977
7892-POOKP,0,0,1,0,28,1,1,104.8,3046.05,1,0,1,1,0,0,0,0,0,0,1,0,1,0,1,0,1,0,0,0,1,0,4,0,108.78750000000001,-3.9875000000000114
6388-TABGU,1,0,0,1,62,1,0,56.15,3487.95,0,0,0,0,0,0,1,0,1,0,0,0,0,0,0,0,0,1,0,0,0,0,2,0,56.25725806451613,-0.10725806451613096
9763-GRSKD,1,0,1,1,13,1,1,49.95,587.45,0,0,0,0,0,0,1,0,0,0,0,0,0,0,0,0,0,0,0,0,0,1,1,0,45.18846153846154,4.761538461538464
7469-LKBCI,1,0,0,0,16,1,0,18.95,326.8,0,0,0,0,1,1,0,1,0,1,0,1,0,1,0,1,0,0,1,1,0,0,0,0,20.425,-1.4750000000000014
8091-TTVAX,1,0,1,0,58,1,0,100.35,5681.1,0,0,1,1,0,0,0,0,0,0,1,0,0,0,1,0,1,1,0,1,0,0,3,0,97.95,2.3999999999999915
0280-XJGEX,1,0,0,0,49,1,1,103.7,5036.3,1,0,1,1,0,0,0,0,1,0,1,0,0,0,1,0,1,0,0,0,0,0,4,0,102.78163265306122,0.9183673469387799
5129-JLPIS,1,0,0,0,25,1,1,105.5,2686.05,0,0,0,1,0,0,1,0,0,0,1,0,1,0,1,0,1,0,0,0,1,0,5,0,107.44200000000001,-1.9420000000000073
3655-SNQYZ,0,0,1,1,69,1,0,113.25,7895.15,0,0,1,1,0,0,1,0,1,0,1,0,1,0,1,0,1,0,1,1,0,0,6,0,114.42246376811593,-1.1724637681159322
8191-XWSZG,0,0,0,0,52,1,0,20.65,1022.95,0,0,0,0,1,1,0,1,0,1,0,1,0,1,0,1,0,1,0,0,0,1,0,0,19.672115384615385,0.9778846153846139
9959-WOFKT,1,0,0,1,71,1,0,106.7,7382.25,0,0,1,1,0,0,1,0,0,0,1,0,0,0,1,0,1,0,1,0,0,0,4,0,103.97535211267606,2.7246478873239397
4190-MFLUW,0,0,1,1,10,1,0,55.2,528.35,1,0,0,0,0,0,0,0,0,0,1,0,1,0,0,0,0,0,0,1,0,0,2,1,52.835,2.365000000000002
4183-MYFRB,0,0,0,0,21,1,1,90.05,1862.9,0,0,0,1,0,0,0,0,1,0,1,0,0,0,0,0,1,0,0,0,1,0,3,0,88.70952380952382,1.3404761904761813
8779-QRDMV,1,1,0,0,1,0,1,39.65,39.65,1,1,0,0,0,0,0,0,0,0,1,0,0,0,0,0,1,0,0,0,1,0,2,1,39.65,0.0
1680-VDCWW,1,0,1,0,12,1,0,19.8,202.25,0,0,0,0,1,1,0,1,0,1,0,1,0,1,0,1,0,1,0,0,0,0,0,1,16.854166666666668,2.945833333333333
1066-JKSGK,1,0,0,0,1,1,0,20.15,20.15,1,0,0,0,1,1,0,1,0,1,0,1,0,1,0,1,0,0,0,0,0,1,0,1,20.15,0.0
3638-WEABW,0,0,1,0,58,1,1,59.9,3505.1,0,0,1,0,0,0,0,0,1,0,0,0,1,0,0,0,0,0,1,1,0,0,2,0,60.432758620689654,-0.5327586206896555
6322-HRPFA,1,0,1,1,49,1,0,59.6,2970.3,0,0,0,0,0,0,1,0,1,0,0,0,1,0,0,0,0,0,0,1,0,0,3,0,60.61836734693878,-1.0183673469387813
6865-JZNKO,0,0,0,0,30,1,1,55.3,1530.6,0,0,0,0,0,0,1,0,1,0,0,0,0,0,0,0,0,0,0,0,0,0,2,0,51.019999999999996,4.280000000000001
6467-CHFZW,1,0,1,1,47,1,1,99.35,4749.15,1,0,1,1,0,0,0,0,1,0,0,0,0,0,1,0,1,0,0,0,1,0,3,0,101.04574468085106,-1.695744680851064
8665-UTDHZ,1,0,1,1,1,0,0,30.2,30.2,1,1,0,0,0,0,0,0,1,0,0,0,0,0,0,0,0,0,0,0,1,0,1,1,30.2,0.0
5248-YGIJN,1,0,1,0,72,1,1,90.25,6369.45,0,0,1,0,0,0,1,0,1,0,1,0,1,0,1,0,1,0,1,1,0,0,6,0,88.46458333333334,1.7854166666666629
8773-HHUOZ,0,0,0,1,17,1,1,64.7,1093.1,1,0,0,0,0,0,0,0,0,0,0,0,0,0,1,0,1,0,0,0,0,1,2,0,64.3,0.4000000000000057
3841-NFECX,0,1,1,0,71,1,1,96.35,6766.95,0,0,1,1,0,0,1,0,1,0,1,0,1,0,0,0,0,0,1,1,0,0,4,0,95.30915492957746,1.0408450704225345
4929-XIHVW,1,1,1,0,2,1,1,95.5,181.65,0,0,0,1,0,0,0,0,0,0,1,0,0,0,1,0,1,0,0,1,0,0,3,1,90.825,4.674999999999997
6827-IEAUQ,0,0,1,1,27,1,0,66.15,1874.45,0,0,0,0,0,0,1,0,1,0,1,0,1,0,0,0,0,1,0,0,0,1,4,0,69.42407407407407,-3.274074074074065
7310-EGVHZ,1,0,0,0,1,1,0,20.2,20.2,0,0,0,0,1,1,0,1,0,1,0,1,0,1,0,1,0,0,0,0,0,0,0,1,20.2,0.0
3413-BMNZE,1,1,0,0,1,1,0,45.25,45.25,0,0,0,0,0,0,0,0,0,0,0,0,0,0,0,0,0,0,0,0,0,0,0,1,45.25,0.0
6234-RAAPL,0,0,1,1,72,1,0,99.9,7251.7,0,0,1,1,0,0,1,0,1,0,0,0,1,0,1,0,0,0,1,0,0,0,4,0,100.71805555555555,-0.8180555555555458
6047-YHPVI,1,0,0,0,5,1,1,69.7,316.9,1,0,0,1,0,0,0,0,0,0,0,0,0,0,0,0,0,0,0,0,1,0,0,1,63.379999999999995,6.320000000000007
6572-ADKRS,0,0,0,0,46,1,1,74.8,3548.3,0,0,0,1,0,0,0,0,0,0,1,0,0,0,0,0,0,0,0,1,0,0,1,0,77.13695652173914,-2.3369565217391397
5380-WJKOV,1,0,0,0,34,1,1,106.35,3549.25,1,0,1,1,0,0,0,0,1,0,1,0,0,0,1,0,1,0,0,0,1,0,4,0,104.38970588235294,1.9602941176470523
8168-UQWWF,0,0,0,0,11,1,1,97.85,1105.4,1,0,1,1,0,0,0,0,0,0,1,0,0,0,1,0,1,0,0,0,0,0,3,1,100.4909090909091,-2.640909090909105
8865-TNMNX,1,0,1,1,10,1,0,49.55,475.7,0,0,0,0,0,0,0,0,1,0,0,0,0,0,0,0,0,1,0,0,0,1,1,1,47.57,1.9799999999999969
9489-DEDVP,0,0,1,1,70,1,1,69.2,4872.35,0,0,1,0,0,0,1,0,1,0,0,0,0,0,1,0,0,0,1,1,0,0,3,0,69.605,-0.40500000000000114
9867-JCZSP,0,0,1,1,17,1,0,20.75,418.25,0,0,0,0,1,1,0,1,0,1,0,1,0,1,0,1,0,1,0,0,0,1,0,0,24.602941176470587,-3.852941176470587
4671-VJLCL,0,0,0,0,63,1,1,79.85,4861.45,0,0,1,0,0,0,1,0,1,0,1,0,1,0,1,0,0,0,1,1,0,0,5,0,77.16587301587302,2.6841269841269764
4080-IIARD,0,0,1,0,13,1,1,76.2,981.45,0,0,1,0,0,0,1,0,1,0,0,0,1,0,1,0,0,0,0,0,1,0,4,0,75.49615384615385,0.7038461538461576
3714-NTNFO,0,0,0,0,49,1,1,84.5,3906.7,0,0,1,1,0,0,0,0,0,0,0,0,0,0,0,0,1,0,0,0,1,0,1,0,79.72857142857143,4.771428571428572
5948-UJZLF,1,0,0,0,2,1,0,49.25,97.0,0,0,0,0,0,0,0,0,1,0,0,0,0,0,0,0,0,0,0,0,0,1,1,1,48.5,0.75
7760-OYPDY,0,0,0,0,2,1,1,80.65,144.15,1,0,0,1,0,0,0,0,0,0,0,0,0,0,1,0,0,0,0,0,1,0,1,1,72.075,8.575000000000003
7639-LIAYI,1,0,0,0,52,1,1,79.75,4217.8,0,0,1,0,0,0,1,0,0,0,0,0,1,0,1,0,1,0,1,1,0,0,4,0,81.11153846153846,-1.3615384615384585
2954-PIBKO,0,0,1,1,69,1,1,64.15,4254.1,0,0,1,0,0,0,1,0,0,0,1,0,1,0,0,0,0,0,1,1,0,0,3,0,61.6536231884058,2.496376811594203
8012-SOUDQ,0,1,0,0,43,1,1,90.25,3838.75,0,0,1,1,0,0,0,0,1,0,0,0,0,0,1,0,0,0,0,0,1,0,2,0,89.27325581395348,0.9767441860465169
9420-LOJKX,0,0,0,0,15,1,1,99.1,1426.4,1,0,0,1,0,0,1,0,1,0,0,0,0,0,1,0,1,0,0,1,0,0,4,0,95.09333333333333,4.006666666666661
6575-SUVOI,0,1,1,0,25,1,1,69.5,1752.65,0,0,1,0,0,0,1,0,0,0,0,0,1,0,1,0,0,0,0,1,0,0,3,0,70.10600000000001,-0.6060000000000088
7495-OOKFY,0,1,1,0,8,1,1,80.65,633.3,1,0,1,1,0,0,0,0,1,0,0,0,0,0,0,0,0,0,0,1,0,0,1,1,79.1625,1.4875000000000114
4667-QONEA,0,1,1,1,60,1,1,74.85,4456.35,0,0,0,0,0,0,1,0,1,0,1,0,1,0,0,0,1,1,0,1,0,0,5,0,74.27250000000001,0.5774999999999864
1658-BYGOY,1,1,0,0,18,1,1,95.45,1752.55,1,0,1,1,0,0,0,0,0,0,0,0,0,0,1,0,1,0,0,0,1,0,2,0,97.36388888888888,-1.9138888888888772
8769-KKTPH,0,0,1,1,63,1,1,99.65,6311.2,0,0,1,1,0,0,1,0,0,0,0,0,0,0,1,0,1,1,0,1,0,0,3,0,100.17777777777778,-0.5277777777777715
5067-XJQFU,1,1,1,1,66,1,1,108.45,7076.35,0,0,1,1,0,0,0,0,1,0,1,0,1,0,1,0,1,1,0,0,1,0,5,0,107.21742424242424,1.2325757575757592
3957-SQXML,0,0,1,1,34,1,0,24.95,894.3,0,0,1,0,1,1,0,1,0,1,0,1,0,1,0,1,0,0,1,1,0,0,0,0,26.302941176470586,-1.352941176470587
5954-BDFSG,0,0,0,0,72,1,1,107.5,7853.7,0,0,1,1,0,0,0,0,0,0,1,0,1,0,1,0,1,0,1,1,0,0,4,0,109.07916666666667,-1.5791666666666657
0434-CSFON,0,0,1,0,47,1,1,100.5,4707.1,0,0,1,1,0,0,0,0,0,0,1,0,0,0,1,0,1,0,0,0,1,0,3,0,100.15106382978725,0.3489361702127525
1215-FIGMP,1,0,0,0,60,1,1,89.9,5450.7,0,0,1,1,0,0,0,0,1,0,0,0,0,0,1,0,0,0,0,0,0,0,2,0,90.845,-0.9449999999999932
0526-SXDJP,1,0,1,0,72,0,0,42.1,2962.0,0,1,0,0,0,0,1,0,1,0,1,0,0,0,0,0,0,0,1,0,0,0,3,0,41.138888888888886,0.9611111111111157
0557-ASKVU,0,0,1,1,18,1,1,54.4,957.1,0,0,0,0,0,0,0,0,0,0,1,0,1,0,0,0,0,1,0,1,0,0,2,0,53.172222222222224,1.2277777777777743
5698-BQJOH,0,0,0,0,9,1,0,94.4,857.25,1,0,1,1,0,0,0,0,0,0,0,0,0,0,1,0,1,0,0,0,1,0,2,1,95.25,-0.8499999999999943
5122-CYFXA,0,0,0,0,3,1,1,75.3,244.1,0,0,0,0,0,0,0,0,1,0,0,0,1,0,1,0,1,0,0,0,1,0,4,1,81.36666666666666,-6.066666666666663
8627-ZYGSZ,1,0,1,0,47,1,1,78.9,3650.35,0,0,1,1,0,0,0,0,1,0,0,0,0,0,0,0,0,1,0,0,1,0,1,0,77.66702127659575,1.2329787234042584
3410-YOQBQ,0,0,0,0,31,1,0,79.2,2497.2,0,0,0,0,0,0,0,0,1,0,1,0,1,0,1,0,1,0,1,0,0,1,5,0,80.55483870967741,-1.3548387096774093
3170-NMYVV,0,0,1,1,50,1,0,20.15,930.9,0,0,0,0,1,1,0,1,0,1,0,1,0,1,0,1,0,0,1,0,0,0,0,0,18.618,1.532
7410-OIEDU,1,0,0,0,10,1,1,79.85,887.35,0,0,0,1,0,0,1,0,0,0,1,0,0,0,0,0,0,0,0,0,0,1,2,1,88.735,-8.885000000000005
2273-QCKXA,1,0,0,0,1,1,0,49.05,49.05,0,0,0,0,0,0,0,0,0,0,0,0,1,0,0,0,0,0,0,0,0,1,1,1,49.05,0.0
0731-EBJQB,0,0,1,1,52,1,1,20.4,1090.65,0,0,0,0,1,1,0,1,0,1,0,1,0,1,0,1,0,1,0,0,1,0,0,0,20.974038461538463,-0.5740384615384642
1891-QRQSA,1,1,1,1,64,1,1,111.6,7099.0,0,0,1,1,0,0,1,0,0,0,1,0,1,0,1,0,1,0,1,0,0,0,5,0,110.921875,0.6781249999999943
8028-PNXHQ,1,0,1,1,62,1,1,24.25,1424.6,0,0,1,0,1,1,0,1,0,1,0,1,0,1,0,1,0,0,1,0,0,0,0,0,22.97741935483871,1.272580645161291
5630-AHZIL,0,0,0,1,3,1,1,64.5,177.4,0,0,0,0,0,0,1,0,0,0,0,0,1,0,0,0,1,0,0,0,0,0,3,1,59.13333333333333,5.366666666666667
2673-CXQEU,0,1,0,0,56,1,0,110.5,6139.5,0,0,1,1,0,0,1,0,1,0,1,0,0,0,1,0,1,1,0,0,1,0,5,0,109.63392857142857,0.8660714285714306
6416-JNVRK,0,0,0,0,46,1,0,55.65,2688.85,0,0,0,0,0,0,0,0,0,0,0,0,0,0,0,0,1,1,0,1,0,0,1,0,58.45326086956521,-2.8032608695652144
5590-ZSKRV,0,0,1,1,8,1,0,54.65,482.25,0,0,0,0,0,0,1,0,1,0,0,0,0,0,0,0,0,0,0,0,0,1,2,1,60.28125,-5.631250000000001
0191-ZHSKZ,1,1,0,0,30,1,1,74.75,2111.3,0,0,0,0,0,0,1,0,1,0,0,0,0,0,1,0,1,0,0,0,1,0,4,0,70.37666666666668,4.373333333333321
3887-PBQAO,0,0,1,1,45,1,1,25.9,1216.6,0,0,1,0,1,1,0,1,0,1,0,1,0,1,0,1,0,1,0,1,0,0,0,0,27.035555555555554,-1.1355555555555554
5919-TMRGD,0,0,0,1,1,1,1,79.35,79.35,1,0,0,1,0,0,0,0,0,0,0,0,0,0,1,0,0,0,0,0,1,0,1,1,79.35,0.0
8108-UXRQN,0,0,1,1,11,0,0,50.55,565.35,0,1,0,0,0,0,1,0,0,0,0,0,0,0,1,0,1,0,0,0,1,0,3,1,51.39545454545455,-0.845454545454551
9191-MYQKX,0,0,1,0,7,1,1,75.15,496.9,1,0,0,1,0,0,0,0,0,0,1,0,0,0,0,0,0,0,0,0,0,0,1,1,70.98571428571428,4.164285714285725
9919-YLNNG,0,0,0,0,42,1,1,103.8,4327.5,0,0,0,1,0,0,0,0,1,0,1,0,1,0,1,0,1,0,0,0,0,0,5,0,103.03571428571429,0.7642857142857054
0318-ZOPWS,0,0,1,0,49,1,1,20.15,973.35,0,0,0,0,1,1,0,1,0,1,0,1,0,1,0,1,0,0,1,0,0,0,0,0,19.864285714285714,0.2857142857142847
4445-ZJNMU,1,0,0,0,9,1,1,99.3,918.75,0,0,1,1,0,0,0,0,1,0,0,0,0,0,1,0,1,0,0,1,0,0,3,1,102.08333333333333,-2.7833333333333314
4808-YNLEU,0,0,1,0,35,1,1,62.15,2215.45,0,0,0,0,0,0,1,0,0,0,0,0,0,0,1,0,0,1,0,0,0,0,2,0,63.29857142857142,-1.1485714285714224
1862-QRWPE,0,0,1,1,48,1,0,20.65,1057.0,0,0,0,0,1,1,0,1,0,1,0,1,0,1,0,1,0,0,1,0,0,0,0,0,22.020833333333332,-1.3708333333333336
2796-NNUFI,0,0,1,1,46,1,1,19.95,927.1,0,0,0,0,1,1,0,1,0,1,0,1,0,1,0,1,0,0,1,0,0,1,0,0,20.15434782608696,-0.20434782608695912
3016-KSVCP,1,0,1,0,29,0,0,33.75,1009.25,0,1,0,0,0,0,0,0,0,0,0,0,0,0,1,0,0,0,0,0,0,1,1,0,34.80172413793103,-1.051724137931032
4767-HZZHQ,1,0,1,1,30,1,0,82.05,2570.2,0,0,0,1,0,0,0,0,1,0,1,0,0,0,0,0,0,0,0,0,0,0,2,0,85.67333333333333,-3.623333333333335
2424-WVHPL,1,1,0,0,1,1,0,74.7,74.7,0,0,0,1,0,0,0,0,0,0,0,0,1,0,0,0,0,0,0,0,1,0,1,1,74.7,0.0
7233-PAHHL,1,0,1,1,66,1,1,84.0,5714.25,0,0,1,0,0,0,1,0,0,0,1,0,1,0,1,0,1,0,1,0,0,1,5,0,86.57954545454545,-2.5795454545454533
6067-NGCEU,0,0,0,0,65,1,1,111.05,7107.0,0,0,1,1,0,0,1,0,1,0,1,0,0,0,1,0,1,0,0,1,0,0,5,0,109.33846153846154,1.7115384615384528
9848-JQJTX,1,0,0,0,72,1,1,100.9,7459.05,0,0,1,1,0,0,0,0,1,0,1,0,0,0,1,0,1,0,1,0,0,0,4,0,103.59791666666666,-2.697916666666657
8637-XJIVR,0,0,0,0,12,1,1,78.95,927.35,1,0,1,1,0,0,1,0,0,0,0,0,0,0,0,0,0,0,0,0,1,0,1,1,77.27916666666667,1.6708333333333343
9803-FTJCG,1,0,1,1,71,1,1,66.85,4748.7,0,0,1,0,0,0,1,0,1,0,0,0,1,0,0,0,0,1,0,1,0,0,3,0,66.8830985915493,-0.0330985915493045
0278-YXOOG,1,0,0,0,5,1,0,21.05,113.85,1,0,0,0,1,1,0,1,0,1,0,1,0,1,0,1,0,0,0,0,0,1,0,1,22.77,-1.7199999999999989
3212-KXOCR,1,0,0,0,52,1,0,21.0,1107.2,0,0,0,0,1,1,0,1,0,1,0,1,0,1,0,1,0,0,1,0,0,0,0,0,21.292307692307695,-0.2923076923076948
4598-XLKNJ,0,1,1,0,25,1,1,98.5,2514.5,1,0,0,1,0,0,0,0,1,0,1,0,0,0,1,0,1,0,0,0,1,0,4,0,100.58,-2.0799999999999983
6380-ARCEH,1,0,0,0,1,1,0,20.2,20.2,0,0,0,0,1,1,0,1,0,1,0,1,0,1,0,1,0,0,0,0,0,1,0,1,20.2,0.0
3679-XASPY,0,0,1,1,1,1,0,19.45,19.45,0,0,0,0,1,1,0,1,0,1,0,1,0,1,0,1,0,0,0,0,1,0,0,1,19.45,0.0
7123-WQUHX,1,0,0,0,38,1,0,95.0,3605.6,0,0,1,1,0,0,0,0,0,0,1,0,1,0,1,0,0,1,0,0,0,0,3,0,94.88421052631578,0.11578947368421666
5386-THSLQ,0,1,1,0,66,0,0,45.55,3027.25,0,1,0,0,0,0,0,0,1,0,1,0,0,0,1,0,0,1,0,0,0,0,3,0,45.86742424242424,-0.31742424242424505
3192-NQECA,1,0,1,0,68,1,1,110.0,7611.85,1,0,1,1,0,0,0,0,1,0,1,0,1,0,1,0,1,0,1,0,0,0,5,0,111.93897058823529,-1.9389705882352928
6180-YBIQI,1,0,0,0,5,0,0,24.3,100.2,0,1,0,0,0,0,0,0,0,0,0,0,0,0,0,0,0,0,0,0,0,1,0,1,20.04,4.260000000000002
6728-DKUCO,0,0,1,1,72,1,1,104.15,7303.05,0,0,1,1,0,0,1,0,1,0,0,0,0,0,1,0,1,1,0,0,1,0,4,0,101.43125,2.71875
9750-BOOHV,0,0,0,0,32,0,0,30.15,927.65,0,1,0,0,0,0,1,0,0,0,0,0,0,0,0,0,0,1,0,0,0,1,1,0,28.9890625,1.1609374999999993
8597-CWYHH,1,0,0,0,43,1,0,94.35,3921.3,0,0,1,1,0,0,0,0,0,0,0,0,0,0,1,0,1,1,0,0,0,1,2,0,91.19302325581396,3.1569767441860392
2848-YXSMW,1,0,1,1,72,1,0,19.4,1363.25,0,0,0,0,1,1,0,1,0,1,0,1,0,1,0,1,0,0,1,1,0,0,0,0,18.93402777777778,0.46597222222222
0486-HECZI,1,0,1,0,55,1,1,96.75,5238.9,1,0,1,1,0,0,1,0,1,0,0,0,0,0,1,0,0,0,0,0,1,0,3,0,95.25272727272727,1.4972727272727298
4549-ZDQYY,0,0,0,0,52,1,0,57.95,3042.25,0,0,0,0,0,0,1,0,0,0,1,0,1,0,0,0,0,1,0,1,0,0,3,0,58.50480769230769,-0.5548076923076906
5712-AHQNN,0,0,0,0,43,1,1,91.65,3954.1,0,0,0,1,0,0,0,0,1,0,1,0,0,0,1,0,0,0,0,0,1,0,3,0,91.95581395348837,-0.30581395348836793
4846-WHAFZ,0,1,1,0,37,1,1,76.5,2868.15,1,0,1,1,0,0,0,0,0,0,0,0,0,0,0,0,0,0,0,0,1,0,0,0,77.51756756756757,-1.0175675675675677
5256-SKJGO,0,0,1,1,64,0,1,54.6,3423.5,0,1,0,0,0,0,0,0,1,0,0,0,1,0,1,0,1,0,1,0,1,0,4,0,53.4921875,1.1078125000000014
3071-VBYPO,1,0,1,1,3,1,0,89.85,248.4,0,0,0,1,0,0,1,0,1,0,0,0,0,0,1,0,0,0,0,0,1,0,3,1,82.8,7.049999999999997
9560-BBZXK,0,0,0,0,36,0,0,31.05,1126.35,0,1,0,0,0,0,1,0,0,0,0,0,0,0,0,0,0,0,1,0,0,0,1,0,31.287499999999998,-0.23749999999999716
5299-RULOA,0,0,1,1,10,1,1,100.25,1064.65,1,0,1,1,0,0,1,0,0,0,0,0,0,0,1,0,1,0,0,0,1,0,3,1,106.465,-6.215000000000003
8402-OOOHJ,0,0,0,0,41,1,0,20.65,835.15,0,0,0,0,1,1,0,1,0,1,0,1,0,1,0,1,0,0,1,0,0,1,0,0,20.36951219512195,0.2804878048780495
9445-ZUEQE,1,0,1,1,27,1,1,85.2,2151.6,0,0,1,1,0,0,0,0,1,0,0,0,1,0,0,0,0,0,0,1,0,0,2,0,79.68888888888888,5.51111111111112
1091-SOZGA,0,0,1,1,56,1,1,99.8,5515.45,0,0,1,1,0,0,0,0,0,0,1,0,0,0,1,0,1,1,0,1,0,0,3,0,98.49017857142857,1.309821428571425
2928-HLDBA,0,0,0,0,6,1,0,20.7,112.75,0,0,0,0,1,1,0,1,0,1,0,1,0,1,0,1,0,0,0,0,0,1,0,1,18.791666666666668,1.9083333333333314
0404-SWRVG,1,0,0,0,3,1,1,74.4,229.55,1,0,1,1,0,0,0,0,0,0,0,0,0,0,0,0,0,0,0,0,1,0,0,1,76.51666666666667,-2.11666666666666
6497-TILVL,0,0,1,1,7,1,0,50.7,350.35,0,0,0,0,0,0,1,0,0,0,0,0,0,0,0,0,0,0,0,0,0,1,1,1,50.050000000000004,0.6499999999999986
7219-TLZHO,0,0,1,1,4,1,0,20.85,62.9,0,0,0,0,1,1,0,1,0,1,0,1,0,1,0,1,0,0,0,0,0,1,0,1,15.725,5.125000000000002
4622-YNKIJ,1,0,0,0,33,1,1,88.95,3027.65,0,0,0,1,0,0,1,0,0,0,0,0,1,0,1,0,0,0,1,0,1,0,3,0,91.7469696969697,-2.796969696969697
4412-YLTKF,0,1,0,0,27,1,1,78.05,2135.5,1,0,1,1,0,0,0,0,0,0,1,0,0,0,0,0,0,0,0,0,1,0,1,0,79.0925925925926,-1.042592592592598
6734-PSBAW,1,0,1,0,72,1,1,23.55,1723.95,0,0,1,0,1,1,0,1,0,1,0,1,0,1,0,1,0,0,1,0,0,0,0,0,23.94375,-0.3937500000000007
3930-ZGWVE,1,0,0,0,1,1,0,19.75,19.75,0,0,0,0,1,1,0,1,0,1,0,1,0,1,0,1,0,0,0,0,0,1,0,1,19.75,0.0
2639-UGMAZ,1,1,0,0,71,0,1,56.45,3985.35,0,1,0,0,0,0,1,0,1,0,0,0,0,0,1,0,1,1,0,0,1,0,4,0,56.131690140845066,0.3183098591549367
2876-GZYZC,0,0,0,0,13,1,1,85.95,1215.65,0,0,1,1,0,0,0,0,0,0,0,0,0,0,0,0,1,0,0,0,1,0,1,0,93.51153846153846,-7.561538461538461
6207-WIOLX,0,0,1,1,25,0,1,58.6,1502.65,1,1,0,0,0,0,1,0,1,0,1,0,0,0,1,0,1,0,0,1,0,0,5,0,60.106,-1.5060000000000002
8587-XYZSF,1,0,0,0,67,1,0,50.55,3260.1,0,0,0,0,0,0,0,0,0,0,0,0,1,0,0,0,0,0,1,0,0,0,1,0,48.65820895522388,1.8917910447761201
3091-FYHKI,1,0,0,0,1,0,1,35.45,35.45,1,1,0,0,0,0,0,0,0,0,0,0,0,0,0,0,1,0,0,0,1,0,1,1,35.45,0.0
2372-HWUHI,1,0,0,0,2,1,0,44.35,81.25,1,0,0,0,0,0,0,0,0,0,0,0,0,0,0,0,0,0,0,0,1,0,0,1,40.625,3.7250000000000014
7799-LGRDP,0,0,0,0,43,1,1,25.7,1188.2,0,0,1,0,1,1,0,1,0,1,0,1,0,1,0,1,0,0,1,1,0,0,0,0,27.632558139534886,-1.932558139534887
7850-VWJUU,0,0,0,0,23,1,1,75.0,1778.5,0,0,0,1,0,0,1,0,0,0,0,0,0,0,0,0,0,0,0,0,0,0,1,0,77.32608695652173,-2.326086956521735
3774-VBNXY,0,0,1,1,64,1,0,20.2,1277.75,0,0,0,0,1,1,0,1,0,1,0,1,0,1,0,1,0,0,1,0,0,1,0,0,19.96484375,0.2351562499999993
6217-KDYWC,1,0,0,1,57,1,1,19.6,1170.55,0,0,0,0,1,1,0,1,0,1,0,1,0,1,0,1,0,0,1,0,0,1,0,0,20.5359649122807,-0.9359649122806992
0390-DCFDQ,0,1,1,0,1,1,1,70.45,70.45,1,0,0,1,0,0,0,0,0,0,0,0,0,0,0,0,0,0,0,0,0,1,0,1,70.45,0.0
3146-MSEGF,0,1,1,1,72,1,1,88.05,6425.65,0,0,1,0,0,0,1,0,1,0,1,0,1,0,1,0,1,0,1,1,0,0,6,0,89.24513888888889,-1.1951388888888914
4080-OGPJL,0,0,0,0,8,1,0,71.15,563.65,1,0,1,0,0,0,1,0,0,0,0,0,1,0,0,0,1,0,0,0,1,0,3,1,70.45625,0.6937500000000085
1095-WGNGG,0,0,1,0,61,1,1,101.05,5971.25,0,0,1,1,0,0,0,0,1,0,0,0,0,0,1,0,1,0,1,0,0,0,3,0,97.88934426229508,3.1606557377049143
2636-SJDOU,1,0,0,0,64,1,1,84.3,5289.05,0,0,1,1,0,0,1,0,1,0,0,0,0,0,0,0,0,1,0,1,0,0,2,0,82.64140625,1.6585937499999943
1131-QQZEB,1,1,1,0,71,1,0,23.95,1756.2,0,0,1,0,1,1,0,1,0,1,0,1,0,1,0,1,0,0,1,0,0,0,0,0,24.735211267605635,-0.7852112676056358
5716-EZXZN,0,0,1,1,65,1,1,99.05,6416.7,0,0,1,1,0,0,1,0,1,0,0,0,1,0,1,0,0,0,1,1,0,0,4,0,98.71846153846154,0.33153846153845734
6837-BJYDQ,1,0,0,0,3,1,0,19.6,61.35,0,0,0,0,1,1,0,1,0,1,0,1,0,1,0,1,0,1,0,0,0,1,0,1,20.45,-0.8499999999999979
2135-RXIHG,1,0,0,0,1,1,1,45.65,45.65,1,0,0,0,0,0,0,0,0,0,0,0,0,0,0,0,0,0,0,0,1,0,0,1,45.65,0.0
6440-DKQGE,1,0,0,1,30,1,0,64.5,1929.95,0,0,0,0,0,0,0,0,1,0,1,0,0,0,1,0,0,1,0,1,0,0,3,0,64.33166666666666,0.16833333333333655
3466-BYAVD,1,0,1,1,15,1,1,69.5,1071.4,0,0,0,0,0,0,0,0,1,0,1,0,1,0,0,0,1,0,0,0,0,1,4,0,71.42666666666668,-1.9266666666666765
3780-YVMFA,0,0,1,1,8,1,1,68.55,564.35,0,0,0,0,0,0,0,0,0,0,0,0,1,0,1,0,1,0,0,0,1,0,3,1,70.54375,-1.9937500000000057
3874-EQOEP,1,0,0,0,7,1,0,95.0,655.5,1,0,1,1,0,0,0,0,0,0,0,0,0,0,1,0,1,0,0,0,0,1,2,1,93.64285714285714,1.3571428571428612
1679-JRFBR,0,0,1,1,70,1,1,108.15,7930.55,0,0,1,1,0,0,1,0,1,0,1,0,0,0,1,0,1,1,0,1,0,0,5,0,113.29357142857143,-5.14357142857142
9073-ZZIAY,1,0,1,1,62,1,0,86.1,5215.25,0,0,0,0,0,0,1,0,1,0,1,0,1,0,1,0,1,0,1,0,1,0,6,0,84.11693548387096,1.9830645161290334
3077-RSNTJ,0,0,1,1,6,1,0,19.7,113.5,0,0,0,0,1,1,0,1,0,1,0,1,0,1,0,1,0,0,0,0,0,1,0,1,18.916666666666668,0.7833333333333314
6551-GNYDG,0,0,1,1,14,1,1,80.9,1152.8,0,0,0,1,0,0,0,0,0,0,0,0,0,0,0,0,1,0,0,0,0,0,1,0,82.34285714285714,-1.442857142857136
9167-APMXZ,0,0,0,0,22,1,1,84.15,1821.95,0,0,1,1,0,0,0,0,0,0,0,0,0,0,1,0,0,0,0,0,0,0,1,0,82.81590909090909,1.3340909090909179
2749-CTKAJ,1,0,1,1,22,1,0,20.15,419.9,0,0,0,0,1,1,0,1,0,1,0,1,0,1,0,1,0,1,0,0,0,1,0,0,19.086363636363636,1.0636363636363626
6371-NZYEG,1,0,1,1,16,1,0,64.25,1024.0,0,0,0,0,0,0,1,0,0,0,1,0,0,0,1,0,0,0,1,0,0,1,3,0,64.0,0.25
7554-NEWDD,1,0,0,0,10,1,0,25.7,251.6,0,0,1,0,1,1,0,1,0,1,0,1,0,1,0,1,0,0,1,0,0,0,0,1,25.16,0.5399999999999991
8992-VONJD,0,0,0,1,13,1,1,56.0,764.55,0,0,0,0,0,0,1,0,1,0,0,0,0,0,0,0,0,0,0,0,1,0,2,0,58.81153846153846,-2.8115384615384613
0867-MKZVY,0,0,1,0,20,1,0,82.4,1592.35,1,0,1,1,0,0,1,0,0,0,0,0,0,0,0,0,0,0,0,0,1,0,1,0,79.61749999999999,2.782500000000013
4482-EWFMI,0,0,0,0,2,1,1,69.7,135.2,0,0,0,1,0,0,0,0,0,0,0,0,0,0,0,0,0,0,0,0,1,0,0,1,67.6,2.1000000000000085
4648-YPBTM,1,0,0,0,53,1,1,73.9,3958.25,0,0,1,0,0,0,0,0,1,0,1,0,1,0,0,0,1,0,1,0,0,0,4,0,74.68396226415095,-0.7839622641509436
2907-ILJBN,0,0,1,1,11,1,0,20.6,233.9,0,0,0,0,1,1,0,1,0,1,0,1,0,1,0,1,0,1,0,0,0,1,0,1,21.263636363636365,-0.663636363636364
6345-FZOQH,1,0,1,0,69,1,0,19.9,1363.45,0,0,0,0,1,1,0,1,0,1,0,1,0,1,0,1,0,0,1,0,0,1,0,0,19.76014492753623,0.13985507246376727
3376-BMGFE,0,0,0,0,4,1,1,70.9,273.0,1,0,0,1,0,0,0,0,0,0,0,0,0,0,0,0,0,0,0,0,0,0,0,1,68.25,2.6500000000000057
5997-OPVFA,1,0,1,0,72,1,1,89.05,6254.45,0,0,1,0,0,0,1,0,1,0,1,0,1,0,1,0,1,0,1,0,0,0,6,0,86.86736111111111,2.1826388888888886
3445-HXXGF,1,1,1,0,58,0,1,45.3,2651.2,1,1,0,0,0,0,0,0,1,0,1,0,0,0,0,0,1,0,0,0,1,0,3,0,45.710344827586205,-0.4103448275862078
1159-WFSGR,0,0,1,1,16,1,0,20.4,321.4,0,0,0,0,1,1,0,1,0,1,0,1,0,1,0,1,0,0,0,0,1,0,0,0,20.0875,0.3125
7654-YWJUF,1,0,1,0,43,1,1,84.25,3539.25,0,0,0,1,0,0,1,0,0,0,1,0,1,0,0,0,0,1,0,0,0,0,3,0,82.30813953488372,1.941860465116278
1875-QIVME,0,0,1,0,2,1,1,104.4,242.8,1,0,1,1,0,0,0,0,0,0,1,0,1,0,1,0,1,0,0,0,1,0,4,1,121.4,-17.0
6727-IOTLZ,1,0,1,0,14,1,0,81.95,1181.75,0,0,0,0,0,0,0,0,1,0,1,0,1,0,1,0,1,0,1,0,0,1,5,0,84.41071428571429,-2.460714285714289
0691-JVSYA,0,0,1,0,53,1,1,94.85,5000.2,1,0,0,1,0,0,0,0,0,0,1,0,0,0,1,0,1,1,0,0,0,0,3,0,94.3433962264151,0.5066037735848994
5918-VUKWP,0,0,0,0,32,1,0,20.55,654.55,0,0,0,0,1,1,0,1,0,1,0,1,0,1,0,1,0,1,0,0,0,0,0,0,20.4546875,0.09531250000000213
1744-JHKYS,0,0,1,0,34,1,0,24.7,780.2,0,0,1,0,1,1,0,1,0,1,0,1,0,1,0,1,0,0,0,0,1,0,0,0,22.947058823529414,1.7529411764705856
2656-FMOKZ,0,1,0,0,15,1,1,74.45,1145.7,1,0,1,1,0,0,0,0,0,0,0,0,0,0,0,0,0,0,0,0,0,1,0,0,76.38000000000001,-1.9300000000000068
2070-FNEXE,0,1,0,0,7,1,0,76.45,503.6,1,0,0,1,0,0,1,0,0,0,0,0,0,0,0,0,0,0,0,0,0,0,1,1,71.94285714285715,4.507142857142853
5947-SGKCL,0,0,1,1,15,1,1,105.35,1559.25,0,0,1,1,0,0,0,0,1,0,1,0,0,0,1,0,1,0,0,0,0,0,4,0,103.95,1.3999999999999915
3712-PKXZA,1,0,1,0,61,1,1,20.55,1252.0,0,0,0,0,1,1,0,1,0,1,0,1,0,1,0,1,0,1,0,1,0,0,0,0,20.524590163934427,0.0254098360655739
6317-YPKDH,0,0,0,0,1,0,0,29.95,29.95,1,1,0,0,0,0,0,0,1,0,0,0,0,0,0,0,0,0,0,0,0,0,1,1,29.95,0.0
6582-OIVSP,0,0,0,0,1,1,0,45.3,45.3,0,0,0,0,0,0,0,0,0,0,0,0,0,0,0,0,0,0,0,0,0,1,0,1,45.3,0.0
9367-WXLCH,1,0,0,0,8,1,0,84.5,662.65,1,0,1,1,0,0,0,0,0,0,0,0,0,0,0,0,1,0,0,0,0,0,1,1,82.83125,1.6687500000000028
5524-KHNJP,1,0,1,1,33,1,0,74.75,2453.3,0,0,0,0,0,0,1,0,0,0,1,0,0,0,1,0,1,1,0,1,0,0,4,0,74.34242424242424,0.40757575757575637
1918-ZBFQJ,0,0,0,0,13,1,1,79.25,1111.65,1,0,0,1,0,0,0,0,1,0,1,0,0,0,0,0,0,0,0,0,1,0,2,0,85.51153846153846,-6.261538461538464
1024-GUALD,0,0,1,0,1,0,1,24.8,24.8,1,1,0,0,0,0,0,0,0,0,0,0,0,0,0,0,0,0,0,0,1,0,0,1,24.8,0.0
4827-USJHP,1,0,0,0,20,1,1,51.8,1023.85,0,0,0,0,0,0,0,0,1,0,0,0,0,0,0,0,0,0,0,0,0,1,1,0,51.1925,0.6074999999999946
8167-GJLRN,1,0,0,0,3,0,0,30.4,82.15,0,1,0,0,0,0,0,0,0,0,0,0,1,0,0,0,0,0,0,0,1,0,1,1,27.383333333333336,3.016666666666662
0956-SYCWG,0,0,0,0,13,1,0,19.65,244.8,0,0,0,0,1,1,0,1,0,1,0,1,0,1,0,1,0,1,0,0,1,0,0,0,18.83076923076923,0.8192307692307672
8017-UVSZU,0,0,1,0,40,1,0,56.6,2379.1,0,0,1,0,0,0,0,0,1,0,0,0,0,0,0,0,0,0,0,1,0,0,1,0,59.4775,-2.8774999999999977
7100-FQPRV,1,0,1,1,43,1,1,71.9,3173.35,0,0,1,0,0,0,1,0,0,0,0,0,1,0,0,0,1,1,0,1,0,0,3,0,73.79883720930232,-1.8988372093023145
2472-OVKUP,1,0,1,0,6,1,1,91.0,531.0,1,0,0,1,0,0,0,0,1,0,1,0,0,0,0,0,1,0,0,0,1,0,3,1,88.5,2.5
2984-RGEYA,0,0,1,1,69,1,0,19.75,1375.4,0,0,0,0,1,1,0,1,0,1,0,1,0,1,0,1,0,0,1,0,0,0,0,0,19.933333333333334,-0.18333333333333357
9680-NIAUV,0,0,1,1,72,1,0,109.7,8129.3,0,0,1,1,0,0,1,0,1,0,1,0,0,0,1,0,1,0,1,1,0,0,5,0,112.90694444444445,-3.2069444444444457
2146-EGVDT,1,0,1,1,59,1,0,19.3,1192.7,0,0,0,0,1,1,0,1,0,1,0,1,0,1,0,1,0,0,1,1,0,0,0,0,20.215254237288136,-0.9152542372881349
2604-IJPDU,0,0,1,0,20,1,1,96.55,1901.65,0,0,0,1,0,0,1,0,1,0,0,0,1,0,1,0,0,0,0,0,1,0,4,0,95.08250000000001,1.467499999999987
9178-JHUVJ,1,0,1,1,24,1,1,24.1,587.4,0,0,1,0,1,1,0,1,0,1,0,1,0,1,0,1,0,0,1,0,0,0,0,0,24.474999999999998,-0.37499999999999645
6168-YBYNP,1,0,0,0,59,1,1,111.35,6519.75,0,0,1,1,0,0,0,0,1,0,1,0,1,0,1,0,1,0,0,0,1,0,5,0,110.5042372881356,0.8457627118643956
7255-SSFBC,1,0,1,1,72,1,1,112.25,8041.65,0,0,1,1,0,0,0,0,1,0,1,0,1,0,1,0,1,0,1,0,0,0,5,0,111.68958333333333,0.5604166666666686
3645-DEYGF,1,0,0,1,1,1,0,20.75,20.75,0,0,0,0,1,1,0,1,0,1,0,1,0,1,0,1,0,0,0,0,0,1,0,1,20.75,0.0
9323-HGFWY,0,0,1,0,27,1,1,101.9,2681.15,0,0,0,1,0,0,1,0,0,0,0,0,1,0,1,0,1,1,0,1,0,0,4,0,99.30185185185185,2.598148148148155
8544-GOQSH,0,0,0,0,14,1,1,80.05,1112.3,0,0,0,1,0,0,0,0,1,0,0,0,1,0,0,0,0,0,0,1,0,0,2,0,79.45,0.5999999999999943
3363-DTIVD,1,0,1,1,71,1,0,105.55,7405.5,0,0,1,1,0,0,1,0,0,0,1,0,0,0,1,0,1,0,1,0,1,0,4,0,104.30281690140845,1.2471830985915489
7018-WBJNK,1,0,0,1,13,1,1,78.3,1033.95,0,0,0,1,0,0,0,0,0,0,0,0,0,0,1,0,0,0,0,1,0,0,1,0,79.53461538461539,-1.2346153846153953
9142-KZXOP,1,0,0,0,44,1,0,68.85,2958.95,0,0,0,1,0,0,0,0,0,0,0,0,0,0,0,0,0,0,0,1,0,0,0,0,67.24886363636364,1.601136363636357
7674-YTAFD,0,0,0,0,33,1,1,79.95,2684.85,0,0,0,1,0,0,0,0,1,0,0,0,1,0,0,0,0,1,0,0,0,0,2,0,81.35909090909091,-1.4090909090909065
6348-SNFUS,1,0,1,1,72,0,1,55.45,4179.2,0,1,0,0,0,0,1,0,1,0,1,0,1,0,0,0,1,0,1,1,0,0,5,0,58.044444444444444,-2.5944444444444414
1285-OKIPP,1,0,0,0,1,1,0,79.9,79.9,1,0,0,1,0,0,0,0,0,0,0,0,0,0,0,0,1,0,0,0,1,0,1,1,79.9,0.0
7825-ECJRF,0,0,0,0,19,1,1,106.6,1934.45,1,0,0,1,0,0,1,0,0,0,1,0,1,0,1,0,1,0,0,0,1,0,5,0,101.81315789473685,4.786842105263148
1347-KTTTA,1,0,1,0,64,1,1,102.45,6654.1,0,0,0,1,0,0,0,0,1,0,1,0,1,0,1,0,1,1,0,1,0,0,5,0,103.9703125,-1.5203125000000028
7841-TZDMQ,1,0,0,0,2,1,1,46.0,84.5,1,0,0,0,0,0,0,0,0,0,0,0,0,0,0,0,0,0,0,1,0,0,0,1,42.25,3.75
4195-NZGTA,0,0,0,0,1,0,0,25.25,25.25,0,1,0,0,0,0,0,0,0,0,0,0,0,0,0,0,0,0,0,0,1,0,0,1,25.25,0.0
7157-SMCFK,1,0,0,1,61,1,0,19.75,1124.2,0,0,0,0,1,1,0,1,0,1,0,1,0,1,0,1,0,0,1,0,0,1,0,0,18.42950819672131,1.3204918032786885
4709-LKHYG,0,0,1,1,29,1,0,20.0,540.05,0,0,0,0,1,1,0,1,0,1,0,1,0,1,0,1,0,1,0,0,1,0,0,0,18.622413793103448,1.3775862068965523
2504-DSHIH,1,1,1,0,23,1,0,86.8,1975.85,0,0,1,1,0,0,0,0,0,0,0,0,0,0,0,0,1,0,0,0,1,0,1,0,85.90652173913043,0.8934782608695713
0699-NDKJM,0,0,1,0,57,0,1,58.75,3437.45,0,1,0,0,0,0,1,0,1,0,1,0,0,0,1,0,1,0,0,0,0,0,5,0,60.30614035087719,-1.5561403508771932
9286-BHDQG,1,0,1,1,72,0,0,45.25,3139.8,0,1,0,0,0,0,1,0,1,0,1,0,1,0,0,0,0,0,1,1,0,0,4,0,43.608333333333334,1.6416666666666657
0230-WEQUW,1,0,1,0,66,0,1,56.6,3789.2,0,1,0,0,0,0,1,0,1,0,1,0,1,0,1,0,0,0,1,0,0,0,5,0,57.41212121212121,-0.8121212121212054
2040-LDIWQ,1,0,1,1,65,1,1,84.2,5324.5,0,0,1,0,0,0,0,0,1,0,1,0,1,0,1,0,1,0,1,0,0,0,5,0,81.91538461538461,2.2846153846153925
6496-JDSSB,0,0,0,0,8,1,1,80.0,624.6,0,0,0,1,0,0,0,0,0,0,0,0,0,0,1,0,0,0,0,0,0,0,1,1,78.075,1.9249999999999972
9408-SSNVZ,0,0,0,0,4,1,1,70.15,268.35,1,0,0,1,0,0,0,0,0,0,0,0,0,0,0,0,0,0,0,0,1,0,0,1,67.0875,3.0625
4443-EMBNA,0,0,1,0,71,1,0,24.75,1836.9,0,0,1,0,1,1,0,1,0,1,0,1,0,1,0,1,0,0,1,0,0,0,0,0,25.871830985915494,-1.1218309859154942
6469-MRVET,1,0,1,1,1,1,1,20.2,20.2,0,0,0,0,1,1,0,1,0,1,0,1,0,1,0,1,0,1,0,0,1,0,0,1,20.2,0.0
0742-MOABM,1,0,1,0,4,1,0,50.05,179.35,1,0,0,0,0,0,0,0,0,0,0,0,1,0,0,0,0,0,0,0,0,1,1,1,44.8375,5.212499999999999
5961-VUSRV,0,0,0,0,12,1,1,19.35,219.35,0,0,0,0,1,1,0,1,0,1,0,1,0,1,0,1,0,1,0,0,0,0,0,1,18.279166666666665,1.0708333333333364
6778-JFCMK,1,0,0,0,24,0,1,50.6,1288.75,0,1,0,0,0,0,1,0,0,0,0,0,0,0,1,0,1,1,0,0,0,1,3,0,53.697916666666664,-3.097916666666663
6341-JVQGF,0,0,1,1,31,1,1,81.15,2545.75,0,0,0,0,0,0,1,0,0,0,1,0,1,0,1,0,1,1,0,0,0,1,5,0,82.12096774193549,-0.9709677419354819
2232-DMLXU,0,0,1,0,1,1,0,55.2,55.2,1,0,0,0,0,0,0,0,0,0,0,0,0,0,1,0,0,0,0,0,0,1,1,1,55.2,0.0
4811-JBUVU,1,0,0,0,30,1,1,89.9,2723.15,0,0,1,1,0,0,0,0,0,0,0,0,1,0,0,0,1,0,0,1,0,0,2,0,90.77166666666668,-0.8716666666666697
0945-TSONX,0,0,1,1,47,1,1,85.3,4107.25,0,0,1,0,0,0,1,0,1,0,0,0,1,0,1,0,1,0,1,1,0,0,5,0,87.38829787234043,-2.0882978723404335
2651-ZCBXV,1,0,0,0,54,1,1,108.0,5760.65,0,0,1,1,0,0,1,0,1,0,0,0,1,0,1,0,1,0,1,1,0,0,5,0,106.6787037037037,1.3212962962962962
3316-UWXUY,1,0,0,0,50,1,1,93.5,4747.5,0,0,0,1,0,0,1,0,1,0,0,0,1,0,0,0,1,0,0,1,0,0,4,0,94.95,-1.4500000000000028
8937-RDTHP,1,0,0,0,1,1,1,84.6,84.6,1,0,0,1,0,0,1,0,0,0,0,0,0,0,0,0,1,0,0,0,0,1,2,1,84.6,0.0
7083-MIOPC,0,0,0,0,72,1,0,20.25,1566.9,0,0,0,0,1,1,0,1,0,1,0,1,0,1,0,1,0,0,1,1,0,0,0,0,21.762500000000003,-1.5125000000000028
1984-GPTEH,0,0,0,0,29,1,0,25.15,702.0,0,0,1,0,1,1,0,1,0,1,0,1,0,1,0,1,0,0,0,0,1,0,0,0,24.20689655172414,0.9431034482758598
1251-KRREG,1,0,0,0,2,1,1,54.4,114.1,1,0,1,0,0,0,0,0,1,0,0,0,0,0,0,0,0,0,0,0,0,1,1,1,57.05,-2.6499999999999986
0621-JFHOL,0,0,0,0,10,0,1,29.6,299.05,0,1,0,0,0,0,0,0,0,0,0,0,1,0,0,0,0,0,1,0,0,1,1,1,29.905,-0.3049999999999997
9903-LYSAB,1,0,1,0,18,1,1,73.15,1305.95,0,0,1,1,0,0,0,0,0,0,0,0,0,0,0,0,0,0,0,0,1,0,0,0,72.55277777777778,0.5972222222222285
0094-OIFMO,0,1,0,0,11,1,1,95.0,1120.3,1,0,0,1,0,0,0,0,1,0,0,0,0,0,1,0,1,0,0,0,1,0,3,1,101.84545454545454,-6.845454545454544
9227-UAQFT,1,0,0,0,16,1,0,19.75,284.35,0,0,0,0,1,1,0,1,0,1,0,1,0,1,0,1,0,0,1,0,0,1,0,0,17.771875,1.9781249999999986
7301-ABVAD,0,0,0,0,72,1,0,86.6,6350.5,0,0,1,0,0,0,0,0,1,0,1,0,1,0,1,0,1,0,1,0,0,0,5,0,88.20138888888889,-1.6013888888888914
6614-FHDBO,1,0,0,0,72,1,0,109.2,7878.3,0,0,1,1,0,0,0,0,1,0,1,0,1,0,1,0,1,0,1,0,0,0,5,0,109.42083333333333,-0.22083333333333144
7576-ASEJU,0,0,1,1,41,1,1,74.7,3187.65,0,0,0,0,0,0,1,0,0,0,0,0,1,0,1,0,1,1,0,1,0,0,4,0,77.74756097560976,-3.0475609756097555
9058-HRZSV,0,1,1,0,65,1,0,94.4,6126.15,0,0,0,1,0,0,1,0,1,0,1,0,0,0,0,0,1,0,0,0,1,0,4,0,94.24846153846153,0.15153846153847894
4522-AKYLR,0,1,0,0,13,1,1,54.8,731.3,0,0,0,0,0,0,0,0,1,0,1,0,0,0,0,0,0,0,0,0,1,0,2,0,56.25384615384615,-1.4538461538461505
0221-WMXNQ,1,1,0,0,4,1,0,75.35,273.4,0,0,0,1,0,0,1,0,0,0,0,0,0,0,0,0,0,0,0,0,1,0,1,1,68.35,7.0
0303-UNCIP,1,0,0,0,41,1,0,65.0,2531.8,0,0,1,0,0,0,0,0,0,0,1,0,0,0,0,0,1,1,0,0,0,1,2,0,61.75121951219513,3.248780487804872
9947-OTFQU,1,1,0,0,15,1,1,74.4,1074.3,1,0,0,1,0,0,0,0,1,0,0,0,0,0,0,0,0,0,0,0,1,0,1,0,71.61999999999999,2.7800000000000153
0322-YINQP,1,0,0,0,1,1,1,48.55,48.55,1,0,0,0,0,0,1,0,0,0,0,0,0,0,0,0,0,0,0,0,0,1,1,1,48.55,0.0
0959-WHOKV,1,0,0,0,42,1,1,99.0,4298.45,0,0,1,1,0,0,1,0,1,0,1,0,0,0,0,0,1,1,0,0,1,0,4,0,102.34404761904761,-3.3440476190476147
4075-JFPGR,0,0,1,0,51,1,1,93.5,4619.55,0,0,0,1,0,0,1,0,1,0,1,0,0,0,1,0,0,1,0,0,1,0,4,0,90.57941176470588,2.920588235294119
4629-NRXKX,0,0,1,1,2,1,0,70.4,147.15,1,0,0,1,0,0,0,0,0,0,0,0,0,0,0,0,0,0,0,0,1,0,0,1,73.575,-3.174999999999997
9514-JDSKI,1,1,1,0,1,0,0,40.2,40.2,1,1,0,0,0,0,0,0,1,0,0,0,0,0,1,0,0,0,0,0,1,0,2,1,40.2,0.0
3282-ZISZV,1,0,0,1,32,1,0,83.7,2633.3,0,0,1,0,0,0,0,0,1,0,1,0,1,0,1,0,1,1,0,1,0,0,5,0,82.290625,1.4093749999999972
3675-YDUPJ,1,0,0,0,10,1,1,19.85,193.05,0,0,0,0,1,1,0,1,0,1,0,1,0,1,0,1,0,0,0,0,0,1,0,1,19.305,0.5450000000000017
4111-BNXIF,0,0,1,1,67,0,1,59.55,4103.9,0,1,0,0,0,0,0,0,1,0,1,0,1,0,1,0,1,0,1,0,1,0,5,0,61.252238805970144,-1.702238805970147
7017-VFHAY,0,0,1,1,61,1,0,115.1,7008.15,0,0,1,1,0,0,1,0,1,0,1,0,1,0,1,0,1,0,1,1,0,0,6,0,114.88770491803278,0.2122950819672127
6655-LHBYW,1,0,0,0,50,1,0,114.35,5791.1,0,0,1,1,0,0,1,0,1,0,1,0,1,0,1,0,1,1,0,1,0,0,6,0,115.822,-1.4720000000000084
4959-JOSRX,0,0,1,0,2,1,1,44.6,80.55,1,0,0,0,0,0,0,0,0,0,0,0,0,0,0,0,0,0,0,1,0,0,0,1,40.275,4.325000000000003
5046-NUHWD,0,1,1,0,29,0,1,45.0,1228.65,0,1,0,0,0,0,1,0,0,0,1,0,0,0,0,0,1,0,0,0,1,0,3,0,42.36724137931035,2.63275862068965
7273-TEFQD,1,1,0,0,3,0,1,41.15,132.2,1,1,0,0,0,0,0,0,0,0,1,0,0,0,0,0,1,0,0,0,1,0,2,1,44.06666666666666,-2.9166666666666643
3606-TWKGI,1,1,0,0,13,1,1,106.9,1364.3,1,0,1,1,0,0,0,0,1,0,1,0,0,0,1,0,1,0,0,0,1,0,4,0,104.94615384615385,1.9538461538461576
7529-ZDFXI,1,1,1,0,57,1,1,89.85,4925.35,0,0,1,1,0,0,0,0,1,0,0,0,0,0,0,0,1,0,0,0,1,0,2,0,86.40964912280702,3.4403508771929694
7605-BDWDC,0,0,0,0,31,0,1,49.85,1520.1,0,1,0,0,0,0,1,0,1,0,0,0,1,0,0,0,1,0,1,0,0,0,4,0,49.03548387096774,0.8145161290322633
1950-KSVVJ,0,0,1,0,45,1,0,113.3,5032.25,0,0,1,1,0,0,1,0,1,0,1,0,1,0,1,0,1,1,0,0,0,1,6,0,111.82777777777778,1.4722222222222143
0123-CRBRT,0,0,1,1,61,1,0,88.1,5526.75,0,0,1,0,0,0,1,0,1,0,1,0,1,0,1,0,1,0,1,0,0,1,6,0,90.60245901639344,-2.502459016393445
6292-TOSSS,1,0,0,0,50,1,0,24.9,1195.25,0,0,1,0,1,1,0,1,0,1,0,1,0,1,0,1,0,0,1,0,0,0,0,0,23.905,0.9949999999999974
3197-ARFOY,0,1,0,0,19,1,1,105.0,2007.25,0,0,0,1,0,0,1,0,1,0,0,0,1,0,1,0,1,0,0,0,0,1,5,0,105.64473684210526,-0.6447368421052602
6323-AYBRX,1,0,0,0,59,1,0,19.35,1099.6,1,0,0,0,1,1,0,1,0,1,0,1,0,1,0,1,0,0,1,0,0,1,0,0,18.63728813559322,0.7127118644067814
7014-ZZXAW,0,0,1,0,71,1,1,24.25,1732.95,0,0,1,0,1,1,0,1,0,1,0,1,0,1,0,1,0,0,1,1,0,0,0,0,24.40774647887324,-0.15774647887323923
4385-GZQXV,0,1,0,0,16,1,1,94.45,1511.2,1,0,0,1,0,0,0,0,0,0,0,0,1,0,1,0,1,0,0,0,1,0,3,0,94.45,0.0
7633-MVPUY,1,0,1,0,57,1,1,59.75,3450.15,0,0,0,0,0,0,1,0,1,0,0,0,1,0,0,0,0,0,1,0,1,0,3,0,60.52894736842106,-0.7789473684210577
6366-ZGQGL,1,0,0,0,1,0,0,24.8,24.8,1,1,0,0,0,0,0,0,0,0,0,0,0,0,0,0,0,0,0,0,0,0,0,1,24.8,0.0
4716-HHKQH,1,1,1,0,20,1,0,107.05,2172.05,0,0,1,1,0,0,0,0,1,0,0,0,1,0,1,0,1,0,0,0,1,0,4,0,108.6025,-1.552500000000009
5940-AHUHD,1,0,0,0,1,1,0,70.6,70.6,1,0,0,1,0,0,0,0,0,0,0,0,0,0,0,0,0,0,0,0,0,1,0,1,70.6,0.0
6432-TWQLB,1,0,1,0,5,1,1,85.4,401.1,1,0,1,1,0,0,0,0,1,0,0,0,1,0,0,0,0,0,0,0,1,0,2,1,80.22,5.180000000000007
4484-GLZOU,0,0,1,0,52,1,1,105.05,5624.85,1,0,1,1,0,0,0,0,1,0,1,0,0,0,1,0,1,0,0,0,1,0,4,0,108.17019230769232,-3.120192307692321
3179-GBRWV,1,1,1,0,21,1,1,64.95,1339.8,0,0,0,0,0,0,1,0,1,0,0,0,0,0,0,0,1,0,0,0,0,0,3,0,63.8,1.1500000000000057
8645-KWHJO,1,0,0,0,14,0,1,55.0,771.95,0,1,0,0,0,0,0,0,0,0,1,0,1,0,1,0,1,0,0,0,1,0,4,0,55.13928571428572,-0.13928571428571956
4130-MZLCC,0,0,0,0,5,1,0,50.55,244.75,0,0,0,0,0,0,0,0,1,0,0,0,0,0,0,0,0,0,0,0,0,0,1,1,48.95,1.5999999999999943
0314-TKOSI,0,0,0,0,6,1,0,55.15,322.9,0,0,0,0,0,0,1,0,1,0,0,0,0,0,0,0,0,0,0,0,0,1,2,1,53.81666666666666,1.3333333333333357
8229-MYEJZ,0,0,0,0,10,1,0,51.2,498.25,0,0,0,0,0,0,0,0,1,0,0,0,0,0,0,0,0,0,0,0,1,0,1,1,49.825,1.375
2080-SRCDE,0,0,0,1,1,1,0,25.4,25.4,0,0,1,0,1,1,0,1,0,1,0,1,0,1,0,1,0,0,0,0,0,1,0,1,25.4,0.0
9577-WJVCQ,0,0,0,0,68,1,0,54.45,3687.75,0,0,1,0,0,0,1,0,0,0,0,0,0,0,0,0,0,0,0,0,0,1,1,0,54.231617647058826,0.2183823529411768
9512-UIBFX,1,0,1,1,18,1,0,95.15,1779.95,1,0,0,1,0,0,0,0,0,0,1,0,0,0,1,0,1,0,0,0,0,1,3,0,98.88611111111112,-3.7361111111111143
6202-DYYFX,0,0,0,0,22,1,1,76.0,1783.6,0,0,1,1,0,0,0,0,0,0,0,0,0,0,0,0,0,1,0,1,0,0,0,0,81.07272727272726,-5.072727272727263
3808-HFKDE,0,0,0,0,20,1,1,44.35,927.15,0,0,0,0,0,0,0,0,0,0,0,0,0,0,0,0,0,0,0,0,1,0,0,0,46.3575,-2.0075000000000003
5583-SXDAG,1,0,1,0,1,1,0,70.0,70.0,1,0,0,1,0,0,0,0,0,0,0,0,0,0,0,0,0,0,0,0,1,0,0,1,70.0,0.0
3488-PGMQJ,1,1,0,0,8,1,1,74.5,606.55,1,0,0,1,0,0,0,0,1,0,0,0,0,0,0,0,0,0,0,0,1,0,1,1,75.81875,-1.3187499999999943
3580-REOAC,1,0,0,0,10,1,1,44.85,435.4,1,0,0,0,0,0,0,0,0,0,0,0,0,0,0,0,0,0,0,1,0,0,0,1,43.54,1.3100000000000023
7534-BFESC,1,1,0,0,24,1,1,76.1,1712.7,1,0,1,1,0,0,0,0,0,0,0,0,0,0,0,0,0,0,0,0,1,0,0,0,71.3625,4.737499999999997
3727-OWVYD,1,0,0,0,35,1,0,61.2,2021.2,0,0,0,0,0,0,1,0,1,0,1,0,0,0,0,0,0,1,0,0,0,1,3,0,57.74857142857143,3.451428571428572
2294-SALNE,1,0,1,1,23,1,0,86.8,1940.8,0,0,0,1,0,0,0,0,1,0,1,0,1,0,0,0,0,1,0,0,0,1,3,0,84.38260869565217,2.417391304347831
4847-TAJYI,0,1,0,0,6,1,1,89.35,567.8,0,0,0,1,0,0,0,0,0,0,0,0,0,0,1,0,1,0,0,0,1,0,2,1,94.63333333333333,-5.283333333333331
1563-IWQEX,0,0,0,0,12,1,0,19.7,220.35,0,0,0,0,1,1,0,1,0,1,0,1,0,1,0,1,0,0,0,0,0,1,0,1,18.3625,1.3374999999999986
8203-XJZRC,1,0,0,0,1,1,0,20.25,20.25,0,0,0,0,1,1,0,1,0,1,0,1,0,1,0,1,0,0,0,0,0,1,0,1,20.25,0.0
6556-DBKZF,0,0,1,1,71,1,0,76.05,5436.45,0,0,0,1,0,0,0,0,0,0,1,0,0,0,0,0,0,0,1,0,1,0,1,0,76.56971830985916,-0.519718309859158
6851-WEFYX,1,1,1,0,35,1,1,100.8,3437.5,0,0,1,1,0,0,0,0,0,0,1,0,0,0,1,0,1,0,0,0,1,0,3,0,98.21428571428571,2.585714285714289
2985-JUUBZ,1,0,1,1,40,1,1,74.55,3015.75,0,0,1,0,0,0,0,0,0,0,1,0,0,0,1,0,1,0,0,0,1,0,3,0,75.39375,-0.84375
6390-DSAZX,0,0,0,1,1,1,1,73.6,73.6,1,0,0,1,0,0,1,0,0,0,0,0,0,0,0,0,0,0,0,0,0,1,1,1,73.6,0.0
0895-LMRSF,1,0,0,0,23,1,1,64.9,1509.8,0,0,0,0,0,0,0,0,0,0,0,0,0,0,1,0,1,1,0,0,0,0,2,0,65.64347826086956,-0.7434782608695514
8098-LLAZX,0,1,0,0,4,1,1,95.45,396.1,1,0,1,1,0,0,0,0,0,0,0,0,0,0,1,0,1,0,0,0,1,0,2,1,99.025,-3.575000000000003
8266-VBFQL,1,0,0,0,4,1,1,90.4,356.65,0,0,0,1,0,0,0,0,0,0,1,0,1,0,0,0,1,0,0,0,1,0,3,1,89.1625,1.2375000000000114
8181-YHCMF,0,0,1,1,68,0,0,60.3,4109.0,0,1,0,0,0,0,0,0,1,0,1,0,1,0,1,0,1,0,1,1,0,0,5,0,60.4264705882353,-0.12647058823529989
2240-HSJQD,1,0,0,1,38,1,1,81.85,3141.7,0,0,1,1,0,0,0,0,1,0,0,0,0,0,0,0,0,0,0,0,0,1,1,0,82.67631578947368,-0.8263157894736821
1248-DYXUB,1,0,1,1,52,1,0,24.8,1229.1,0,0,1,0,1,1,0,1,0,1,0,1,0,1,0,1,0,0,1,0,0,1,0,0,23.63653846153846,1.16346153846154
0265-EDXBD,1,1,1,0,32,1,1,74.9,2303.35,1,0,1,1,0,0,0,0,0,0,0,0,0,0,0,0,0,0,0,0,1,0,0,0,71.9796875,2.9203125000000085
4115-BNPJY,1,0,1,1,29,1,0,75.55,2054.4,0,0,0,0,0,0,0,0,0,0,1,0,1,0,1,0,1,0,1,0,0,1,4,0,70.84137931034483,4.708620689655163
3167-SNQPL,1,1,1,1,38,1,0,101.15,3741.85,0,0,1,1,0,0,0,0,1,0,0,0,0,0,1,0,1,0,0,0,1,0,3,0,98.46973684210526,2.6802631578947427
4091-TVOCN,1,0,0,1,48,1,1,78.75,3682.45,0,0,1,0,0,0,1,0,0,0,1,0,0,0,1,0,1,1,0,1,0,0,4,0,76.71770833333333,2.0322916666666657
1098-TDVUQ,0,0,0,0,1,1,1,19.25,19.25,0,0,0,0,1,1,0,1,0,1,0,1,0,1,0,1,0,0,0,0,0,0,0,1,19.25,0.0
7277-OZCGZ,0,0,0,0,22,1,1,89.05,1886.25,0,0,0,1,0,0,1,0,0,0,0,0,1,0,0,0,1,0,0,0,1,0,3,0,85.73863636363636,3.3113636363636374
1557-EMYVT,0,0,0,0,43,1,0,115.05,4895.1,0,0,1,1,0,0,1,0,1,0,1,0,1,0,1,0,1,0,1,1,0,0,6,0,113.83953488372094,1.2104651162790532
2799-ARNLO,0,1,1,0,5,1,1,69.35,341.6,0,0,0,1,0,0,0,0,0,0,0,0,0,0,0,0,0,0,0,0,1,0,0,1,68.32000000000001,1.029999999999987
7563-BIUPC,1,0,0,0,5,1,1,80.6,415.55,1,0,0,1,0,0,0,0,0,0,0,0,0,0,1,0,0,0,0,0,1,0,1,1,83.11,-2.510000000000005
5027-YOCXN,1,0,1,1,51,1,0,110.05,5686.4,0,0,1,1,0,0,1,0,1,0,0,0,1,0,1,0,1,1,0,1,0,0,5,0,111.49803921568626,-1.448039215686265
3973-SKMLN,1,0,0,0,71,1,1,19.9,1355.1,0,0,0,0,1,1,0,1,0,1,0,1,0,1,0,1,0,0,1,1,0,0,0,0,19.085915492957746,0.8140845070422529
2321-OMBXY,0,0,1,1,38,1,0,80.3,3058.65,1,0,0,0,0,0,1,0,1,0,0,0,1,0,1,0,1,1,0,1,0,0,5,0,80.49078947368422,-0.1907894736842195
2840-XANRC,1,1,1,0,24,1,1,93.15,2231.05,1,0,0,1,0,0,0,0,0,0,1,0,0,0,1,0,1,0,0,0,1,0,3,0,92.96041666666667,0.18958333333333144
6745-JEFZB,1,0,1,0,35,1,1,91.5,3236.35,0,0,1,1,0,0,0,0,0,0,0,0,1,0,1,0,0,0,0,1,0,0,2,0,92.46714285714286,-0.9671428571428606
5020-ZSTTY,0,1,0,0,54,1,0,82.45,4350.1,1,0,1,0,0,0,1,0,1,0,0,0,1,0,1,0,1,1,0,0,0,0,5,0,80.55740740740741,1.8925925925925924
9880-TDQAC,0,0,1,1,72,0,1,60.0,4264.0,0,1,0,0,0,0,0,0,1,0,1,0,1,0,1,0,1,0,1,0,1,0,5,0,59.22222222222222,0.7777777777777786
8705-WZCYL,1,0,0,0,1,1,1,44.8,44.8,0,0,0,0,0,0,0,0,0,0,0,0,0,0,0,0,0,0,0,0,1,0,0,1,44.8,0.0
7102-JJVTX,0,0,1,1,9,1,0,48.6,422.3,0,0,0,0,0,0,1,0,0,0,0,0,0,0,0,0,0,1,0,0,0,1,1,1,46.922222222222224,1.6777777777777771
8626-PTQGE,1,0,0,0,69,0,1,60.05,4176.7,0,1,0,0,0,0,1,0,1,0,0,0,1,0,1,0,1,0,1,0,0,0,5,0,60.53188405797101,-0.4818840579710155
4983-CLMLV,0,0,1,0,52,1,1,102.7,5138.1,0,0,1,1,0,0,0,0,1,0,0,0,1,0,1,0,1,0,0,1,0,0,4,0,98.8096153846154,3.8903846153846047
5701-YVSVF,0,1,1,0,11,1,1,82.9,880.05,0,0,0,1,0,0,0,0,0,0,0,0,1,0,1,0,0,0,0,0,1,0,2,1,80.00454545454545,2.8954545454545553
5804-LEPIM,0,1,0,0,2,1,1,70.35,139.05,1,0,0,1,0,0,0,0,0,0,0,0,0,0,0,0,0,0,0,0,1,0,0,1,69.525,0.8249999999999886
5697-GOMBF,0,1,1,1,28,0,1,35.9,973.65,0,1,0,0,0,0,0,0,0,0,0,0,0,0,1,0,0,0,0,0,1,0,1,0,34.77321428571428,1.1267857142857167
2739-CACDQ,0,1,0,0,17,1,1,82.65,1470.05,0,0,1,1,0,0,0,0,0,0,1,0,0,0,0,0,0,0,0,1,0,0,1,0,86.4735294117647,-3.823529411764696
9385-EHGDO,0,0,1,1,35,1,1,19.85,739.35,0,0,0,0,1,1,0,1,0,1,0,1,0,1,0,1,0,0,1,0,0,1,0,0,21.124285714285715,-1.274285714285714
9498-FIMXL,0,0,0,0,8,1,1,19.2,161.95,0,0,0,0,1,1,0,1,0,1,0,1,0,1,0,1,0,1,0,0,0,1,0,1,20.24375,-1.0437499999999993
2379-GYFLQ,1,0,0,0,46,1,1,94.9,4422.95,0,0,1,1,0,0,0,0,1,0,1,0,0,0,1,0,0,1,0,1,0,0,3,0,96.15108695652174,-1.251086956521732
0122-OAHPZ,0,0,0,0,7,1,1,73.85,511.25,1,0,1,1,0,0,0,0,0,0,0,0,0,0,0,0,0,0,0,0,1,0,0,1,73.03571428571429,0.8142857142857025
2868-SNELZ,0,0,0,0,2,1,0,80.6,155.8,1,0,1,1,0,0,0,0,0,0,1,0,0,0,0,0,0,0,0,0,0,1,1,1,77.9,2.6999999999999886
4322-RCYMT,1,0,1,1,68,1,1,75.8,5293.95,1,0,1,0,0,0,0,0,1,0,1,0,1,0,0,0,1,1,0,0,0,0,4,0,77.85220588235293,-2.0522058823529363
6680-NENYN,0,0,0,0,43,1,1,104.6,4759.85,1,0,1,1,0,0,0,0,1,0,1,0,0,0,1,0,1,0,1,0,1,0,4,0,110.69418604651163,-6.094186046511638
2088-IEBAU,0,0,0,0,68,1,1,88.15,6148.45,0,0,1,0,0,0,1,0,1,0,1,0,1,0,1,0,1,0,1,0,1,0,6,0,90.41838235294118,-2.268382352941174
7982-VCELR,0,0,0,0,36,1,1,94.8,3565.65,0,0,0,1,0,0,0,0,1,0,0,0,0,0,1,0,1,0,0,1,0,0,3,0,99.04583333333333,-4.245833333333337
1343-EHPYB,1,0,1,0,63,1,1,103.4,6603.0,1,0,1,1,0,0,0,0,1,0,1,0,0,0,1,0,1,0,0,0,1,0,4,0,104.80952380952381,-1.4095238095238045
6035-BXTTY,0,1,0,0,32,1,0,54.65,1830.1,0,0,0,0,0,0,0,0,1,0,0,0,1,0,0,0,0,0,0,0,0,0,2,0,57.190625,-2.5406249999999986
6885-PKOAM,0,0,1,0,71,1,0,85.75,6223.8,0,0,1,0,0,0,1,0,1,0,1,0,1,0,1,0,1,0,1,1,0,0,6,0,87.65915492957747,-1.9091549295774684
7520-HQWJU,0,0,1,1,66,1,1,67.45,4508.65,0,0,1,0,0,0,1,0,1,0,1,0,0,0,0,0,0,0,0,0,0,0,3,0,68.31287878787879,-0.8628787878787847
9639-BUJXT,1,0,0,0,63,1,0,20.5,1328.15,0,0,0,0,1,1,0,1,0,1,0,1,0,1,0,1,0,1,0,0,0,1,0,0,21.081746031746032,-0.5817460317460323
5924-SNGKP,0,0,0,1,41,1,1,20.25,865.0,0,0,0,0,1,1,0,1,0,1,0,1,0,1,0,1,0,1,0,1,0,0,0,0,21.097560975609756,-0.8475609756097562
0021-IKXGC,0,1,0,0,1,1,1,72.1,72.1,0,0,1,1,0,0,0,0,0,0,0,0,0,0,0,0,0,0,0,0,1,0,0,1,72.1,0.0
2034-GDRCN,0,0,0,0,2,1,1,90.4,168.2,1,0,0,1,0,0,0,0,0,0,0,0,0,0,1,0,1,0,0,0,1,0,2,1,84.1,6.300000000000011
8966-SNIZF,0,0,1,0,70,1,0,19.45,1303.5,0,0,0,0,1,1,0,1,0,1,0,1,0,1,0,1,0,0,1,0,0,0,0,0,18.62142857142857,0.8285714285714292
6243-OZGFH,0,0,0,0,23,0,1,44.95,996.85,0,1,0,0,0,0,0,0,0,0,0,0,0,0,1,0,1,0,0,0,1,0,2,0,43.34130434782609,1.608695652173914
4654-DLAMQ,0,1,1,0,64,1,0,97.0,6430.9,0,0,0,1,0,0,1,0,1,0,1,0,0,0,0,0,1,1,0,0,0,0,4,0,100.4828125,-3.4828124999999943
0513-RBGPE,1,0,1,1,37,1,1,62.8,2278.75,0,0,1,0,0,0,1,0,0,0,1,0,1,0,0,0,0,0,1,1,0,0,3,0,61.58783783783784,1.2121621621621586
5160-UXJED,1,0,0,1,17,1,0,44.6,681.4,0,0,0,0,0,0,0,0,0,0,0,0,0,0,0,0,0,1,0,0,0,1,0,0,40.08235294117647,4.517647058823535
4115-NZRKS,0,1,0,0,7,1,1,89.15,574.35,0,0,0,1,0,0,0,0,0,0,0,0,0,0,1,0,1,0,0,0,1,0,2,1,82.05,7.1000000000000085
0219-YTZUE,1,0,1,1,4,1,1,84.8,371.9,1,0,1,1,0,0,0,0,1,0,1,0,0,0,0,0,0,0,0,0,0,0,2,1,92.975,-8.174999999999997
0623-IIHUG,0,1,0,0,21,0,1,41.9,840.1,1,1,0,0,0,0,1,0,0,0,0,0,0,0,1,0,0,0,0,0,1,0,2,0,40.00476190476191,1.895238095238092
4572-DVCGN,0,0,0,0,10,1,1,80.25,846.0,1,0,0,1,0,0,0,0,0,0,0,0,0,0,0,0,1,0,0,0,0,0,1,1,84.6,-4.349999999999994
3351-NGXYI,0,1,0,0,16,1,1,54.1,889.0,0,0,1,0,0,0,1,0,0,0,0,0,0,0,0,0,0,0,0,0,1,0,1,0,55.5625,-1.4624999999999986
8984-EYLLL,1,0,1,0,64,1,1,105.25,6823.4,0,0,1,1,0,0,0,0,1,0,0,0,1,0,1,0,1,0,1,0,1,0,4,0,106.615625,-1.3656249999999943
9057-MSWCO,1,1,1,0,27,0,0,30.75,805.1,1,1,0,0,0,0,1,0,0,0,0,0,0,0,0,0,0,0,0,1,0,0,1,0,29.81851851851852,0.9314814814814802
9833-TGFHX,1,0,1,1,42,1,0,97.1,4016.75,0,0,1,1,0,0,1,0,0,0,0,0,0,0,1,0,1,1,0,0,1,0,3,0,95.63690476190476,1.4630952380952351
9294-TDIPC,1,0,0,1,5,1,0,20.2,83.75,0,0,0,0,1,1,0,1,0,1,0,1,0,1,0,1,0,0,0,0,0,1,0,1,16.75,3.4499999999999993
5229-DTFYB,0,0,0,0,41,1,1,98.8,3959.15,0,0,0,1,0,0,0,0,1,0,0,0,1,0,1,0,1,0,1,0,0,0,4,0,96.56463414634146,2.2353658536585357
0104-PPXDV,1,0,1,0,58,1,0,50.3,2878.55,0,0,0,0,0,0,0,0,0,0,1,0,0,0,0,0,0,1,0,1,0,0,1,0,49.630172413793105,0.6698275862068925
5176-LMJXE,0,0,0,0,47,1,1,20.55,945.7,0,0,0,0,1,1,0,1,0,1,0,1,0,1,0,1,0,0,1,0,0,1,0,0,20.121276595744682,0.42872340425531874
3583-KRKMD,1,0,0,0,18,1,1,75.9,1373.05,0,0,0,1,0,0,0,0,0,0,0,0,1,0,0,0,0,0,0,0,0,0,1,0,76.28055555555555,-0.38055555555554577
1010-DIAUQ,1,0,0,0,5,1,0,96.5,492.55,1,0,0,1,0,0,0,0,0,0,1,0,0,0,1,0,1,0,0,0,0,0,3,1,98.51,-2.010000000000005
9069-LGEUL,1,0,1,0,23,1,1,59.95,1406.0,0,0,0,0,0,0,1,0,0,0,0,0,0,0,0,0,1,0,0,0,0,0,2,0,61.130434782608695,-1.1804347826086925
7302-ZHMHP,0,0,0,0,1,1,0,19.15,19.15,0,0,0,0,1,1,0,1,0,1,0,1,0,1,0,1,0,0,0,0,0,1,0,1,19.15,0.0
9571-EDEBV,1,0,1,0,71,1,1,98.65,6962.85,0,0,1,1,0,0,0,0,0,0,1,0,0,0,1,0,1,1,0,1,0,0,3,0,98.06830985915494,0.581690140845069
3520-FJGCV,1,0,1,1,72,1,1,112.6,8126.65,0,0,1,1,0,0,1,0,1,0,1,0,1,0,1,0,1,0,1,1,0,0,6,0,112.87013888888889,-0.27013888888889426
6563-VRERX,1,0,1,1,33,1,0,20.6,690.25,0,0,0,0,1,1,0,1,0,1,0,1,0,1,0,1,0,1,0,0,0,1,0,0,20.916666666666668,-0.31666666666666643
0259-GBZSH,1,0,0,0,2,1,1,85.65,181.5,1,0,1,1,0,0,0,0,0,0,0,0,0,0,1,0,0,0,0,0,1,0,1,1,90.75,-5.099999999999994
6122-EFVKN,1,0,0,1,24,0,0,35.75,830.8,0,1,0,0,0,0,1,0,0,0,0,0,1,0,0,0,0,0,1,0,0,1,2,0,34.61666666666667,1.1333333333333329
2805-EDJPQ,0,0,1,1,56,1,1,99.75,5608.4,0,0,1,1,0,0,0,0,1,0,1,0,1,0,0,0,1,1,0,1,0,0,4,0,100.14999999999999,-0.3999999999999915
6862-CQUMB,1,0,0,0,37,1,1,96.1,3646.8,0,0,0,1,0,0,0,0,1,0,0,0,0,0,1,0,1,0,0,1,0,0,3,0,98.56216216216217,-2.4621621621621728
7156-MXBJE,0,0,0,0,43,1,0,85.1,3662.25,0,0,1,0,0,0,0,0,1,0,1,0,1,0,1,0,1,1,0,1,0,0,5,0,85.1686046511628,-0.06860465116280068
6158-HDPXZ,1,0,0,0,1,0,0,25.35,25.35,0,1,0,0,0,0,0,0,0,0,0,0,0,0,0,0,0,0,0,0,0,1,0,1,25.35,0.0
9601-BRXPO,0,0,1,0,25,1,1,104.95,2566.5,1,0,1,1,0,0,0,0,0,0,1,0,1,0,1,0,1,0,0,0,0,0,4,0,102.66,2.2900000000000063
2863-IMQDR,0,0,0,0,61,1,0,89.65,5308.7,0,0,1,0,0,0,1,0,1,0,1,0,1,0,1,0,1,0,1,0,1,0,6,0,87.02786885245901,2.6221311475409976
5686-CMAWK,1,0,0,0,17,1,0,86.75,1410.25,0,0,1,1,0,0,0,0,0,0,1,0,1,0,0,0,0,1,0,0,1,0,2,0,82.95588235294117,3.794117647058826
5651-CRHKQ,0,0,1,0,41,1,1,86.2,3339.05,0,0,0,1,0,0,0,0,1,0,1,0,1,0,0,0,0,1,0,0,0,0,3,0,81.44024390243902,4.759756097560981
6905-NIQIN,1,0,0,0,1,1,0,50.65,50.65,1,0,0,0,0,0,0,0,1,0,0,0,0,0,0,0,0,0,0,0,0,1,1,1,50.65,0.0
8204-YJCLA,1,1,1,1,72,0,1,64.8,4732.35,0,1,0,0,0,0,1,0,1,0,1,0,1,0,1,0,1,0,1,0,0,0,6,0,65.72708333333334,-0.9270833333333428
5167-ZFFMM,1,0,0,0,1,1,1,90.85,90.85,1,0,1,1,0,0,0,0,1,0,0,0,0,0,0,0,1,0,0,1,0,0,2,1,90.85,0.0
6583-SZVGP,1,0,0,0,48,1,1,108.1,5067.45,0,0,1,1,0,0,0,0,1,0,1,0,0,0,1,0,1,0,1,0,0,0,4,0,105.57187499999999,2.528125000000003
4895-TMWIR,1,1,1,0,11,1,0,19.95,214.75,1,0,0,0,1,1,0,1,0,1,0,1,0,1,0,1,0,0,0,0,0,1,0,1,19.522727272727273,0.4272727272727259
0533-BNWKF,0,1,1,0,55,1,1,85.45,4874.7,1,0,1,1,0,0,0,0,1,0,1,0,0,0,0,0,0,0,0,0,1,0,2,0,88.63090909090909,-3.1809090909090827
1708-PBBOA,0,0,0,0,42,0,1,54.75,2348.45,0,1,0,0,0,0,1,0,1,0,1,0,1,0,0,0,1,1,0,0,1,0,5,0,55.915476190476184,-1.1654761904761841
8782-LKFPK,1,0,0,0,44,1,1,90.4,4063.0,0,0,1,1,0,0,0,0,0,0,1,0,0,0,0,0,1,0,0,0,0,1,2,0,92.3409090909091,-1.9409090909090878
5522-JBWMO,1,0,0,1,1,1,0,44.0,44.0,0,0,0,0,0,0,0,0,0,0,0,0,0,0,0,0,0,0,0,0,1,0,0,1,44.0,0.0
3597-MVHJT,0,0,0,0,27,1,1,95.6,2595.25,0,0,1,1,0,0,0,0,0,0,0,0,0,0,1,0,1,0,0,0,0,0,2,0,96.12037037037037,-0.5203703703703724
9774-NRNAU,1,1,1,0,27,1,1,84.8,2309.55,0,0,1,0,0,0,0,0,1,0,1,0,1,0,1,0,1,0,0,0,0,0,5,0,85.53888888888889,-0.7388888888888943
0224-RLWWD,0,1,0,0,2,1,1,44.3,89.3,0,0,0,0,0,0,0,0,0,0,0,0,0,0,0,0,0,0,0,0,1,0,0,1,44.65,-0.3500000000000014
9967-ATRFS,0,0,0,0,19,1,0,19.9,367.55,0,0,0,0,1,1,0,1,0,1,0,1,0,1,0,1,0,0,0,0,0,1,0,0,19.344736842105263,0.5552631578947356
3951-NJCVI,0,1,1,0,42,1,1,95.05,3944.5,0,0,1,1,0,0,0,0,0,0,0,0,0,0,1,0,1,0,0,0,1,0,2,0,93.91666666666667,1.1333333333333258
2977-CEBSX,0,0,0,0,66,1,1,90.05,5965.95,0,0,1,0,0,0,1,0,1,0,1,0,1,0,1,0,1,0,1,1,0,0,6,0,90.39318181818182,-0.3431818181818187
0177-PXBAT,1,1,1,0,33,1,1,109.9,3694.7,0,0,1,1,0,0,1,0,0,0,1,0,1,0,1,0,1,0,0,0,0,0,5,0,111.96060606060605,-2.060606060606048
6599-CEBNN,0,0,0,0,34,1,1,73.95,2524.45,1,0,0,1,0,0,0,0,1,0,0,0,0,0,0,0,0,0,0,1,0,0,1,0,74.24852941176471,-0.2985294117647044
2519-ERQOJ,1,1,0,0,33,0,1,54.6,1803.7,0,1,0,0,0,0,0,0,0,0,1,0,1,0,1,0,1,0,0,0,1,0,4,0,54.657575757575756,-0.05757575757575495
5876-QMYLD,0,0,1,1,23,1,0,20.05,415.1,0,0,0,0,1,1,0,1,0,1,0,1,0,1,0,1,0,1,0,0,0,1,0,0,18.047826086956523,2.002173913043478
2277-AXSDC,0,0,0,0,32,1,0,19.75,624.15,0,0,0,0,1,1,0,1,0,1,0,1,0,1,0,1,0,1,0,0,0,0,0,0,19.5046875,0.2453125000000007
9442-JTWDL,0,0,0,0,11,1,0,20.05,237.7,0,0,0,0,1,1,0,1,0,1,0,1,0,1,0,1,0,1,0,1,0,0,0,1,21.60909090909091,-1.5590909090909086
0979-PHULV,1,0,1,1,69,1,1,99.45,7007.6,1,0,1,1,0,0,0,0,0,0,1,0,0,0,1,0,1,0,0,1,0,0,3,0,101.55942028985508,-2.1094202898550805
3067-SVMTC,0,0,1,0,68,1,0,55.9,3848.8,0,0,0,0,0,0,1,0,0,0,0,0,1,0,0,0,0,1,0,0,0,0,2,0,56.6,-0.7000000000000028
5495-GPSRW,1,0,0,0,20,1,1,19.7,419.4,0,0,0,0,1,1,0,1,0,1,0,1,0,1,0,1,0,0,1,0,0,1,0,0,20.97,-1.2699999999999996
7606-BPHHN,1,0,0,0,72,1,1,19.8,1468.75,0,0,0,0,1,1,0,1,0,1,0,1,0,1,0,1,0,0,1,1,0,0,0,0,20.399305555555557,-0.5993055555555564
4742-DRORA,1,0,1,1,60,1,1,95.4,5812.0,0,0,1,1,0,0,1,0,0,0,1,0,0,0,1,0,0,1,0,0,0,0,3,0,96.86666666666666,-1.4666666666666544
0111-KLBQG,1,1,1,1,32,1,1,93.95,2861.45,0,0,0,1,0,0,0,0,1,0,0,0,0,0,1,0,1,0,0,0,0,1,3,0,89.4203125,4.5296875000000085
4800-VHZKI,0,0,0,0,1,1,1,19.9,19.9,1,0,0,0,1,1,0,1,0,1,0,1,0,1,0,1,0,0,0,0,0,1,0,1,19.9,0.0
7989-CHGTL,1,0,0,0,1,1,1,19.6,19.6,1,0,0,0,1,1,0,1,0,1,0,1,0,1,0,1,0,0,0,0,0,1,0,1,19.6,0.0
0334-GDDSO,1,1,0,0,3,1,1,81.35,233.7,1,0,1,1,0,0,0,0,1,0,0,0,0,0,0,0,0,0,0,0,1,0,1,1,77.89999999999999,3.450000000000003
4163-NCJAK,0,0,1,0,46,1,1,24.45,1066.15,0,0,1,0,1,1,0,1,0,1,0,1,0,1,0,1,0,1,0,0,0,0,0,0,23.17717391304348,1.2728260869565204
5233-AOZUF,0,0,1,0,29,1,1,74.95,2149.05,0,0,1,1,0,0,0,0,0,0,0,0,0,0,0,0,0,0,0,0,1,0,0,0,74.10517241379311,0.8448275862068897
5973-EJGDP,1,0,0,0,51,1,1,87.35,4473.0,0,0,1,1,0,0,0,0,1,0,1,0,1,0,0,0,0,0,0,0,1,0,3,0,87.70588235294117,-0.35588235294117965
1996-DBMUS,0,1,1,0,48,1,1,70.65,3545.05,0,0,0,1,0,0,0,0,0,0,0,0,0,0,0,0,0,0,0,0,0,0,0,0,73.85520833333334,-3.2052083333333314
7916-VCCPB,0,0,1,1,16,1,0,73.25,1195.75,0,0,0,1,0,0,0,0,1,0,0,0,0,0,0,0,0,0,0,0,0,0,1,0,74.734375,-1.484375
4686-GEFRM,1,0,1,0,70,1,1,98.7,6858.9,0,0,1,1,0,0,0,0,1,0,1,0,1,0,0,0,1,0,1,0,0,0,4,0,97.9842857142857,0.7157142857142986
5249-QYHEX,0,0,1,1,40,1,1,24.8,1024.7,0,0,1,0,1,1,0,1,0,1,0,1,0,1,0,1,0,0,1,0,0,1,0,0,25.6175,-0.817499999999999
0578-SKVMF,0,0,1,1,22,1,0,83.3,1845.9,1,0,0,1,0,0,0,0,1,0,0,0,0,0,0,0,1,0,0,0,1,0,2,0,83.90454545454546,-0.6045454545454589
5564-NEMQO,0,1,0,0,1,1,1,75.3,75.3,1,0,0,1,0,0,0,0,0,0,1,0,0,0,0,0,0,0,0,0,0,0,1,1,75.3,0.0
2233-FAGXV,0,0,1,1,5,1,1,24.3,132.25,0,0,1,0,1,1,0,1,0,1,0,1,0,1,0,1,0,0,0,0,0,1,0,1,26.45,-2.1499999999999986
5605-IYGFG,0,0,0,0,7,1,1,69.85,515.45,0,0,0,1,0,0,0,0,0,0,0,0,0,0,0,0,0,0,0,0,0,0,0,1,73.63571428571429,-3.785714285714292
7663-ZTEGJ,1,0,0,1,29,1,0,100.55,2830.45,0,0,1,1,0,0,0,0,1,0,1,0,1,0,0,0,1,1,0,1,0,0,4,0,97.60172413793103,2.948275862068968
3935-TBRZZ,1,0,1,1,44,1,0,25.7,1110.5,0,0,1,0,1,1,0,1,0,1,0,1,0,1,0,1,0,1,0,0,0,1,0,0,25.238636363636363,0.461363636363636
8111-BKVDS,0,0,0,0,10,0,0,40.7,449.3,0,1,0,0,0,0,1,0,1,0,1,0,0,0,0,0,0,0,0,0,0,0,3,1,44.93,-4.229999999999997
2055-SIFSS,0,1,1,0,55,1,0,51.65,2838.55,0,0,1,0,0,0,0,0,0,0,0,0,0,0,0,0,0,0,0,0,0,0,0,0,51.61000000000001,0.03999999999999204
2806-MLNTI,1,1,1,0,52,1,1,105.1,5376.4,0,0,1,1,0,0,0,0,1,0,1,0,0,0,1,0,1,1,0,0,0,0,4,0,103.39230769230768,1.7076923076923123
8734-DKSTZ,0,0,1,1,10,1,0,85.95,858.6,0,0,1,1,0,0,0,0,0,0,0,0,0,0,0,0,1,0,0,0,1,0,1,1,85.86,0.09000000000000341
4360-PNRQB,1,0,0,0,18,1,1,75.6,1395.05,0,0,1,1,0,0,0,0,0,0,0,0,0,0,0,0,0,0,0,0,0,0,0,0,77.50277777777778,-1.9027777777777857
6152-ONASV,0,0,1,0,68,1,0,58.25,3975.7,0,0,1,0,0,0,1,0,0,0,0,0,1,0,0,0,0,1,0,0,0,0,2,0,58.46617647058823,-0.21617647058823053
9063-ZGTUY,0,0,1,1,61,1,1,19.4,1182.55,1,0,0,0,1,1,0,1,0,1,0,1,0,1,0,1,0,0,0,0,0,1,0,0,19.38606557377049,0.01393442622950758
7781-HVGMK,0,0,1,1,72,0,1,65.2,4784.45,0,1,0,0,0,0,1,0,1,0,1,0,1,0,1,0,1,0,1,1,0,0,6,0,66.45069444444444,-1.2506944444444343
2181-UAESM,1,0,0,0,2,1,0,53.45,119.5,0,0,0,0,0,0,1,0,0,0,1,0,0,0,0,0,0,0,0,0,1,0,2,1,59.75,-6.299999999999997
2957-LOLHO,1,0,0,0,12,1,1,45.4,518.9,1,0,0,0,0,0,0,0,0,0,0,0,0,0,0,0,0,0,0,0,0,0,0,1,43.24166666666667,2.1583333333333314
6048-NJXHX,1,0,1,0,41,1,1,19.75,899.45,0,0,0,0,1,1,0,1,0,1,0,1,0,1,0,1,0,0,1,0,1,0,0,0,21.93780487804878,-2.18780487804878
2320-SLKMB,0,0,0,0,26,0,1,44.45,1183.8,0,1,0,0,0,0,0,0,0,0,1,0,1,0,1,0,0,0,0,1,0,0,3,0,45.53076923076923,-1.0807692307692278
4980-URKXC,1,0,1,0,36,1,0,20.85,720.05,0,0,0,0,1,1,0,1,0,1,0,1,0,1,0,1,0,1,0,0,0,0,0,0,20.001388888888886,0.848611111111115
4376-KFVRS,1,0,1,1,72,1,1,114.05,8468.2,0,0,1,1,0,0,1,0,1,0,1,0,1,0,1,0,1,0,1,1,0,0,6,0,117.6138888888889,-3.563888888888897
5886-VLQVU,1,0,1,0,35,1,1,89.85,3161.2,0,0,1,1,0,0,0,0,0,0,0,0,1,0,0,0,1,0,0,0,0,0,2,0,90.32,-0.46999999999999886
3577-AMVUX,1,0,0,0,1,1,0,55.05,55.05,0,0,0,0,0,0,0,0,0,0,1,0,1,0,0,0,0,0,0,0,0,1,2,1,55.05,0.0
0771-WLCLA,0,0,1,1,16,1,1,112.95,1882.55,0,0,1,1,0,0,1,0,0,0,1,0,1,0,1,0,1,0,0,0,1,0,5,0,117.659375,-4.709374999999994
5628-RKIFK,0,1,0,0,49,1,0,101.55,5070.4,0,0,1,1,0,0,1,0,0,0,0,0,0,0,1,0,1,0,0,1,0,0,3,0,103.47755102040816,-1.9275510204081598
0206-TBWLC,0,0,1,0,54,1,1,114.65,6049.5,0,0,1,1,0,0,1,0,1,0,1,0,1,0,1,0,1,1,0,0,0,1,6,0,112.02777777777777,2.6222222222222342
2937-FTHUR,0,0,0,1,18,1,0,64.8,1166.7,0,0,1,0,0,0,1,0,0,0,0,0,0,0,0,0,1,0,0,0,1,0,2,0,64.81666666666666,-0.01666666666666572
1910-FMXJM,0,0,1,0,36,1,0,80.4,2937.65,0,0,0,1,0,0,0,0,0,0,0,0,0,0,0,0,1,0,0,0,1,0,1,0,81.60138888888889,-1.2013888888888857
7752-XUSCI,0,0,0,0,60,1,1,105.9,6396.45,1,0,1,1,0,0,0,0,1,0,1,0,0,0,1,0,1,0,0,0,1,0,4,0,106.6075,-0.707499999999996
4110-PFEUZ,0,0,0,0,1,1,0,69.55,69.55,1,0,0,1,0,0,0,0,0,0,0,0,0,0,0,0,0,0,0,0,0,1,0,1,69.55,0.0
0732-OCQOC,0,0,1,1,52,1,1,25.05,1270.25,0,0,1,0,1,1,0,1,0,1,0,1,0,1,0,1,0,0,1,0,0,0,0,0,24.427884615384617,0.622115384615384
5168-MSWXT,1,0,1,1,8,1,1,94.75,759.55,0,0,0,1,0,0,0,0,0,0,1,0,0,0,1,0,1,0,0,0,1,0,3,1,94.94375,-0.19374999999999432
1090-ESELR,1,0,1,1,72,1,0,105.5,7611.55,0,0,0,1,0,0,1,0,1,0,0,0,1,0,1,0,1,0,1,0,0,0,5,0,105.71597222222222,-0.21597222222222
8592-PLTMQ,0,0,0,0,64,1,0,24.7,1642.75,0,0,1,0,1,1,0,1,0,1,0,1,0,1,0,1,0,1,0,0,0,1,0,0,25.66796875,-0.9679687500000007
5760-WRAHC,0,1,0,0,22,1,1,69.75,1545.4,0,0,0,0,0,0,1,0,0,0,1,0,1,0,0,0,1,0,0,0,0,1,4,0,70.24545454545455,-0.4954545454545496
8847-GEOOQ,1,0,1,0,60,0,1,60.2,3582.4,0,1,0,0,0,0,0,0,1,0,1,0,1,0,1,0,1,0,0,0,0,0,5,0,59.70666666666667,0.4933333333333323
0256-LTHVJ,0,0,1,1,28,1,1,81.05,2227.1,1,0,0,1,0,0,0,0,0,0,0,0,0,0,0,0,1,0,0,0,1,0,1,0,79.53928571428571,1.5107142857142861
4785-FCIFB,0,0,1,0,61,1,0,24.4,1417.9,0,0,1,0,1,1,0,1,0,1,0,1,0,1,0,1,0,0,1,0,0,1,0,0,23.24426229508197,1.1557377049180282
8313-NDOIA,0,0,0,0,24,1,1,104.15,2494.65,0,0,1,1,0,0,0,0,1,0,1,0,0,0,1,0,1,0,0,0,1,0,4,0,103.94375000000001,0.20624999999999716
5149-CUZUJ,1,0,1,1,28,1,0,92.9,2768.35,0,0,0,1,0,0,0,0,1,0,1,0,1,0,1,0,0,1,0,0,0,0,4,0,98.86964285714285,-5.969642857142844
0942-KOWSM,0,0,1,1,30,1,0,80.8,2369.3,0,0,0,0,0,0,0,0,1,0,1,0,1,0,1,0,1,0,1,0,0,0,5,0,78.97666666666667,1.8233333333333235
4237-CLSMM,1,0,1,0,2,1,0,20.0,38.0,0,0,0,0,1,1,0,1,0,1,0,1,0,1,0,1,0,0,0,0,0,1,0,1,19.0,1.0
1452-VOQCH,1,0,0,0,1,1,1,75.1,75.1,0,0,1,1,0,0,0,0,0,0,0,0,0,0,0,0,0,0,0,0,1,0,0,1,75.1,0.0
4719-UMSIY,1,0,0,1,6,1,0,19.65,100.9,0,0,0,0,1,1,0,1,0,1,0,1,0,1,0,1,0,0,0,0,0,1,0,1,16.816666666666666,2.833333333333332
6614-VBEGU,0,0,1,0,24,1,1,69.45,1614.05,0,0,0,0,0,0,0,0,1,0,0,0,0,0,1,0,1,0,0,0,0,0,3,0,67.25208333333333,2.1979166666666714
0880-TKATG,1,0,1,1,4,1,0,101.15,385.9,1,0,1,1,0,0,0,0,0,0,1,0,0,0,1,0,1,0,0,0,1,0,3,1,96.475,4.675000000000011
3811-VBYBZ,1,0,0,0,7,1,1,99.8,673.25,1,0,1,1,0,0,0,0,1,0,0,0,0,0,1,0,1,0,0,0,1,0,3,1,96.17857142857143,3.6214285714285666
1480-BKXGA,1,1,1,0,72,1,1,116.05,8404.9,0,0,1,1,0,0,1,0,1,0,1,0,1,0,1,0,1,0,1,0,0,0,6,0,116.73472222222222,-0.68472222222222
2996-XAUVF,1,0,0,0,70,0,1,40.05,2799.75,0,1,0,0,0,0,0,0,0,0,0,0,1,0,0,0,1,0,1,0,0,1,2,0,39.996428571428574,0.053571428571423496
9076-AXYIK,1,1,1,0,64,1,0,102.1,6538.45,0,0,1,1,0,0,0,0,0,0,1,0,1,0,1,0,1,0,1,0,1,0,4,0,102.16328125,-0.06328125000000284
5968-XQIVE,1,0,1,1,72,1,1,89.7,6588.95,0,0,1,1,0,0,0,0,1,0,0,0,0,0,1,0,0,1,0,0,1,0,2,0,91.51319444444444,-1.8131944444444343
8896-RAZCR,0,0,0,1,44,1,0,19.9,868.1,0,0,0,0,1,1,0,1,0,1,0,1,0,1,0,1,0,0,1,0,0,1,0,0,19.729545454545455,0.1704545454545432
4640-UHDOS,0,0,1,1,13,1,0,55.95,734.35,1,0,0,0,0,0,0,0,0,0,0,0,0,0,0,0,1,0,0,0,1,0,1,0,56.48846153846154,-0.5384615384615401
4933-IKULF,0,1,0,0,17,1,0,20.65,330.6,0,0,0,0,1,1,0,1,0,1,0,1,0,1,0,1,0,1,0,0,0,1,0,0,19.447058823529414,1.2029411764705848
3583-EKAPL,1,0,0,0,1,1,1,55.0,55.0,1,0,0,0,0,0,0,0,0,0,0,0,0,0,0,0,1,0,0,0,1,0,1,1,55.0,0.0
1304-BCCFO,1,0,1,0,9,1,1,70.05,564.4,0,0,0,0,0,0,0,0,0,0,1,0,0,0,1,0,1,0,0,0,0,1,3,1,62.71111111111111,7.338888888888889
4104-PVRPS,1,0,1,0,24,1,0,53.6,1315.35,0,0,0,0,0,0,1,0,0,0,0,0,1,0,0,0,0,0,0,0,0,1,2,0,54.80625,-1.2062499999999972
9399-APLBT,0,0,1,1,1,1,1,74.7,74.7,1,0,0,1,0,0,0,0,1,0,0,0,0,0,0,0,0,0,0,0,1,0,1,1,74.7,0.0
2359-KMGLI,1,0,0,0,24,1,1,80.25,1861.5,1,0,1,1,0,0,0,0,1,0,0,0,0,0,0,0,0,0,0,0,1,0,1,0,77.5625,2.6875
3780-DDGSE,1,1,1,1,35,1,1,76.05,2747.2,0,0,0,0,0,0,0,0,1,0,0,0,1,0,1,0,1,0,0,0,1,0,4,0,78.49142857142857,-2.441428571428574
4431-EDMIQ,0,0,1,1,7,1,1,75.7,554.05,0,0,0,0,0,0,1,0,1,0,1,0,1,0,1,0,0,0,0,0,1,0,5,1,79.14999999999999,-3.4499999999999886
0306-JAELE,1,0,0,0,5,1,1,96.1,453.4,1,0,0,1,0,0,0,0,0,0,0,0,1,0,1,0,1,0,0,0,1,0,3,1,90.67999999999999,5.420000000000002
6227-HWPWX,0,0,0,1,15,1,0,69.0,994.8,1,0,0,1,0,0,0,0,0,0,0,0,0,0,0,0,0,0,0,0,0,0,0,0,66.32,2.680000000000007
0486-LGCCH,1,0,1,1,11,1,0,19.65,225.75,0,0,0,0,1,1,0,1,0,1,0,1,0,1,0,1,0,0,1,0,0,1,0,1,20.522727272727273,-0.8727272727272748
0447-BEMNG,0,0,1,0,48,0,1,45.3,2145.0,1,1,0,0,0,0,1,0,0,0,1,0,0,0,0,0,1,0,0,0,0,0,3,0,44.6875,0.6124999999999972
4612-SSVHJ,0,1,0,0,20,1,1,81.45,1671.6,0,0,0,1,0,0,0,0,0,0,0,0,0,0,0,0,1,0,0,0,1,0,1,0,83.58,-2.1299999999999955
5168-MQQCA,0,0,1,0,72,1,1,108.5,8003.8,0,0,1,1,0,0,0,0,1,0,1,0,1,0,1,0,1,1,0,0,0,0,5,0,111.16388888888889,-2.6638888888888914
5949-XIKAE,0,0,1,1,8,1,1,83.55,680.05,1,0,0,1,0,0,0,0,1,0,0,0,0,0,1,0,0,0,0,0,1,0,2,1,85.00625,-1.4562499999999972
7971-HLVXI,1,0,1,1,72,1,1,84.5,6130.85,0,0,1,1,0,0,0,0,0,0,0,0,0,0,0,0,1,0,1,1,0,0,1,0,85.15069444444445,-0.6506944444444542
9094-AZPHK,0,0,0,0,15,1,1,100.15,1415.0,0,0,1,1,0,0,0,0,1,0,0,0,0,0,1,0,1,0,0,0,1,0,3,0,94.33333333333333,5.816666666666677
3649-JPUGY,1,0,0,0,72,1,1,88.6,6201.95,0,0,1,0,0,0,0,0,1,0,1,0,1,0,1,0,1,0,1,0,0,0,5,0,86.13819444444444,2.461805555555557
4472-LVYGI,0,0,1,1,0,0,1,52.55,0.0,0,1,0,0,0,0,1,0,0,0,1,0,1,0,1,0,0,0,1,0,0,0,4,1,0.0,52.55
8372-JUXUI,1,0,0,1,1,1,1,74.35,74.35,1,0,1,1,0,0,0,0,0,0,0,0,0,0,0,0,0,0,0,0,1,0,0,1,74.35,0.0
3552-CTCYF,1,0,1,1,63,1,1,104.8,6597.25,0,0,1,1,0,0,0,0,1,0,1,0,0,0,1,0,1,0,1,0,0,0,4,0,104.71825396825396,0.0817460317460359
6778-YSNIH,0,0,0,0,2,1,1,59.0,114.15,0,0,0,0,0,0,0,0,1,0,0,0,0,0,1,0,0,0,0,0,1,0,2,1,57.075,1.9249999999999972
0388-EOPEX,0,0,1,0,2,1,1,74.4,139.4,1,0,0,1,0,0,1,0,0,0,0,0,0,0,0,0,0,0,0,0,1,0,1,1,69.7,4.700000000000003
5756-OZRIO,1,1,1,0,61,1,0,64.05,3902.6,0,0,1,0,0,0,0,0,1,0,0,0,0,0,0,0,1,1,0,0,0,0,2,0,63.97704918032787,0.0729508196721298
6579-JPICP,1,0,0,0,1,1,0,20.4,20.4,0,0,0,0,1,1,0,1,0,1,0,1,0,1,0,1,0,0,0,0,0,1,0,1,20.4,0.0
8205-OTCHB,1,0,0,0,22,0,1,43.75,903.6,1,1,0,0,0,0,0,0,1,0,1,0,0,0,0,0,1,1,0,0,0,0,3,0,41.07272727272727,2.6772727272727295
4134-BSXLX,1,0,1,0,28,1,0,60.9,1785.65,0,0,0,0,0,0,1,0,1,0,0,0,1,0,0,0,0,0,0,0,0,1,3,0,63.77321428571429,-2.8732142857142904
0505-SPOOW,0,0,1,0,70,1,0,19.8,1397.65,0,0,0,0,1,1,0,1,0,1,0,1,0,1,0,1,0,0,1,0,0,0,0,0,19.966428571428573,-0.16642857142857181
6235-VDHOM,0,1,0,0,5,0,0,28.45,131.05,1,1,0,0,0,0,0,0,1,0,0,0,0,0,0,0,0,0,0,0,1,0,1,1,26.21,2.2399999999999984
7783-YKGDV,0,0,0,0,12,1,1,99.7,1238.45,1,0,1,1,0,0,1,0,1,0,1,0,0,0,0,0,1,0,0,0,0,0,4,1,103.20416666666667,-3.504166666666663
4374-YMUSQ,1,0,0,0,34,1,0,116.25,3899.05,0,0,1,1,0,0,1,0,1,0,1,0,1,0,1,0,1,1,0,1,0,0,6,0,114.6779411764706,1.572058823529403
4513-CXYIX,0,1,1,0,71,1,1,80.7,5676.0,0,0,1,1,0,0,1,0,0,0,0,0,0,0,0,0,0,0,1,1,0,0,1,0,79.94366197183099,0.7563380281690115
3957-HHLMR,0,0,1,1,70,1,0,65.2,4543.15,0,0,1,0,0,0,1,0,0,0,0,0,0,0,0,0,1,1,0,0,0,0,2,0,64.90214285714285,0.29785714285715414
7803-XOCCZ,0,0,1,1,52,1,1,84.05,4326.8,0,0,0,1,0,0,1,0,0,0,1,0,1,0,0,0,0,0,0,0,0,0,3,0,83.20769230769231,0.8423076923076849
5736-YEJAX,1,0,0,1,69,1,1,79.45,5502.55,0,0,1,0,0,0,1,0,1,0,1,0,1,0,1,0,0,0,1,1,0,0,5,0,79.74710144927536,-0.29710144927535964
5609-CEBID,0,1,0,0,20,1,1,94.1,1782.4,1,0,1,1,0,0,0,0,1,0,1,0,0,0,0,0,1,0,0,0,1,0,3,0,89.12,4.97999999999999
8981-FJGLA,1,0,0,1,11,1,1,78.0,851.8,0,0,1,1,0,0,0,0,0,0,1,0,0,0,0,0,0,0,0,0,0,1,1,1,77.43636363636364,0.5636363636363626
7218-HKQFK,1,0,1,0,2,1,1,94.2,167.5,1,0,0,1,0,0,0,0,0,0,0,0,1,0,1,0,1,0,0,0,1,0,3,1,83.75,10.450000000000003
4636-QRJKY,0,0,1,1,6,1,1,80.5,502.85,1,0,1,1,0,0,0,0,0,0,0,0,1,0,0,0,0,0,0,0,1,0,1,1,83.80833333333334,-3.308333333333337
1135-LMECX,0,0,0,0,1,1,0,19.85,19.85,0,0,0,0,1,1,0,1,0,1,0,1,0,1,0,1,0,0,0,0,0,1,0,1,19.85,0.0
4332-MUOEZ,1,1,1,1,20,1,0,94.3,1818.3,0,0,0,1,0,0,1,0,0,0,1,0,1,0,0,0,1,1,0,1,0,0,4,0,90.91499999999999,3.385000000000005
8535-SFUTN,1,0,0,0,61,1,1,106.45,6300.15,0,0,1,1,0,0,1,0,0,0,1,0,0,0,1,0,1,0,0,0,1,0,4,0,103.2811475409836,3.1688524590164064
5956-VKDTT,0,1,1,0,5,1,1,74.35,334.8,1,0,1,1,0,0,0,0,0,0,0,0,0,0,0,0,0,0,0,0,1,0,0,1,66.96000000000001,7.389999999999986
8677-HDZEE,0,0,0,0,56,1,1,105.45,5916.95,0,0,1,1,0,0,0,0,1,0,0,0,1,0,1,0,1,0,0,0,0,0,4,0,105.65982142857142,-0.2098214285714164
2475-MROZF,1,0,0,0,30,1,1,95.0,2852.4,0,0,1,1,0,0,1,0,1,0,1,0,1,0,0,0,0,0,0,1,0,0,4,0,95.08,-0.0799999999999983
9412-GHEEC,1,0,0,0,40,1,0,104.8,4131.95,1,0,1,1,0,0,0,0,0,0,1,0,1,0,1,0,1,0,0,0,0,0,4,0,103.29875,1.5012499999999989
3482-ABPKK,0,0,0,0,28,1,0,54.3,1546.3,0,0,0,0,0,0,1,0,0,0,0,0,1,0,0,0,0,1,0,0,0,1,2,0,55.225,-0.9250000000000043
6705-LXORM,0,1,1,0,5,1,0,70.05,302.6,0,0,0,1,0,0,0,0,0,0,0,0,0,0,0,0,0,0,0,0,1,0,0,1,60.52,9.529999999999994
0257-ZESQC,0,1,1,0,27,1,1,75.2,1929.35,1,0,0,1,0,0,1,0,0,0,0,0,0,0,0,0,0,0,0,0,0,0,1,0,71.4574074074074,3.742592592592601
7531-GQHME,1,0,0,0,12,1,0,20.05,265.45,0,0,0,0,1,1,0,1,0,1,0,1,0,1,0,1,0,0,0,1,0,0,0,1,22.120833333333334,-2.070833333333333
5174-ITUMV,1,0,1,1,67,1,1,105.4,6989.45,0,0,1,1,0,0,0,0,1,0,1,0,0,0,1,0,1,1,0,0,1,0,4,0,104.32014925373134,1.0798507462686615
4109-CYRBD,1,1,1,0,29,1,1,51.6,1442.0,0,0,1,0,0,0,0,0,0,0,0,0,0,0,0,0,0,0,0,0,1,0,0,0,49.724137931034484,1.8758620689655174
0913-XWSCN,1,0,1,1,55,1,0,85.5,4713.4,0,0,1,1,0,0,0,0,0,0,0,0,0,0,0,0,1,0,0,0,0,0,1,0,85.69818181818181,-0.19818181818180847
6825-UYPFK,0,0,0,0,23,1,0,75.6,1758.6,1,0,1,1,0,0,0,0,0,0,0,0,0,0,0,0,0,0,0,0,0,0,0,0,76.4608695652174,-0.8608695652173992
8397-MVTAZ,1,0,1,0,34,1,1,100.05,3480.0,1,0,1,1,0,0,0,0,0,0,1,0,0,0,1,0,1,0,0,0,1,0,3,0,102.3529411764706,-2.302941176470597
0750-EBAIU,1,0,0,0,52,1,0,91.25,4738.3,0,0,0,1,0,0,1,0,0,0,1,0,0,0,1,0,0,1,0,0,1,0,3,0,91.12115384615385,0.12884615384615472
8606-CIQUL,1,1,1,1,72,1,1,115.75,8399.15,0,0,1,1,0,0,1,0,1,0,1,0,1,0,1,0,1,0,1,1,0,0,6,0,116.6548611111111,-0.9048611111111029
3571-DPYUH,1,0,1,1,58,1,1,94.7,5430.35,0,0,1,1,0,0,0,0,1,0,0,0,1,0,1,0,0,1,0,1,0,0,3,0,93.62672413793103,1.073275862068968
7601-GNDYK,1,0,1,1,35,1,0,19.6,686.95,0,0,0,0,1,1,0,1,0,1,0,1,0,1,0,1,0,0,1,0,0,1,0,0,19.627142857142857,-0.027142857142855803
0356-OBMAC,0,1,0,0,56,1,1,99.9,5706.3,0,0,1,1,0,0,0,0,1,0,1,0,1,0,1,0,0,0,1,0,0,0,4,0,101.89821428571429,-1.9982142857142833
8067-NIOYM,0,0,1,1,24,1,1,21.1,490.65,0,0,0,0,1,1,0,1,0,1,0,1,0,1,0,1,0,0,1,1,0,0,0,0,20.443749999999998,0.6562500000000036
1403-GYAFU,1,0,1,1,70,1,0,20.05,1360.25,0,0,0,0,1,1,0,1,0,1,0,1,0,1,0,1,0,0,1,1,0,0,0,0,19.432142857142857,0.6178571428571438
4234-XTNEA,1,0,0,0,2,1,1,79.95,174.45,0,0,0,1,0,0,0,0,0,0,0,0,0,0,1,0,0,0,0,0,1,0,1,1,87.225,-7.2749999999999915
1297-VQDRP,1,1,1,1,68,1,1,107.15,7379.8,0,0,1,1,0,0,0,0,0,0,1,0,1,0,1,0,1,1,0,1,0,0,4,0,108.5264705882353,-1.3764705882352928
9282-IZGQK,0,0,0,0,1,1,1,85.0,85.0,1,0,1,1,0,0,0,0,0,0,0,0,0,0,0,0,1,0,0,0,1,0,1,1,85.0,0.0
5348-CAGXB,1,0,0,0,12,1,1,89.55,1021.75,0,0,1,1,0,0,0,0,0,0,1,0,0,0,1,0,0,0,0,0,1,0,2,1,85.14583333333333,4.404166666666669
0621-HJWXJ,0,0,1,0,63,1,1,81.55,5029.05,0,0,1,1,0,0,0,0,1,0,0,0,0,0,0,0,0,0,0,0,0,0,1,0,79.82619047619048,1.7238095238095212
5844-QVTAT,0,0,1,1,33,1,1,58.45,1955.4,0,0,0,0,0,0,1,0,1,0,1,0,0,0,0,0,0,1,0,0,0,1,3,0,59.25454545454546,-0.8045454545454547
8905-IAZPF,0,0,1,0,69,1,1,95.65,6744.2,0,0,0,1,0,0,0,0,1,0,0,0,0,0,1,0,1,1,0,1,0,0,3,0,97.74202898550725,-2.092028985507241
5394-MEITZ,0,0,1,1,60,1,1,80.6,4946.7,0,0,0,0,0,0,0,0,1,0,1,0,1,0,1,0,1,0,1,0,0,0,5,0,82.445,-1.8449999999999989
6859-QNXIQ,0,0,1,1,72,1,1,113.1,8248.5,0,0,1,1,0,0,1,0,1,0,1,0,1,0,1,0,1,0,1,0,0,0,6,0,114.5625,-1.4625000000000057
2782-LFZVW,0,0,0,0,11,1,1,58.95,601.6,0,0,1,0,0,0,0,0,0,0,0,0,0,0,0,0,1,0,0,0,0,1,1,1,54.690909090909095,4.259090909090908
2866-IKBTM,0,0,0,0,1,1,0,19.55,19.55,0,0,0,0,1,1,0,1,0,1,0,1,0,1,0,1,0,0,0,0,0,1,0,1,19.55,0.0
1342-JPNKI,1,0,0,0,10,1,1,86.05,834.1,1,0,1,1,0,0,0,0,0,0,0,0,0,0,1,0,0,0,0,0,0,0,1,1,83.41,2.6400000000000006
2817-NTQDO,1,0,0,0,13,0,1,45.55,597.0,1,1,0,0,0,0,1,0,0,0,0,0,1,0,1,0,0,0,0,1,0,0,3,0,45.92307692307692,-0.37307692307692264
7129-AZJDE,1,0,1,1,34,1,1,78.95,2647.2,0,0,0,1,0,0,0,0,0,0,0,0,0,0,0,0,1,1,0,0,0,0,1,0,77.85882352941177,1.0911764705882376
6986-IJDHX,1,0,1,1,39,1,1,86.3,3266.0,1,0,0,1,0,0,0,0,1,0,0,0,0,0,1,0,0,0,0,0,0,1,2,0,83.74358974358974,2.5564102564102598
2560-PPCHE,0,0,0,0,65,1,1,105.05,6744.25,0,0,1,1,0,0,0,0,1,0,0,0,1,0,1,0,1,1,0,0,0,0,4,0,103.75769230769231,1.2923076923076877
4676-MQUEA,1,1,1,0,50,1,1,101.9,5265.5,0,0,1,1,0,0,1,0,1,0,1,0,0,0,1,0,0,1,0,0,0,0,4,0,105.31,-3.4099999999999966
8138-EALND,1,0,0,0,15,1,0,19.75,311.6,0,0,0,0,1,1,0,1,0,1,0,1,0,1,0,1,0,0,0,0,0,1,0,0,20.773333333333333,-1.0233333333333334
3580-HYCSP,1,0,1,1,72,1,1,110.3,7966.9,0,0,1,1,0,0,1,0,1,0,1,0,0,0,1,0,1,0,1,0,0,0,5,0,110.65138888888889,-0.3513888888888914
1352-HNSAW,0,0,1,1,72,1,1,115.6,8220.4,0,0,1,1,0,0,1,0,1,0,1,0,1,0,1,0,1,0,1,0,0,0,6,0,114.17222222222222,1.4277777777777771
2075-PUEPR,1,0,1,1,55,1,0,19.35,1153.25,0,0,0,0,1,1,0,1,0,1,0,1,0,1,0,1,0,0,1,0,0,0,0,0,20.96818181818182,-1.6181818181818173
1982-FEBTD,0,0,1,1,23,1,1,25.6,514.75,0,0,1,0,1,1,0,1,0,1,0,1,0,1,0,1,0,0,1,1,0,0,0,0,22.380434782608695,3.219565217391306
5301-GAUUY,1,0,0,0,32,1,1,80.35,2596.15,1,0,1,1,0,0,0,0,1,0,0,0,0,0,0,0,0,0,0,0,0,0,1,0,81.1296875,-0.7796875000000085
5791-KAJFD,0,0,1,1,56,1,1,68.75,3808.0,0,0,1,0,0,0,1,0,0,0,1,0,0,0,0,0,1,1,0,0,0,0,3,0,68.0,0.75
2654-VBVPB,0,0,0,0,1,1,0,19.9,19.9,0,0,0,0,1,1,0,1,0,1,0,1,0,1,0,1,0,0,0,0,0,0,0,1,19.9,0.0
1154-HYWWO,1,0,0,0,38,1,0,70.6,2708.2,0,0,0,0,0,0,1,0,1,0,0,0,1,0,1,0,0,1,0,0,0,1,4,0,71.26842105263158,-0.6684210526315866
2501-XWWTZ,1,0,0,0,11,1,0,70.2,760.05,0,0,0,1,0,0,0,0,0,0,0,0,0,0,0,0,0,0,0,0,1,0,0,1,69.09545454545454,1.104545454545459
3716-UVSPD,1,0,0,0,1,1,1,49.3,49.3,0,0,0,0,0,0,0,0,0,0,0,0,1,0,0,0,0,0,0,0,1,0,1,1,49.3,0.0
6815-ABQFQ,1,0,1,0,56,1,1,107.25,6033.3,0,0,1,1,0,0,0,0,1,0,0,0,1,0,1,0,1,1,0,0,1,0,4,0,107.7375,-0.48749999999999716
7343-EOBEU,1,0,1,0,3,1,1,23.6,89.05,0,0,1,0,1,1,0,1,0,1,0,1,0,1,0,1,0,0,0,0,0,1,0,1,29.683333333333334,-6.083333333333332
3701-SFMUH,1,0,1,1,7,1,0,69.7,516.15,0,0,0,0,0,0,1,0,0,0,0,0,0,0,1,0,1,0,0,1,0,0,3,1,73.73571428571428,-4.035714285714278
6103-LIANB,1,0,1,1,59,1,1,99.5,5861.75,0,0,1,1,0,0,0,0,0,0,1,0,0,0,1,0,1,0,1,1,0,0,3,0,99.35169491525424,0.14830508474575765
7319-VENRZ,1,0,0,0,7,1,0,64.3,445.95,0,0,0,0,0,0,0,0,0,0,1,0,1,0,1,0,0,0,0,0,0,0,3,1,63.707142857142856,0.5928571428571416
5846-NEQVZ,1,0,1,1,71,1,1,70.85,4973.4,0,0,0,0,0,0,1,0,0,0,1,0,1,0,0,0,1,0,1,1,0,0,4,0,70.04788732394366,0.8021126760563391
6967-QIQRV,1,0,1,1,15,1,0,101.9,1667.25,0,0,0,1,0,0,1,0,0,0,0,0,1,0,1,0,1,1,0,0,1,0,4,0,111.15,-9.25
5781-RFZRP,1,0,1,0,71,1,0,73.5,5357.75,0,0,1,0,0,0,1,0,1,0,0,0,1,0,1,0,0,0,1,1,0,0,4,0,75.46126760563381,-1.9612676056338074
0939-YAPAF,0,0,0,0,35,1,1,100.25,3527.6,1,0,1,1,0,0,0,0,0,0,1,0,0,0,1,0,1,0,0,0,1,0,3,0,100.78857142857143,-0.53857142857143
0308-IVGOK,0,0,0,0,11,0,1,40.4,422.6,0,1,0,0,0,0,0,0,1,0,1,0,1,0,0,0,0,1,0,1,0,0,3,1,38.41818181818182,1.981818181818177
7293-LSCDV,0,0,1,1,60,1,1,19.25,1103.25,0,0,0,0,1,1,0,1,0,1,0,1,0,1,0,1,0,0,1,1,0,0,0,0,18.3875,0.8625000000000007
7025-WCBNE,1,1,0,0,47,1,0,59.6,2754.0,0,0,1,0,0,0,0,0,1,0,0,0,1,0,0,0,0,0,1,0,0,0,2,0,58.59574468085106,1.004255319148939
5756-JYOJT,0,0,0,0,11,1,0,64.9,697.25,0,0,0,0,0,0,0,0,0,0,1,0,1,0,0,0,1,1,0,1,0,0,3,1,63.38636363636363,1.5136363636363726
4710-FDUIZ,1,0,1,0,56,1,0,100.3,5614.45,1,0,1,1,0,0,0,0,1,0,0,0,0,0,1,0,1,1,0,1,0,0,3,0,100.25803571428571,0.04196428571428612
6030-REHUX,0,1,1,0,28,1,1,110.85,3204.4,0,0,1,1,0,0,0,0,1,0,1,0,1,0,1,0,1,0,0,0,1,0,5,0,114.44285714285715,-3.592857142857156
9548-LIGTA,1,0,1,0,61,1,1,81.05,4747.65,0,0,0,0,0,0,1,0,1,0,0,0,1,0,1,0,1,0,1,0,0,1,5,0,77.83032786885245,3.219672131147547
5150-LJNSR,1,0,1,1,31,1,0,98.05,3082.1,0,0,1,1,0,0,1,0,0,0,1,0,0,0,1,0,0,1,0,0,0,0,3,0,99.42258064516129,-1.3725806451612925
8270-RKSAP,1,0,0,0,9,1,1,70.5,597.9,0,0,0,1,0,0,0,0,0,0,0,0,0,0,0,0,0,0,0,0,1,0,0,1,66.43333333333334,4.066666666666663
6522-YRBXD,1,1,1,0,35,1,1,94.55,3365.4,0,0,1,1,0,0,1,0,1,0,0,0,0,0,0,0,1,0,0,0,1,0,3,0,96.15428571428572,-1.604285714285723
2640-LYMOV,1,0,0,0,2,1,1,19.65,38.8,0,0,0,0,1,1,0,1,0,1,0,1,0,1,0,1,0,0,0,0,0,1,0,1,19.4,0.25
1218-VKFPE,0,0,1,1,12,1,0,19.0,233.55,1,0,0,0,1,1,0,1,0,1,0,1,0,1,0,1,0,0,0,0,0,1,0,1,19.462500000000002,-0.46250000000000213
3627-FHKBK,0,0,0,0,1,1,0,75.3,75.3,1,0,0,1,0,0,1,0,0,0,0,0,0,0,0,0,0,0,0,0,0,1,1,1,75.3,0.0
2865-TCHJW,0,1,0,0,4,1,1,89.2,346.2,1,0,1,1,0,0,0,0,0,0,1,0,0,0,1,0,0,0,0,0,1,0,2,1,86.55,2.6500000000000057
1423-BMPBQ,0,0,1,1,1,1,1,19.0,19.0,0,0,0,0,1,1,0,1,0,1,0,1,0,1,0,1,0,0,0,0,0,1,0,1,19.0,0.0
2393-DIVAI,0,0,0,0,3,1,1,20.0,61.7,0,0,0,0,1,1,0,1,0,1,0,1,0,1,0,1,0,0,0,0,0,1,0,1,20.566666666666666,-0.5666666666666664
5192-EBGOV,0,1,0,0,1,1,1,85.7,85.7,1,0,1,1,0,0,0,0,0,0,0,0,0,0,1,0,0,0,0,0,1,0,1,1,85.7,0.0
4568-KNYWR,1,0,0,0,52,1,1,63.25,3342.45,0,0,0,0,0,0,1,0,1,0,0,0,0,0,1,0,0,0,1,1,0,0,3,0,64.27788461538461,-1.0278846153846075
8752-IMQOS,1,0,1,1,5,1,0,20.1,85.1,0,0,0,0,1,1,0,1,0,1,0,1,0,1,0,1,0,1,0,0,0,1,0,1,17.02,3.080000000000002
0742-LAFQK,1,0,1,0,72,1,1,99.15,7422.1,0,0,1,1,0,0,1,0,1,0,1,0,0,0,0,0,1,0,1,0,1,0,4,0,103.08472222222223,-3.93472222222222
0795-LAFGP,1,0,1,1,71,1,0,90.4,6668.05,0,0,1,0,0,0,1,0,1,0,1,0,1,0,1,0,1,0,1,0,1,0,6,0,93.91619718309859,-3.5161971830985834
0619-OLYUR,1,0,1,0,72,1,1,111.9,8071.05,0,0,1,1,0,0,1,0,0,0,1,0,1,0,1,0,1,0,1,1,0,0,5,0,112.09791666666666,-0.1979166666666572
5512-IDZEI,1,0,1,1,46,1,0,24.9,1174.8,0,0,1,0,1,1,0,1,0,1,0,1,0,1,0,1,0,1,0,0,1,0,0,0,25.539130434782606,-0.6391304347826079
0459-SPZHJ,1,0,1,1,63,1,0,83.5,5435.0,0,0,1,0,0,0,1,0,1,0,1,0,0,0,1,0,1,0,1,1,0,0,5,0,86.26984126984127,-2.7698412698412653
0215-BQKGS,1,0,0,0,30,1,1,84.3,2438.6,0,0,0,1,0,0,1,0,1,0,1,0,0,0,0,0,0,0,0,1,0,0,3,0,81.28666666666666,3.0133333333333354
9244-ZVAPM,1,0,0,0,1,1,0,45.6,45.6,0,0,0,0,0,0,0,0,0,0,0,0,0,0,0,0,0,0,0,0,0,1,0,1,45.6,0.0
0719-SYFRB,0,0,0,0,12,1,1,61.65,713.75,1,0,1,0,0,0,1,0,0,0,1,0,1,0,0,0,0,0,0,0,0,1,3,1,59.479166666666664,2.1708333333333343
8208-EUMTE,1,0,0,0,16,0,0,54.85,916.15,0,1,0,0,0,0,1,0,1,0,1,0,1,0,1,0,0,0,1,0,0,1,5,0,57.259375,-2.409374999999997
5172-MIGPM,1,0,0,0,4,1,0,65.55,237.2,0,0,1,0,0,0,0,0,0,0,0,0,1,0,0,0,1,0,0,0,0,1,2,1,59.3,6.25
1710-RCXUS,1,0,1,0,51,1,1,90.35,4614.55,0,0,1,1,0,0,0,0,1,0,0,0,0,0,0,0,1,1,0,1,0,0,2,0,90.48137254901961,-0.13137254901961626
0374-FIUCA,1,0,1,0,65,1,1,20.4,1414.45,0,0,0,0,1,1,0,1,0,1,0,1,0,1,0,1,0,0,1,1,0,0,0,0,21.76076923076923,-1.3607692307692325
5839-SUYVZ,1,0,0,0,16,1,1,74.55,1170.5,0,0,0,1,0,0,0,0,0,0,0,0,1,0,0,0,0,0,0,1,0,0,1,0,73.15625,1.3937499999999972
5173-ZXXXL,1,0,0,0,2,1,0,19.95,47.7,0,0,0,0,1,1,0,1,0,1,0,1,0,1,0,1,0,1,0,0,0,1,0,1,23.85,-3.900000000000002
1096-ADRUX,0,0,1,1,66,1,1,74.25,4859.25,0,0,1,1,0,0,0,0,0,0,0,0,0,0,0,0,0,1,0,0,0,0,0,0,73.625,0.625
2001-MCUUW,1,0,0,0,46,1,0,108.65,4903.2,0,0,1,1,0,0,0,0,1,0,1,0,1,0,1,0,1,0,1,0,1,0,5,0,106.59130434782608,2.058695652173924
2731-GJRDG,0,0,0,0,32,1,1,109.55,3608.0,0,0,1,1,0,0,1,0,0,0,1,0,1,0,1,0,1,1,0,0,0,0,5,0,112.75,-3.200000000000003
4723-BEGSG,1,0,1,0,72,1,0,86.65,6094.25,0,0,1,0,0,0,1,0,0,0,1,0,1,0,1,0,1,0,1,1,0,0,5,0,84.64236111111111,2.0076388888888914
6516-NKQBO,1,0,1,1,38,1,0,81.0,3084.9,0,0,0,0,0,0,1,0,0,0,1,0,1,0,1,0,1,0,1,1,0,0,5,0,81.18157894736842,-0.18157894736842195
8672-OAUPW,1,0,0,1,51,1,0,47.85,2356.75,0,0,0,0,0,0,0,0,0,0,0,0,1,0,0,0,0,1,0,1,0,0,1,0,46.21078431372549,1.639215686274511
8207-DMRVL,1,0,1,1,72,1,0,114.55,8306.05,0,0,1,1,0,0,1,0,1,0,1,0,1,0,1,0,1,0,1,0,0,0,6,0,115.36180555555555,-0.8118055555555515
3419-SNJJD,0,1,1,0,65,1,0,105.25,6786.4,1,0,1,1,0,0,1,0,0,0,1,0,0,0,1,0,1,0,0,0,0,0,4,0,104.40615384615384,0.8438461538461581
6543-CPZMK,1,0,1,1,9,0,1,29.95,248.95,1,1,0,0,0,0,0,0,1,0,0,0,0,0,0,0,0,0,0,0,1,0,1,1,27.66111111111111,2.288888888888888
4765-OXPPD,0,0,1,1,9,1,0,65.0,663.05,1,0,0,0,0,0,1,0,1,0,1,0,1,0,0,0,0,0,0,0,0,1,4,1,73.67222222222222,-8.672222222222217
2804-ETQDK,1,0,0,1,66,1,0,20.55,1357.1,0,0,0,0,1,1,0,1,0,1,0,1,0,1,0,1,0,0,1,0,0,1,0,0,20.562121212121212,-0.012121212121211755
6689-VRRTK,0,1,0,0,44,1,1,109.8,4860.35,0,0,1,1,0,0,1,0,1,0,1,0,0,0,1,0,1,1,0,1,0,0,5,0,110.4625,-0.6625000000000085
7138-GIRSH,1,0,0,0,50,1,0,69.5,3418.2,0,0,1,0,0,0,0,0,0,0,1,0,1,0,0,0,1,0,1,0,0,0,3,0,68.36399999999999,1.13600000000001
9396-ZSFLL,0,0,0,0,15,1,0,48.85,631.4,0,0,1,0,0,0,0,0,0,0,0,0,0,0,0,0,0,0,0,0,0,1,0,0,42.093333333333334,6.756666666666668
6464-KEXXH,1,0,0,0,8,0,1,25.25,186.3,0,1,0,0,0,0,0,0,0,0,0,0,0,0,0,0,0,0,0,1,0,0,0,1,23.2875,1.9624999999999986
7134-MJPDY,0,1,0,0,66,1,1,102.85,6976.75,0,0,1,1,0,0,0,0,0,0,1,0,1,0,1,0,1,1,0,1,0,0,4,0,105.70833333333333,-2.8583333333333343
5240-CAOYT,0,0,0,0,57,1,1,87.55,4884.85,0,0,1,1,0,0,1,0,1,0,0,0,1,0,0,0,0,0,0,0,0,0,3,0,85.69912280701755,1.850877192982452
4059-IIEBK,0,0,0,0,7,1,1,78.55,522.95,0,0,1,1,0,0,0,0,1,0,0,0,0,0,0,0,0,0,0,0,0,0,1,1,74.70714285714287,3.8428571428571274
4881-JVQOD,1,1,1,1,10,0,1,34.55,362.6,0,1,0,0,0,0,0,0,0,0,0,0,0,0,0,0,1,0,0,0,0,0,1,1,36.260000000000005,-1.710000000000008
0516-UXRMT,0,0,0,0,62,1,1,92.05,5755.8,0,0,1,1,0,0,1,0,1,0,1,0,0,0,0,0,0,1,0,0,1,0,3,0,92.83548387096775,-0.7854838709677523
4851-BQDNX,1,0,1,1,40,1,1,85.05,3355.65,0,0,0,1,0,0,0,0,0,0,1,0,0,0,1,0,0,1,0,0,1,0,2,0,83.89125,1.1587499999999977
5148-HKFIR,0,0,0,0,20,1,0,19.7,406.95,0,0,0,0,1,1,0,1,0,1,0,1,0,1,0,1,0,0,1,0,0,1,0,0,20.3475,-0.6475000000000009
1009-IRMNA,0,0,0,0,7,1,0,20.0,137.6,1,0,0,0,1,1,0,1,0,1,0,1,0,1,0,1,0,0,0,0,0,0,0,1,19.657142857142855,0.3428571428571452
3003-CMDUU,0,0,1,0,25,1,1,95.15,2395.7,0,0,0,1,0,0,0,0,0,0,0,0,1,0,1,0,1,0,0,0,1,0,3,0,95.82799999999999,-0.6779999999999831
5016-IBERQ,1,0,1,0,23,1,0,84.25,1968.1,0,0,1,1,0,0,0,0,1,0,1,0,0,0,0,0,0,0,0,0,1,0,2,0,85.5695652173913,-1.3195652173913004
6797-UCJHZ,0,1,1,0,66,1,0,104.6,6819.45,0,0,1,1,0,0,0,0,1,0,1,0,0,0,1,0,1,1,0,1,0,0,4,0,103.325,1.2749999999999915
2469-DTSGX,0,1,0,0,72,1,0,111.65,7943.45,0,0,1,1,0,0,0,0,1,0,1,0,1,0,1,0,1,0,1,0,1,0,5,0,110.32569444444444,1.3243055555555685
4554-YGZIH,1,1,1,0,49,1,0,90.05,4547.25,1,0,1,1,0,0,0,0,1,0,0,0,0,0,0,0,1,0,0,1,0,0,2,0,92.80102040816327,-2.7510204081632708
5099-BAILX,1,1,1,1,43,1,1,110.75,4687.9,1,0,1,1,0,0,0,0,1,0,1,0,1,0,1,0,1,0,0,0,0,0,5,0,109.02093023255813,1.729069767441871
9931-KGHOA,0,0,1,0,46,1,0,55.0,2473.95,0,0,1,0,0,0,1,0,0,0,0,0,0,0,0,0,0,0,0,0,0,0,1,0,53.78152173913043,1.218478260869567
1775-KWJKQ,1,0,1,1,72,1,0,89.85,6562.9,0,0,1,0,0,0,1,0,1,0,1,0,1,0,1,0,1,0,1,1,0,0,6,0,91.15138888888889,-1.3013888888888943
7665-VIGUD,1,0,0,0,10,1,0,20.35,176.3,0,0,0,0,1,1,0,1,0,1,0,1,0,1,0,1,0,1,0,0,0,1,0,1,17.630000000000003,2.719999999999999
9411-TPQQV,0,0,0,0,40,0,1,54.55,2236.2,0,1,0,0,0,0,1,0,0,0,0,0,1,0,1,0,1,1,0,0,0,0,4,0,55.904999999999994,-1.3549999999999969
7207-RMRDB,0,0,1,1,65,1,1,105.5,6985.65,1,0,1,1,0,0,0,0,1,0,1,0,0,0,1,0,1,0,0,0,1,0,4,0,107.47153846153846,-1.971538461538458
7954-MLBUN,1,0,0,0,31,1,0,99.45,3109.9,0,0,0,1,0,0,0,0,0,0,1,0,1,0,1,0,1,0,1,0,0,0,4,0,100.31935483870969,-0.8693548387096826
2077-DDHJK,0,0,1,0,68,1,0,70.9,4911.35,0,0,1,0,0,0,1,0,1,0,1,0,1,0,0,0,0,0,1,1,0,0,4,0,72.22573529411765,-1.3257352941176492
4913-EHYUI,1,1,1,1,56,1,1,104.55,5794.65,1,0,1,1,0,0,1,0,0,0,1,0,0,0,1,0,1,1,0,0,0,0,4,0,103.47589285714285,1.0741071428571445
0195-IESCP,1,0,1,0,10,1,1,85.25,855.3,1,0,1,1,0,0,0,0,0,0,0,0,0,0,0,0,1,0,0,0,1,0,1,1,85.53,-0.28000000000000114
9574-BOSMD,1,0,1,1,68,1,0,25.4,1620.2,0,0,1,0,1,1,0,1,0,1,0,1,0,1,0,1,0,0,1,0,0,0,0,0,23.826470588235296,1.573529411764703
4580-TMHJU,0,0,1,1,43,1,0,56.15,2499.3,1,0,0,0,0,0,0,0,0,0,0,0,0,0,1,0,0,0,0,0,1,0,1,0,58.12325581395349,-1.973255813953493
0970-ETWGE,1,0,0,0,1,1,1,89.55,89.55,1,0,0,1,0,0,0,0,0,0,0,0,0,0,1,0,1,0,0,0,1,0,2,1,89.55,0.0
4908-XAXAY,0,1,0,0,49,1,1,89.85,4287.2,0,0,0,1,0,0,0,0,1,0,1,0,0,0,0,0,1,1,0,0,0,0,3,0,87.4938775510204,2.3561224489795904
8404-VLQFB,0,0,1,1,15,1,1,25.25,394.85,0,0,1,0,1,1,0,1,0,1,0,1,0,1,0,1,0,0,0,0,1,0,0,0,26.323333333333334,-1.0733333333333341
1626-ERCMM,1,1,1,0,20,1,1,94.55,1899.65,1,0,1,1,0,0,0,0,0,0,0,0,0,0,1,0,1,0,0,0,1,0,2,0,94.9825,-0.43250000000000455
0887-HJGAR,1,0,0,0,1,1,1,45.7,45.7,1,0,0,0,0,0,0,0,0,0,0,0,0,0,0,0,0,0,0,0,0,1,0,1,45.7,0.0
2391-IPLOP,1,0,1,1,50,1,1,69.65,3442.15,0,0,1,0,0,0,0,0,0,0,1,0,1,0,1,0,0,1,0,0,1,0,3,0,68.843,0.8070000000000022
5644-PDMZC,0,1,0,0,2,1,0,89.5,161.5,1,0,1,1,0,0,0,0,1,0,0,0,0,0,0,0,1,0,0,0,1,0,2,1,80.75,8.75
3509-GWQGF,1,1,0,0,24,1,0,70.0,1732.6,0,0,0,1,0,0,0,0,0,0,0,0,0,0,0,0,0,0,0,1,0,0,0,0,72.19166666666666,-2.191666666666663
9576-ANLXO,0,0,0,0,3,1,1,69.55,222.3,1,0,0,1,0,0,0,0,0,0,0,0,0,0,0,0,0,0,0,0,0,0,0,1,74.10000000000001,-4.550000000000011
2024-BASKD,0,0,0,0,1,1,1,74.6,74.6,1,0,0,1,0,0,0,0,0,0,1,0,0,0,0,0,0,0,0,0,0,1,1,1,74.6,0.0
5845-BZZIB,1,0,1,1,35,1,0,20.1,655.3,0,0,0,0,1,1,0,1,0,1,0,1,0,1,0,1,0,0,1,0,0,1,0,0,18.72285714285714,1.3771428571428608
1140-UKVZG,0,0,0,0,17,1,0,24.8,475.25,0,0,1,0,1,1,0,1,0,1,0,1,0,1,0,1,0,0,0,0,0,1,0,0,27.955882352941178,-3.155882352941177
4160-AMJTL,0,1,0,0,8,1,0,19.65,164.3,1,0,0,0,1,1,0,1,0,1,0,1,0,1,0,1,0,0,0,0,1,0,0,1,20.5375,-0.8875000000000028
5183-SNMJQ,1,0,0,0,10,1,1,95.1,865.1,0,0,0,1,0,0,0,0,0,0,0,0,1,0,1,0,1,0,0,1,0,0,3,1,86.51,8.58999999999999
8100-PNJMH,1,0,1,1,68,1,1,88.85,6132.7,0,0,1,0,0,0,1,0,1,0,1,0,1,0,1,0,1,0,1,1,0,0,6,0,90.18676470588235,-1.3367647058823593
7838-LAZFO,1,0,1,0,45,1,0,78.8,3597.5,0,0,0,0,0,0,1,0,1,0,1,0,0,0,1,0,1,1,0,0,0,0,5,0,79.94444444444444,-1.1444444444444457
4464-JCOLN,1,0,1,1,2,1,0,19.85,35.9,1,0,0,0,1,1,0,1,0,1,0,1,0,1,0,1,0,1,0,0,0,1,0,1,17.95,1.9000000000000021
2085-JVGAD,1,0,1,0,37,1,0,20.35,697.65,0,0,0,0,1,1,0,1,0,1,0,1,0,1,0,1,0,0,0,0,0,0,0,0,18.855405405405406,1.494594594594595
5650-VDUDS,0,0,0,0,4,0,1,24.25,96.05,1,1,0,0,0,0,0,0,0,0,0,0,0,0,0,0,0,0,0,0,0,1,0,1,24.0125,0.2375000000000007
8095-WANWK,0,0,0,0,10,1,0,45.25,428.7,0,0,0,0,0,0,0,0,0,0,0,0,0,0,0,0,0,0,0,0,0,1,0,1,42.87,2.3800000000000026
3030-ZKIWL,1,0,0,0,1,1,0,20.05,20.05,0,0,0,0,1,1,0,1,0,1,0,1,0,1,0,1,0,0,0,0,0,1,0,1,20.05,0.0
9565-FLVCG,1,0,1,1,65,1,1,69.55,4459.15,0,0,1,0,0,0,1,0,1,0,0,0,0,0,0,0,1,0,1,0,0,1,3,0,68.60230769230769,0.9476923076923072
8755-OGKNA,0,0,1,1,57,1,0,19.5,1167.6,0,0,0,0,1,1,0,1,0,1,0,1,0,1,0,1,0,0,1,0,0,0,0,0,20.48421052631579,-0.9842105263157883
2800-VEQXM,0,0,0,0,3,1,1,74.75,238.1,0,0,0,1,0,0,0,0,0,0,1,0,0,0,0,0,0,0,0,0,0,1,1,1,79.36666666666666,-4.61666666666666
7538-GWHML,0,0,0,0,2,1,0,69.65,145.15,1,0,0,1,0,0,0,0,0,0,0,0,0,0,0,0,0,0,0,0,1,0,0,1,72.575,-2.924999999999997
5533-RJFTJ,1,0,0,0,49,0,1,30.2,1453.1,0,1,0,0,0,0,0,0,0,0,1,0,0,0,0,0,0,0,0,0,0,0,1,0,29.655102040816324,0.5448979591836753
3859-CVCET,0,0,0,0,4,1,0,45.65,191.05,1,0,0,0,0,0,0,0,0,0,0,0,0,0,0,0,0,0,0,0,0,1,0,1,47.7625,-2.1125000000000043
0214-JHPFW,0,0,1,0,70,0,0,57.8,4039.3,0,1,0,0,0,0,0,0,1,0,1,0,1,0,1,0,1,0,1,0,0,0,5,0,57.70428571428572,0.09571428571427987
5642-MHDQT,0,0,1,1,53,1,1,19.85,1039.45,0,0,0,0,1,1,0,1,0,1,0,1,0,1,0,1,0,1,0,0,0,0,0,0,19.612264150943396,0.23773584905660528
3088-FVYWK,1,0,1,1,53,1,0,25.55,1336.1,0,0,1,0,1,1,0,1,0,1,0,1,0,1,0,1,0,0,1,1,0,0,0,0,25.20943396226415,0.3405660377358508
3276-HDUEG,0,0,0,0,1,1,1,75.05,75.05,1,0,1,1,0,0,0,0,0,0,0,0,0,0,0,0,0,0,0,0,0,1,0,1,75.05,0.0
9092-GDZKO,1,0,0,0,22,1,1,24.85,493.4,0,0,1,0,1,1,0,1,0,1,0,1,0,1,0,1,0,0,0,1,0,0,0,0,22.427272727272726,2.4227272727272755
0823-HSCDJ,1,1,0,0,52,0,1,49.15,2550.9,1,1,0,0,0,0,0,0,1,0,0,0,0,0,1,0,1,0,0,0,1,0,3,0,49.05576923076923,0.09423076923076934
3729-OWRVL,1,1,0,0,65,1,1,110.35,7246.15,0,0,1,1,0,0,1,0,0,0,1,0,1,0,1,0,1,0,1,0,1,0,5,0,111.47923076923077,-1.129230769230773
2324-AALNO,0,0,0,0,48,1,0,24.55,1203.95,0,0,1,0,1,1,0,1,0,1,0,1,0,1,0,1,0,1,0,0,0,0,0,0,25.082291666666666,-0.5322916666666657
0822-GAVAP,0,0,0,0,2,0,1,34.7,62.25,1,1,0,0,0,0,0,0,0,0,0,0,0,0,0,0,1,0,0,0,1,0,1,1,31.125,3.575000000000003
5760-IFJOZ,1,0,0,0,3,1,0,107.95,313.6,0,0,1,1,0,0,0,0,1,0,1,0,0,0,1,0,1,0,0,0,0,1,4,1,104.53333333333335,3.416666666666657
2826-UWHIS,1,0,1,0,45,1,0,81.4,3775.85,0,0,1,1,0,0,0,0,1,0,0,0,0,0,0,0,0,0,0,0,0,0,1,0,83.90777777777778,-2.5077777777777754
1448-PWKYE,1,0,1,1,1,1,0,80.0,80.0,1,0,0,1,0,0,0,0,0,0,0,0,0,0,0,0,1,0,0,0,1,0,1,1,80.0,0.0
7501-IWUNG,0,0,1,1,61,1,1,73.8,4616.05,0,0,0,0,0,0,0,0,0,0,1,0,1,0,1,0,1,0,1,0,0,0,4,0,75.67295081967214,-1.8729508196721412
4957-TREIR,1,0,0,0,3,1,1,64.4,195.65,0,0,0,0,0,0,1,0,0,0,0,0,1,0,1,0,0,0,0,1,0,0,3,1,65.21666666666667,-0.8166666666666629
7251-LJBQN,0,1,0,0,40,1,1,103.75,4188.4,0,0,1,1,0,0,0,0,0,0,1,0,1,0,1,0,1,1,0,1,0,0,4,0,104.71,-0.9599999999999937
8040-MNRTF,0,0,0,0,1,1,0,71.1,71.1,0,0,0,1,0,0,0,0,0,0,0,0,0,0,0,0,0,0,0,0,0,1,0,1,71.1,0.0
1536-HBSWP,0,0,0,0,1,1,1,49.9,49.9,0,0,0,0,0,0,0,0,0,0,0,0,1,0,0,0,0,0,0,0,1,0,1,1,49.9,0.0
5313-FPXWG,1,0,0,0,51,1,1,24.6,1266.4,0,0,1,0,1,1,0,1,0,1,0,1,0,1,0,1,0,1,0,0,0,0,0,0,24.83137254901961,-0.23137254901960702
0067-DKWBL,1,1,0,0,2,1,1,49.25,91.1,1,0,0,0,0,0,1,0,0,0,0,0,0,0,0,0,0,0,0,0,1,0,1,1,45.55,3.700000000000003
0946-FKYTX,1,0,0,0,52,0,0,30.1,1623.4,0,1,0,0,0,0,0,0,1,0,0,0,0,0,0,0,0,1,0,0,0,1,1,0,31.21923076923077,-1.119230769230768
5076-YVXCM,1,0,0,0,51,1,0,83.4,4149.45,0,0,1,1,0,0,0,0,0,0,0,0,0,0,0,0,1,0,0,0,0,0,1,0,81.36176470588235,2.038235294117655
8262-COGGB,1,0,0,0,1,1,1,20.45,20.45,0,0,0,0,1,1,0,1,0,1,0,1,0,1,0,1,0,0,0,0,0,1,0,1,20.45,0.0
6663-JOCQO,1,0,1,1,31,1,1,75.25,2344.5,0,0,1,0,0,0,1,0,1,0,0,0,1,0,0,0,1,1,0,0,0,0,4,0,75.62903225806451,-0.37903225806451246
9620-QJREV,1,0,0,1,47,1,0,20.55,1013.05,0,0,0,0,1,1,0,1,0,1,0,1,0,1,0,1,0,1,0,1,0,0,0,0,21.554255319148936,-1.0042553191489354
2276-YDAVZ,0,0,0,0,3,1,1,75.1,270.7,1,0,1,1,0,0,0,0,0,0,0,0,0,0,0,0,0,0,0,1,0,0,0,1,90.23333333333333,-15.13333333333334
2682-KEVRP,0,1,0,0,22,1,1,20.05,417.0,0,0,0,0,1,1,0,1,0,1,0,1,0,1,0,1,0,1,0,0,0,1,0,0,18.954545454545453,1.0954545454545475
2480-JZOSN,0,0,1,0,1,1,1,20.65,20.65,0,0,0,0,1,1,0,1,0,1,0,1,0,1,0,1,0,0,0,0,0,1,0,1,20.65,0.0
0078-XZMHT,1,0,1,0,72,1,1,85.15,6316.2,0,0,1,0,0,0,0,0,1,0,1,0,1,0,1,0,1,0,1,0,0,0,5,0,87.725,-2.5749999999999886
5896-NPFWW,1,0,1,1,3,1,1,50.15,168.15,1,0,0,0,0,0,0,0,0,0,1,0,0,0,0,0,0,0,0,0,1,0,1,1,56.050000000000004,-5.900000000000006
9978-HYCIN,1,1,1,1,47,1,1,84.95,4018.05,0,0,0,1,0,0,0,0,1,0,0,0,0,0,1,0,0,1,0,0,0,0,2,0,85.4904255319149,-0.5404255319148916
8338-QIUNR,1,0,1,1,72,1,1,66.5,4811.6,0,0,1,0,0,0,1,0,0,0,1,0,1,0,0,0,0,0,1,1,0,0,3,0,66.82777777777778,-0.32777777777778283
1525-LNLOJ,1,0,1,1,66,1,1,63.3,4189.7,0,0,1,0,0,0,0,0,0,0,1,0,0,0,1,0,0,0,1,0,0,0,2,0,63.48030303030303,-0.18030303030302974
9450-TRJUU,1,0,0,0,35,1,0,83.15,2848.45,0,0,1,1,0,0,0,0,0,0,0,0,0,0,1,0,0,0,0,0,1,0,1,0,81.38428571428571,1.7657142857142958
1766-GKNMI,1,0,0,0,29,1,1,84.9,2516.2,0,0,1,1,0,0,0,0,0,0,0,0,0,0,0,0,1,0,0,0,1,0,1,0,86.7655172413793,-1.865517241379294
6942-LBFDP,0,0,0,0,2,1,1,20.55,33.6,0,0,0,0,1,1,0,1,0,1,0,1,0,1,0,1,0,0,0,0,0,1,0,1,16.8,3.75
1456-TWCGB,1,0,0,0,4,1,0,49.25,208.45,0,0,0,0,0,0,0,0,1,0,0,0,0,0,0,0,0,0,0,0,0,1,1,1,52.1125,-2.862499999999997
7133-VBDCG,0,0,0,0,25,1,1,79.85,2015.35,1,0,0,1,0,0,1,0,1,0,0,0,0,0,0,0,0,0,0,0,0,0,2,0,80.61399999999999,-0.7639999999999958
7596-ZYWBB,0,0,0,0,65,1,1,59.6,3739.8,0,0,0,0,0,0,1,0,1,0,0,0,1,0,0,0,0,0,1,0,0,1,3,0,57.535384615384615,2.0646153846153865
8329-UTMVM,1,1,0,0,27,1,1,104.65,2964.0,0,0,1,1,0,0,0,0,1,0,0,0,1,0,1,0,1,1,0,0,0,0,4,0,109.77777777777777,-5.127777777777766
3014-WJKSM,1,0,1,0,29,1,1,75.3,2263.4,0,0,0,1,0,0,0,0,0,0,1,0,0,0,0,0,0,0,0,1,0,0,1,0,78.04827586206896,-2.748275862068965
3347-YJZZE,1,0,1,1,29,1,0,80.1,2211.8,0,0,1,0,0,0,0,0,1,0,1,0,0,0,1,0,1,0,0,1,0,0,4,0,76.26896551724138,3.8310344827586107
1029-QFBEN,1,0,0,0,1,1,0,19.55,19.55,1,0,0,0,1,1,0,1,0,1,0,1,0,1,0,1,0,0,0,0,0,1,0,1,19.55,0.0
7929-DMBCV,0,0,1,0,20,1,1,81.0,1683.7,0,0,0,1,0,0,0,0,0,0,1,0,1,0,0,0,0,0,0,0,0,1,2,0,84.185,-3.1850000000000023
9661-JALZV,0,0,0,0,58,1,1,24.7,1519.0,0,0,1,0,1,1,0,1,0,1,0,1,0,1,0,1,0,0,1,1,0,0,0,0,26.189655172413794,-1.4896551724137943
5433-KYGHE,0,0,0,1,14,1,1,86.0,1164.05,0,0,1,1,0,0,1,0,0,0,0,0,1,0,0,0,0,0,0,0,0,1,2,0,83.14642857142857,2.8535714285714278
4312-KFRXN,1,0,1,0,72,1,0,25.4,1710.9,0,0,1,0,1,1,0,1,0,1,0,1,0,1,0,1,0,0,1,0,0,1,0,0,23.762500000000003,1.6374999999999957
5575-TPIZQ,1,0,0,0,46,1,1,89.15,4245.55,0,0,1,1,0,0,1,0,0,0,0,0,0,0,1,0,0,0,0,1,0,0,2,0,92.29456521739131,-3.1445652173913032
0114-IGABW,0,0,1,0,71,0,0,58.25,4145.9,0,1,0,0,0,0,0,0,1,0,1,0,1,0,1,0,1,0,1,0,0,0,5,0,58.39295774647887,-0.14295774647887072
9944-AEXBM,1,0,0,0,32,1,1,85.65,2664.3,0,0,1,1,0,0,0,0,0,0,0,0,0,0,0,0,1,0,0,0,0,0,1,0,83.259375,2.390625
1853-ARAAQ,0,0,0,0,26,0,1,50.35,1277.5,0,1,0,0,0,0,0,0,0,0,1,0,0,0,1,0,1,0,0,1,0,0,3,0,49.13461538461539,1.2153846153846146
6952-OMNWB,1,1,1,0,68,1,1,80.35,5589.3,0,0,1,1,0,0,0,0,0,0,1,0,0,0,0,0,0,0,0,1,0,0,1,0,82.19558823529412,-1.8455882352941302
4697-LUPSU,1,0,1,1,2,1,0,20.2,34.75,0,0,0,0,1,1,0,1,0,1,0,1,0,1,0,1,0,1,0,0,0,1,0,1,17.375,2.8249999999999993
8434-VGEQQ,1,0,1,1,61,1,0,20.55,1305.95,0,0,0,0,1,1,0,1,0,1,0,1,0,1,0,1,0,0,1,1,0,0,0,0,21.409016393442624,-0.8590163934426229
4952-YSOGZ,0,0,1,1,4,1,1,85.95,381.3,1,0,1,1,0,0,0,0,0,0,0,0,0,0,0,0,1,0,0,0,1,0,1,1,95.325,-9.375
1589-AGTLK,1,0,0,0,3,1,1,45.35,141.5,1,0,0,0,0,0,0,0,0,0,0,0,0,0,0,0,0,0,0,0,1,0,0,1,47.166666666666664,-1.8166666666666629
5244-IRFIH,1,1,1,0,33,1,1,94.5,3105.55,1,0,1,1,0,0,0,0,0,0,0,0,0,0,1,0,1,0,0,0,1,0,2,0,94.10757575757576,0.3924242424242408
6549-YMFAW,1,1,1,0,9,1,1,21.25,204.55,0,0,0,0,1,1,0,1,0,1,0,1,0,1,0,1,0,0,0,0,0,1,0,1,22.727777777777778,-1.4777777777777779
4950-HKQTE,0,0,0,0,22,1,0,26.25,605.9,0,0,1,0,1,1,0,1,0,1,0,1,0,1,0,1,0,0,1,0,0,1,0,0,27.54090909090909,-1.2909090909090892
6786-OBWQR,0,0,1,1,5,1,1,80.85,356.1,0,0,0,1,0,0,0,0,0,0,0,0,0,0,1,0,0,0,0,0,1,0,1,1,71.22,9.629999999999995
2684-EIWEO,0,1,0,0,30,1,0,91.7,2758.15,1,0,1,1,0,0,1,0,1,0,1,0,0,0,0,0,0,0,0,1,0,0,3,0,91.93833333333333,-0.23833333333332973
2753-JMMCV,1,0,0,0,65,1,1,74.2,4805.65,0,0,1,0,0,0,0,0,1,0,1,0,1,0,0,0,1,0,1,1,0,0,4,0,73.93307692307691,0.26692307692309214
6439-GTPCA,0,0,0,0,45,1,1,87.25,3941.7,1,0,1,1,0,0,0,0,0,0,1,0,1,0,0,0,0,0,0,0,1,0,2,0,87.59333333333333,-0.3433333333333337
6621-YOBKI,1,0,0,0,5,1,0,20.35,92.75,0,0,0,0,1,1,0,1,0,1,0,1,0,1,0,1,0,0,0,0,0,1,0,1,18.55,1.8000000000000007
1216-JWVUX,1,0,1,1,25,1,1,75.5,1901.05,0,0,0,1,0,0,0,0,1,0,0,0,0,0,0,0,0,0,0,0,1,0,1,0,76.042,-0.5420000000000016
7564-GHCVB,0,0,1,1,72,1,0,79.05,5730.7,0,0,1,1,0,0,1,0,0,0,0,0,0,0,0,0,0,0,1,0,0,0,1,0,79.59305555555555,-0.5430555555555543
1173-NOEYG,0,0,1,0,27,1,0,90.15,2423.4,0,0,1,1,0,0,0,0,0,0,1,0,0,0,0,0,1,0,0,0,0,0,2,0,89.75555555555556,0.3944444444444457
7595-EHCDL,1,0,1,1,32,0,0,50.6,1653.45,0,1,0,0,0,0,0,0,0,0,1,0,0,0,1,0,1,0,0,1,0,0,3,0,51.6703125,-1.0703125
6647-ZEDXT,0,0,0,0,30,1,0,110.45,3327.05,0,0,1,1,0,0,0,0,1,0,1,0,1,0,1,0,1,1,0,1,0,0,5,0,110.90166666666667,-0.451666666666668
2521-NPUZR,1,0,1,0,70,1,0,101.0,7085.5,0,0,0,1,0,0,1,0,1,0,1,0,1,0,0,0,1,0,1,1,0,0,5,0,101.22142857142858,-0.22142857142857508
1307-TVUFB,1,1,0,0,42,1,1,79.35,3344.1,0,0,1,1,0,0,0,0,1,0,0,0,0,0,0,0,0,0,0,0,0,0,1,0,79.62142857142857,-0.27142857142857224
7503-MIOGA,0,1,1,0,72,1,1,89.85,6697.35,0,0,1,0,0,0,1,0,1,0,1,0,1,0,1,0,1,0,1,0,0,0,6,0,93.01875000000001,-3.168750000000017
4381-MHQDC,0,0,0,0,47,1,1,65.0,2879.9,0,0,1,0,0,0,1,0,0,0,1,0,1,0,0,0,0,0,1,0,0,1,3,0,61.274468085106385,3.7255319148936152
6923-JHPMP,0,0,0,0,2,1,1,80.45,137.1,0,0,0,1,0,0,1,0,0,0,1,0,0,0,0,0,0,0,0,0,1,0,2,1,68.55,11.900000000000006
5138-WVKYJ,1,0,0,0,10,1,0,98.55,1008.55,1,0,1,1,0,0,1,0,0,0,0,0,0,0,1,0,1,0,0,0,1,0,3,1,100.85499999999999,-2.3049999999999926
4018-PPNDW,0,0,1,1,61,1,1,24.1,1551.6,0,0,1,0,1,1,0,1,0,1,0,1,0,1,0,1,0,0,1,0,0,1,0,0,25.43606557377049,-1.3360655737704903
1635-FJFCC,0,0,0,0,5,1,1,44.05,202.15,0,0,0,0,0,0,0,0,0,0,0,0,0,0,0,0,0,0,0,1,0,0,0,1,40.43,3.6199999999999974
2499-AJYUA,0,1,1,0,72,1,1,110.8,7882.25,0,0,1,1,0,0,0,0,1,0,1,0,1,0,1,0,1,0,1,1,0,0,5,0,109.47569444444444,1.3243055555555543
6919-ELBGL,1,1,1,1,72,1,1,114.95,8196.4,0,0,1,1,0,0,1,0,1,0,1,0,1,0,1,0,1,0,1,0,0,0,6,0,113.83888888888889,1.1111111111111143
3966-HRMZA,0,1,0,0,3,1,0,75.05,202.9,0,0,0,1,0,0,0,0,0,0,1,0,0,0,0,0,0,0,0,0,0,1,1,1,67.63333333333334,7.416666666666657
6425-JWTDV,1,0,1,0,48,1,0,19.25,855.1,0,0,0,0,1,1,0,1,0,1,0,1,0,1,0,1,0,0,1,0,0,1,0,0,17.814583333333335,1.435416666666665
8405-IGQFX,0,0,0,0,63,1,1,90.05,5817.0,0,0,0,1,0,0,0,0,0,0,1,0,1,0,1,0,0,1,0,1,0,0,3,0,92.33333333333333,-2.2833333333333314
8224-IVVPA,0,0,0,0,27,1,1,56.7,1652.95,0,0,0,0,0,0,1,0,1,0,0,0,0,0,0,0,0,0,0,0,0,1,2,0,61.220370370370375,-4.520370370370372
9477-LGWQI,1,0,1,1,70,1,1,80.15,5600.15,0,0,0,0,0,0,1,0,1,0,1,0,0,0,1,0,1,0,1,1,0,0,5,0,80.00214285714286,0.14785714285714846
1410-RSCMR,1,0,1,1,7,1,1,71.35,515.75,0,0,0,0,0,0,1,0,0,0,1,0,1,0,0,0,1,0,0,1,0,0,4,1,73.67857142857143,-2.3285714285714363
3115-CZMZD,1,0,0,1,0,1,0,20.25,0.0,0,0,0,0,1,1,0,1,0,1,0,1,0,1,0,1,0,0,1,0,0,1,0,1,0.0,20.25
0139-IVFJG,0,0,1,0,2,1,0,90.35,190.5,0,0,0,1,0,0,1,0,1,0,0,0,0,0,1,0,0,0,0,0,1,0,3,1,95.25,-4.900000000000006
6683-VLCTZ,1,1,0,0,20,1,1,98.55,1842.8,1,0,1,1,0,0,0,0,0,0,1,0,0,0,1,0,1,0,0,0,1,0,3,0,92.14,6.409999999999997
5730-DBDSI,1,0,0,0,66,1,0,19.7,1253.8,0,0,0,0,1,1,0,1,0,1,0,1,0,1,0,1,0,0,1,0,0,0,0,0,18.996969696969696,0.7030303030303031
0030-FNXPP,0,0,0,0,3,1,0,19.85,57.2,0,0,0,0,1,1,0,1,0,1,0,1,0,1,0,1,0,0,0,0,0,1,0,1,19.066666666666666,0.783333333333335
2189-WWOEW,0,0,0,1,15,1,1,85.9,1269.55,1,0,0,1,0,0,0,0,1,0,0,0,0,0,0,0,1,0,0,0,0,0,2,0,84.63666666666667,1.2633333333333354
5684-FJVYR,0,0,1,1,72,1,1,90.35,6563.4,0,0,1,1,0,0,1,0,1,0,0,0,1,0,0,0,0,0,1,0,0,0,3,0,91.15833333333333,-0.8083333333333371
4013-GUXND,1,0,0,0,1,1,0,20.8,20.8,0,0,0,0,1,1,0,1,0,1,0,1,0,1,0,1,0,0,0,0,0,1,0,1,20.8,0.0
1894-IGFSG,0,0,0,0,22,1,0,89.25,1907.85,1,0,0,1,0,0,0,0,0,0,0,0,0,0,1,0,1,0,0,0,1,0,2,0,86.72045454545454,2.529545454545456
7379-POKDZ,1,0,1,0,3,1,1,70.3,208.85,1,0,0,1,0,0,0,0,0,0,0,0,0,0,0,0,0,0,0,0,1,0,0,1,69.61666666666666,0.6833333333333371
1266-NZYUI,0,0,1,1,72,1,0,66.85,4758.8,0,0,1,0,0,0,1,0,0,0,1,0,1,0,0,0,0,0,1,0,0,0,3,0,66.09444444444445,0.7555555555555458
7969-FFOWG,1,0,1,1,65,1,0,19.9,1292.6,0,0,0,0,1,1,0,1,0,1,0,1,0,1,0,1,0,0,1,0,0,1,0,0,19.886153846153846,0.013846153846152731
4718-DHSMV,0,0,0,0,11,0,1,35.8,363.15,0,1,0,0,0,0,0,0,0,0,0,0,0,0,1,0,0,0,0,0,0,1,1,1,33.01363636363636,2.786363636363639
5175-WLYXL,1,0,0,0,22,1,1,78.85,1600.25,0,0,1,1,0,0,0,0,1,0,0,0,0,0,0,0,0,0,0,0,0,1,1,0,72.73863636363636,6.1113636363636346
7817-OMJNA,1,0,0,0,14,1,0,20.4,275.7,0,0,0,0,1,1,0,1,0,1,0,1,0,1,0,1,0,1,0,0,0,0,0,0,19.692857142857143,0.7071428571428555
8728-SKJLR,1,0,0,0,41,1,1,74.25,3089.1,0,0,0,1,0,0,0,0,0,0,0,0,1,0,0,0,0,0,0,0,1,0,1,0,75.34390243902439,-1.09390243902439
3137-NYQQI,1,0,1,0,17,1,0,64.8,1175.6,0,0,0,0,0,0,1,0,1,0,0,0,0,0,0,0,1,1,0,0,0,1,3,0,69.15294117647058,-4.35294117647058
7706-DZNKK,1,0,0,0,11,1,1,20.45,237.3,0,0,0,0,1,1,0,1,0,1,0,1,0,1,0,1,0,0,0,1,0,0,0,1,21.572727272727274,-1.1227272727272748
0236-HFWSV,1,0,0,0,15,1,1,93.35,1444.65,1,0,1,1,0,0,0,0,0,0,0,0,0,0,1,0,1,0,0,0,1,0,2,0,96.31,-2.960000000000008
3900-AQPHZ,0,0,0,0,1,1,0,19.9,19.9,1,0,0,0,1,1,0,1,0,1,0,1,0,1,0,1,0,0,0,0,0,1,0,1,19.9,0.0
5842-POCOP,0,0,1,0,5,1,1,88.9,454.15,1,0,0,1,0,0,1,0,0,0,1,0,0,0,0,0,1,0,0,0,0,1,3,1,90.83,-1.9299999999999926
2037-XJFUP,1,0,1,0,33,1,1,95.8,3036.75,1,0,0,1,0,0,0,0,0,0,1,0,0,0,1,0,1,1,0,0,1,0,3,0,92.02272727272727,3.777272727272731
8823-RLPWL,0,0,1,0,72,1,1,110.65,8065.65,0,0,1,1,0,0,1,0,1,0,1,0,0,0,1,0,1,0,1,1,0,0,5,0,112.02291666666666,-1.3729166666666544
9505-SQFSW,0,0,1,1,3,0,0,40.3,92.5,0,1,0,0,0,0,0,0,1,0,0,0,0,0,0,0,1,0,0,0,0,1,2,1,30.833333333333332,9.466666666666665
7314-OXENN,1,0,0,0,2,1,1,82.0,184.65,1,0,1,1,0,0,0,0,1,0,0,0,0,0,0,0,0,0,0,0,1,0,1,1,92.325,-10.325000000000003
3758-CKOQL,0,0,1,0,59,1,1,107.0,6152.3,0,0,1,1,0,0,1,0,1,0,1,0,1,0,0,0,1,1,0,1,0,0,5,0,104.27627118644068,2.723728813559319
0322-CHQRU,1,0,0,0,2,1,0,45.35,89.5,1,0,0,0,0,0,0,0,0,0,0,0,0,0,0,0,0,0,0,0,1,0,0,1,44.75,0.6000000000000014
5676-CFLYY,1,0,1,1,71,1,1,73.35,5154.5,0,0,0,0,0,0,0,0,1,0,0,0,1,0,1,0,1,0,1,1,0,0,4,0,72.59859154929578,0.7514084507042185
7521-AFHAB,0,0,1,1,5,1,0,44.8,220.45,0,0,0,0,0,0,0,0,0,0,0,0,0,0,0,0,0,0,0,0,0,1,0,1,44.089999999999996,0.7100000000000009
0285-INHLN,1,0,1,1,27,1,1,54.75,1510.3,0,0,0,0,0,0,1,0,1,0,0,0,0,0,0,0,0,0,0,1,0,0,2,0,55.93703703703704,-1.1870370370370367
4678-DVQEO,0,0,0,0,1,1,1,52.2,52.2,1,0,0,0,0,0,0,0,0,0,0,0,1,0,0,0,0,0,0,0,1,0,1,1,52.2,0.0
5125-CNDSP,1,0,0,1,63,0,1,40.6,2588.95,0,1,0,0,0,0,1,0,1,0,0,0,1,0,0,0,0,1,0,0,0,0,3,0,41.09444444444444,-0.49444444444444
0691-IFBQW,0,1,0,0,46,1,1,110.0,4874.8,1,0,1,1,0,0,1,0,1,0,1,0,0,0,1,0,1,1,0,0,1,0,5,0,105.97391304347826,4.026086956521738
4992-LTJNE,1,0,1,1,72,1,0,55.3,3983.6,0,0,1,0,0,0,1,0,0,0,0,0,0,0,0,0,0,0,1,0,0,0,1,0,55.327777777777776,-0.027777777777778567
2202-OUTMO,0,0,1,0,34,1,1,60.85,2003.6,0,0,1,0,0,0,1,0,0,0,0,0,1,0,0,0,0,0,0,0,0,0,2,0,58.92941176470588,1.9205882352941188
0810-BDHAW,0,0,1,1,24,1,0,78.4,1832.4,0,0,1,0,0,0,1,0,1,0,0,0,0,0,1,0,1,1,0,0,1,0,4,0,76.35000000000001,2.049999999999997
0229-LFJAF,1,0,0,0,72,1,0,69.65,4908.25,0,0,1,0,0,0,1,0,1,0,1,0,1,0,0,0,0,0,1,0,0,0,4,0,68.17013888888889,1.47986111111112
7131-ZQZNK,0,0,1,1,60,0,0,59.85,3590.2,0,1,0,0,0,0,1,0,0,0,1,0,1,0,1,0,1,0,1,1,0,0,5,0,59.836666666666666,0.013333333333335418
3442-ZHHCC,1,0,0,0,68,1,1,76.9,5023.0,0,0,1,0,0,0,1,0,1,0,1,0,0,0,0,0,1,1,0,1,0,0,4,0,73.86764705882354,3.0323529411764696
5726-CVNYA,0,0,1,1,8,1,1,19.85,146.6,0,0,0,0,1,1,0,1,0,1,0,1,0,1,0,1,0,0,1,0,0,1,0,1,18.325,1.5250000000000021
9871-ELEYA,0,0,0,1,34,1,0,67.65,2339.3,0,0,0,0,0,0,1,0,0,0,1,0,1,0,1,0,0,0,1,1,0,0,4,0,68.8029411764706,-1.1529411764705912
4257-GAESD,0,0,0,0,6,0,0,45.0,298.7,0,1,0,0,0,0,0,0,0,0,0,0,0,0,1,0,1,0,0,1,0,0,2,1,49.78333333333333,-4.783333333333331
5173-WXOQV,1,0,1,0,2,1,1,64.2,143.65,0,0,0,0,0,0,0,0,1,0,0,0,1,0,0,0,1,0,0,0,0,1,3,1,71.825,-7.625
2040-OBMLJ,1,0,0,0,31,1,0,81.7,2548.65,0,0,1,1,0,0,0,0,0,0,0,0,1,0,0,0,0,1,0,1,0,0,1,0,82.21451612903226,-0.5145161290322591
6286-ZHAOK,0,0,1,1,20,1,1,25.55,507.4,0,0,1,0,1,1,0,1,0,1,0,1,0,1,0,1,0,0,0,0,0,0,0,0,25.369999999999997,0.18000000000000327
3807-XHCJH,0,0,1,1,1,1,0,20.0,20.0,0,0,0,0,1,1,0,1,0,1,0,1,0,1,0,1,0,0,0,0,1,0,0,1,20.0,0.0
3009-JWMPU,1,0,0,0,62,1,1,96.75,6125.4,1,0,1,1,0,0,0,0,0,0,1,0,0,0,1,0,1,1,0,0,1,0,3,0,98.79677419354839,-2.046774193548387
5671-RQRLP,0,1,1,0,70,1,1,75.65,5411.4,0,0,1,1,0,0,0,0,0,0,0,0,0,0,0,0,0,0,1,1,0,0,0,0,77.30571428571427,-1.655714285714268
1450-GALXR,0,0,0,0,10,1,1,98.5,1058.25,1,0,1,1,0,0,0,0,0,0,0,0,1,0,1,0,1,0,0,0,1,0,3,1,105.825,-7.325000000000003
8859-AXJZP,1,0,1,1,39,1,1,23.8,903.8,0,0,1,0,1,1,0,1,0,1,0,1,0,1,0,1,0,0,1,0,0,1,0,0,23.174358974358974,0.625641025641027
3174-AKMAS,0,0,1,0,46,1,1,64.2,3009.5,0,0,0,0,0,0,0,0,1,0,0,0,1,0,1,0,0,0,1,1,0,0,3,0,65.42391304347827,-1.2239130434782624
3138-BKYAV,1,0,0,0,6,1,1,85.35,489.45,1,0,0,1,0,0,0,0,1,0,0,0,0,0,1,0,0,0,0,0,1,0,2,1,81.575,3.7749999999999915
9926-PJHDQ,0,0,1,1,72,1,1,76.8,5468.45,0,0,1,0,0,0,0,0,0,0,1,0,0,0,1,0,1,0,1,0,0,0,3,0,75.95069444444444,0.84930555555556
7382-DFJTU,1,0,0,0,18,1,0,55.2,1058.1,0,0,0,0,0,0,0,0,0,0,1,0,1,0,0,0,0,0,0,1,0,0,2,0,58.78333333333333,-3.5833333333333286
2798-NYLMZ,1,0,1,0,71,1,1,108.55,7616.0,0,0,1,1,0,0,1,0,0,0,1,0,1,0,1,0,1,0,1,1,0,0,5,0,107.26760563380282,1.282394366197181
4289-DTDKW,1,0,1,0,40,1,1,101.3,4113.1,1,0,1,1,0,0,0,0,1,0,0,0,0,0,1,0,1,0,0,0,1,0,3,0,102.82750000000001,-1.5275000000000176
1820-TQVEV,1,0,0,0,1,1,1,69.55,69.55,1,0,0,1,0,0,0,0,0,0,0,0,0,0,0,0,0,0,0,0,1,0,0,1,69.55,0.0
2239-JALAW,1,0,0,0,58,1,1,103.25,6017.65,1,0,1,1,0,0,0,0,1,0,1,0,0,0,1,0,1,1,0,0,0,0,4,0,103.75258620689655,-0.5025862068965523
4853-RULSV,1,0,0,0,70,1,1,104.0,7250.15,1,0,1,1,0,0,1,0,0,0,0,0,1,0,1,0,1,0,1,1,0,0,4,0,103.57357142857143,0.4264285714285734
8098-TDCBU,0,0,1,0,42,1,0,25.25,1108.2,0,0,1,0,1,1,0,1,0,1,0,1,0,1,0,1,0,0,1,0,1,0,0,0,26.385714285714286,-1.1357142857142861
3551-GAEGL,1,0,1,1,34,0,0,30.4,938.65,0,1,0,0,0,0,1,0,0,0,0,0,0,0,0,0,0,1,0,0,0,0,1,0,27.60735294117647,2.7926470588235297
4785-NKHCX,1,1,0,0,5,1,0,20.05,94.15,0,0,0,0,1,1,0,1,0,1,0,1,0,1,0,1,0,0,0,0,0,0,0,1,18.830000000000002,1.2199999999999989
3196-NVXLZ,0,0,0,0,25,1,1,84.6,2088.05,0,0,1,1,0,0,0,0,0,0,0,0,0,0,1,0,0,0,0,0,0,1,1,0,83.522,1.0779999999999887
6275-YDUVO,0,0,0,0,2,1,1,86.2,178.7,1,0,0,1,0,0,0,0,0,0,1,0,0,0,0,0,1,0,0,0,0,1,2,1,89.35,-3.1499999999999915
0036-IHMOT,0,0,1,1,55,1,1,103.7,5656.75,0,0,0,1,0,0,0,0,1,0,1,0,1,0,1,0,1,1,0,0,0,0,5,0,102.85,0.8500000000000085
0115-TFERT,1,0,1,0,21,1,1,111.2,2317.1,1,0,1,1,0,0,0,0,1,0,1,0,1,0,1,0,1,0,0,0,1,0,5,0,110.33809523809524,0.8619047619047677
4178-EGMON,1,0,1,0,70,1,1,88.0,5986.45,0,0,1,1,0,0,1,0,1,0,0,0,1,0,0,0,0,0,1,1,0,0,3,0,85.52071428571428,2.479285714285723
4220-TINQT,0,0,1,0,61,1,1,106.35,6751.35,0,0,1,1,0,0,0,0,0,0,1,0,1,0,1,0,1,0,0,0,1,0,4,0,110.67786885245903,-4.327868852459034
5318-YKDPV,1,0,1,1,43,1,1,79.15,3566.6,0,0,0,0,0,0,1,0,0,0,1,0,1,0,1,0,1,0,1,1,0,0,5,0,82.94418604651163,-3.7941860465116264
7975-TZMLR,1,0,0,0,47,1,1,103.1,4889.3,0,0,1,1,0,0,0,0,1,0,1,0,0,0,1,0,1,1,0,0,1,0,4,0,104.02765957446809,-0.9276595744680947
0295-QVKPB,1,0,0,0,5,1,1,63.95,318.1,0,0,0,0,0,0,0,0,0,0,1,0,1,0,1,0,0,0,0,1,0,0,3,1,63.620000000000005,0.3299999999999983
4335-BSMJS,0,0,0,0,62,1,1,25.8,1563.95,0,0,1,0,1,1,0,1,0,1,0,1,0,1,0,1,0,0,1,1,0,0,0,0,25.225,0.5749999999999993
2311-QYMUQ,0,0,1,1,16,1,1,89.45,1430.25,1,0,0,1,0,0,0,0,1,0,1,0,0,0,1,0,0,0,0,1,0,0,3,0,89.390625,0.05937500000000284
3643-AHCFP,1,1,1,0,7,1,1,95.6,644.35,1,0,1,1,0,0,0,0,0,0,0,0,0,0,1,0,1,0,0,0,0,0,2,1,92.05,3.549999999999997
9146-JRIOX,0,0,1,1,14,1,0,25.55,372.45,0,0,1,0,1,1,0,1,0,1,0,1,0,1,0,1,0,0,0,0,0,1,0,0,26.603571428571428,-1.053571428571427
3104-OWCGK,1,0,1,1,60,1,0,90.95,5453.4,1,0,0,1,0,0,0,0,1,0,1,0,0,0,1,0,0,1,0,0,1,0,3,0,90.89,0.060000000000002274
5337-IIWKZ,1,0,1,1,34,0,1,44.85,1442.6,0,1,0,0,0,0,0,0,0,0,1,0,1,0,1,0,0,0,0,0,1,0,3,0,42.42941176470588,2.420588235294119
9101-BWFSS,0,0,1,0,50,1,0,108.55,5610.7,1,0,1,1,0,0,1,0,1,0,0,0,1,0,1,0,1,1,0,0,1,0,5,0,112.214,-3.6640000000000015
9650-VBUOG,1,0,1,1,38,1,0,25.05,963.95,0,0,1,0,1,1,0,1,0,1,0,1,0,1,0,1,0,0,1,1,0,0,0,0,25.367105263157896,-0.3171052631578952
3487-EARAT,0,0,1,1,70,1,0,74.1,5222.3,0,0,0,0,0,0,1,0,1,0,1,0,1,0,0,0,1,1,0,1,0,0,5,0,74.60428571428572,-0.5042857142857287
2672-TGEFF,0,0,1,1,37,1,1,88.8,3340.55,0,0,1,1,0,0,0,0,1,0,0,0,0,0,1,0,0,0,0,0,1,0,2,0,90.28513513513514,-1.4851351351351383
9231-ZJYAM,0,1,0,0,4,1,1,78.85,292.8,1,0,0,1,0,0,0,0,0,0,0,0,0,0,1,0,0,0,0,0,1,0,1,1,73.2,5.6499999999999915
4250-WAROZ,1,1,1,1,60,1,1,93.25,5774.55,0,0,1,1,0,0,1,0,1,0,0,0,0,0,0,0,1,0,0,0,1,0,3,0,96.2425,-2.992500000000007
8184-WMOFI,1,0,1,1,62,1,0,71.4,4487.3,0,0,0,0,0,0,1,0,0,0,1,0,1,0,0,0,1,1,0,1,0,0,4,0,72.3758064516129,-0.9758064516128968
6982-SSHFK,1,0,0,0,1,1,0,44.4,44.4,1,0,0,0,0,0,0,0,0,0,0,0,0,0,0,0,0,0,0,0,0,1,0,1,44.4,0.0
6092-QZVPP,1,0,0,0,36,1,1,79.2,2854.95,0,0,0,0,0,0,1,0,0,0,1,0,1,0,1,0,1,0,0,1,0,0,5,0,79.30416666666666,-0.10416666666665719
4625-LAMOB,1,0,0,0,44,1,0,20.4,905.55,0,0,0,0,1,1,0,1,0,1,0,1,0,1,0,1,0,0,1,1,0,0,0,0,20.580681818181816,-0.18068181818181728
0727-BMPLR,0,1,0,0,55,1,1,100.0,5509.3,1,0,1,1,0,0,0,0,0,0,1,0,0,0,1,0,1,1,0,0,1,0,3,0,100.16909090909091,-0.16909090909091162
0392-BZIUW,0,0,1,0,72,1,1,105.0,7589.8,0,0,1,1,0,0,1,0,0,0,1,0,0,0,1,0,1,0,1,1,0,0,4,0,105.41388888888889,-0.4138888888888914
1038-ZAGBI,0,0,1,1,12,1,0,19.8,229.6,1,0,0,0,1,1,0,1,0,1,0,1,0,1,0,1,0,1,0,0,0,0,0,1,19.133333333333333,0.6666666666666679
6549-NNDYT,0,0,0,0,13,0,1,30.85,394.1,0,1,0,0,0,0,1,0,0,0,0,0,0,0,0,0,0,0,0,0,0,0,1,0,30.315384615384616,0.5346153846153854
3027-ZTDHO,1,0,0,0,1,1,1,89.9,89.9,1,0,0,1,0,0,0,0,0,0,0,0,0,0,1,0,1,0,0,0,1,0,2,1,89.9,0.0
0422-OHQHQ,0,0,1,1,15,1,0,20.55,295.95,0,0,0,0,1,1,0,1,0,1,0,1,0,1,0,1,0,1,0,0,0,1,0,0,19.73,0.8200000000000003
6916-HIJSE,0,0,0,0,65,1,1,84.85,5459.2,0,0,0,0,0,0,1,0,1,0,1,0,1,0,1,0,1,0,1,0,0,0,6,0,83.9876923076923,0.8623076923076951
2316-ESMLS,0,0,1,1,12,0,0,33.15,444.75,0,1,0,0,0,0,1,0,0,0,0,0,1,0,0,0,0,1,0,1,0,0,2,1,37.0625,-3.9125000000000014
9778-OGKQZ,1,0,1,0,72,1,1,92.0,6782.15,0,0,1,0,0,0,1,0,1,0,1,0,1,0,1,0,1,0,1,1,0,0,6,0,94.19652777777777,-2.1965277777777743
7408-OFWXJ,0,0,1,1,72,1,0,89.8,6510.45,0,0,1,0,0,0,1,0,1,0,1,0,1,0,1,0,1,0,1,1,0,0,6,0,90.42291666666667,-0.6229166666666686
6007-TCTST,0,0,1,1,72,1,1,115.8,8476.5,0,0,1,1,0,0,1,0,1,0,1,0,1,0,1,0,1,0,1,0,0,0,6,0,117.72916666666667,-1.9291666666666742
2252-NKNSI,1,0,0,1,52,1,1,85.15,4461.85,0,0,1,0,0,0,1,0,1,0,0,0,1,0,1,0,1,0,1,0,0,1,5,0,85.8048076923077,-0.6548076923076991
8713-IGZSO,1,0,0,0,2,1,0,24.85,62.0,0,0,1,0,1,1,0,1,0,1,0,1,0,1,0,1,0,0,0,0,0,1,0,1,31.0,-6.149999999999999
7905-TVXTA,0,0,0,0,5,1,1,64.35,352.65,0,0,0,0,0,0,1,0,0,0,0,0,1,0,1,0,0,0,0,0,1,0,3,1,70.53,-6.180000000000007
7695-PKLCZ,0,0,0,0,68,1,0,20.5,1424.9,0,0,0,0,1,1,0,1,0,1,0,1,0,1,0,1,0,0,1,1,0,0,0,0,20.954411764705885,-0.45441176470588474
2382-BCKQJ,0,0,0,1,62,1,1,100.15,6413.65,1,0,1,1,0,0,0,0,0,0,1,0,0,0,1,0,1,1,0,0,1,0,3,0,103.44596774193548,-3.2959677419354705
8374-UULRV,1,0,0,0,72,1,0,86.05,6309.65,0,0,1,0,0,0,1,0,1,0,0,0,1,0,1,0,1,0,1,1,0,0,5,0,87.63402777777777,-1.5840277777777771
2207-NHRJK,1,0,0,0,1,1,0,50.8,50.8,1,0,0,0,0,0,0,0,1,0,0,0,0,0,0,0,0,0,0,0,1,0,1,1,50.8,0.0
3224-DFQNQ,0,0,1,0,66,1,0,89.0,5898.6,0,0,1,1,0,0,1,0,1,0,0,0,1,0,0,0,0,1,0,0,1,0,3,0,89.37272727272727,-0.3727272727272748
5275-PMFUT,1,0,1,1,72,0,1,64.8,4719.75,0,1,0,0,0,0,1,0,1,0,1,0,1,0,1,0,1,0,1,1,0,0,6,0,65.55208333333333,-0.7520833333333314
4795-UXVCJ,1,0,0,0,26,1,0,19.8,457.3,0,0,0,0,1,1,0,1,0,1,0,1,0,1,0,1,0,1,0,1,0,0,0,0,17.588461538461537,2.2115384615384635
9777-IQHWP,1,0,1,1,64,1,0,93.4,5822.3,0,0,1,1,0,0,1,0,0,0,1,0,0,0,0,0,1,0,1,0,0,0,3,0,90.9734375,2.426562500000003
0947-MUGVO,1,1,1,0,20,1,1,73.65,1463.5,1,0,0,1,0,0,0,0,1,0,0,0,0,0,0,0,0,0,0,0,1,0,1,0,73.175,0.4750000000000085
9944-HKVVB,0,0,0,0,3,1,1,95.1,307.4,1,0,0,1,0,0,0,0,1,0,0,0,0,0,1,0,1,0,0,0,1,0,3,1,102.46666666666665,-7.36666666666666
4124-MMETB,1,0,0,0,22,1,1,94.65,2104.55,1,0,1,1,0,0,0,0,0,0,0,0,0,0,1,0,1,0,0,1,0,0,2,0,95.66136363636365,-1.0113636363636402
3671-SHRSP,1,0,1,0,4,1,1,80.6,319.15,1,0,0,1,0,0,0,0,0,0,1,0,1,0,0,0,0,0,0,0,0,1,2,1,79.7875,0.8125
0979-MOZQI,1,0,1,0,62,0,1,39.0,2337.45,0,1,0,0,0,0,0,0,0,0,0,0,1,0,1,0,0,0,1,0,0,0,2,0,37.7008064516129,1.2991935483871018
2732-ISEZX,0,0,0,0,5,1,1,20.5,104.3,0,0,0,0,1,1,0,1,0,1,0,1,0,1,0,1,0,0,0,0,0,1,0,1,20.86,-0.35999999999999943
3313-QKNKB,1,0,1,0,59,1,0,85.55,5084.65,1,0,1,1,0,0,0,0,0,0,0,0,0,0,0,0,1,1,0,0,1,0,1,0,86.18050847457627,-0.6305084745762741
0323-XWWTN,1,0,0,1,3,1,1,26.4,121.25,0,0,1,0,1,1,0,1,0,1,0,1,0,1,0,1,0,0,1,0,0,1,0,1,40.416666666666664,-14.016666666666666
1937-OTUKY,0,0,1,0,72,1,1,98.2,7015.9,0,0,1,1,0,0,1,0,0,0,1,0,1,0,1,0,0,0,1,0,0,0,4,0,97.44305555555555,0.7569444444444571
1573-LGXBA,1,0,1,1,57,1,1,97.55,5598.0,0,0,0,1,0,0,0,0,1,0,1,0,0,0,1,0,1,1,0,1,0,0,4,0,98.21052631578948,-0.6605263157894825
1764-VUUMT,1,0,0,1,66,1,0,19.95,1269.1,0,0,0,0,1,1,0,1,0,1,0,1,0,1,0,1,0,0,1,1,0,0,0,0,19.228787878787877,0.7212121212121225
5073-WXOYN,0,0,0,0,60,0,1,50.8,3027.4,1,1,0,0,0,0,0,0,1,0,0,0,0,0,1,0,1,0,0,0,1,0,3,0,50.45666666666667,0.3433333333333266
4713-ZBURT,1,0,0,1,45,1,0,99.7,4634.35,0,0,1,1,0,0,0,0,0,0,1,0,0,0,1,0,1,0,1,0,0,0,3,0,102.98555555555556,-3.285555555555561
3050-GBUSH,0,0,0,0,3,0,1,34.8,113.95,0,1,0,0,0,0,0,0,0,0,0,0,0,0,1,0,0,0,0,1,0,0,1,1,37.983333333333334,-3.183333333333337
0207-MDKNV,0,0,0,0,15,1,0,105.1,1582.75,1,0,0,1,0,0,1,0,0,0,1,0,1,0,1,0,1,0,0,0,1,0,5,0,105.51666666666667,-0.4166666666666714
7876-AEHIG,0,0,0,1,51,0,0,60.15,3077.0,0,1,0,0,0,0,1,0,0,0,1,0,1,0,1,0,1,1,0,0,0,0,5,0,60.333333333333336,-0.18333333333333712
7945-HLKEA,0,0,0,0,60,1,0,64.75,4039.5,0,0,1,0,0,0,1,0,0,0,1,0,1,0,0,0,0,1,0,0,1,0,3,0,67.325,-2.575000000000003
9342-VNIMQ,1,0,0,0,33,1,1,54.65,1665.2,0,0,1,0,0,0,0,0,1,0,0,0,0,0,0,0,0,0,0,0,0,0,1,0,50.46060606060606,4.189393939393938
9851-KIELU,1,0,0,0,10,1,1,110.1,1043.3,1,0,0,1,0,0,1,0,1,0,1,0,1,0,1,0,1,0,0,0,1,0,6,1,104.33,5.769999999999996
3523-BRGUW,1,1,0,0,26,1,0,19.3,504.2,0,0,0,0,1,1,0,1,0,1,0,1,0,1,0,1,0,1,0,1,0,0,0,0,19.392307692307693,-0.09230769230769198
3908-BLSYF,0,0,0,0,6,1,0,83.9,497.55,1,0,0,1,0,0,0,0,0,0,1,0,0,0,0,0,1,0,0,0,1,0,2,1,82.925,0.9750000000000085
3199-NPKCN,0,0,1,0,67,1,1,111.25,7511.65,0,0,1,1,0,0,1,0,0,0,1,0,1,0,1,0,1,1,0,0,1,0,5,0,112.1141791044776,-0.8641791044775999
5170-PTRKA,0,0,1,1,49,0,1,35.8,1782.0,0,1,0,0,0,0,1,0,0,0,0,0,1,0,0,0,0,1,0,1,0,0,2,0,36.36734693877551,-0.5673469387755148
4661-NJEUX,1,0,0,0,1,1,1,20.05,20.05,0,0,0,0,1,1,0,1,0,1,0,1,0,1,0,1,0,0,0,0,0,1,0,1,20.05,0.0
2123-AGEEN,0,1,0,0,7,1,1,84.35,609.65,0,0,0,1,0,0,0,0,0,0,1,0,0,0,1,0,0,0,0,0,1,0,2,1,87.09285714285714,-2.7428571428571473
1258-YMZNM,0,1,0,0,27,1,1,110.5,2857.6,0,0,1,1,0,0,1,0,1,0,1,0,0,0,1,0,1,1,0,0,0,0,5,0,105.83703703703704,4.662962962962965
0048-LUMLS,1,0,1,1,37,1,0,91.2,3247.55,0,0,0,1,0,0,0,0,0,0,0,0,0,0,1,0,1,1,0,1,0,0,2,0,87.77162162162162,3.428378378378383
7549-MYGPK,0,0,1,1,63,1,1,100.55,6215.35,1,0,1,1,0,0,1,0,1,0,1,0,0,0,1,0,0,0,0,0,1,0,4,0,98.65634920634922,1.893650793650778
5898-IGSLP,1,0,1,1,31,1,0,89.3,2823.0,0,0,1,1,0,0,1,0,0,0,1,0,1,0,0,0,0,0,0,0,1,0,3,0,91.06451612903226,-1.764516129032259
3804-RVTGV,1,0,1,1,50,1,1,103.85,5017.9,1,0,1,1,0,0,0,0,1,0,1,0,0,0,1,0,1,0,0,0,0,0,4,0,100.35799999999999,3.4920000000000044
6259-WJQLC,1,1,0,0,32,1,1,81.1,2619.25,0,0,1,1,0,0,0,0,0,0,1,0,0,0,0,0,0,0,0,1,0,0,1,0,81.8515625,-0.7515625000000057
9227-LUNBG,0,0,0,0,1,0,0,24.6,24.6,1,1,0,0,0,0,0,0,0,0,0,0,0,0,0,0,0,0,0,0,1,0,0,1,24.6,0.0
7997-EASSD,0,0,1,0,63,1,1,81.2,4965.1,0,0,1,1,0,0,0,0,0,0,0,0,1,0,0,0,0,1,0,1,0,0,1,0,78.81111111111112,2.3888888888888857
0730-KOAVE,1,0,0,0,30,1,1,94.3,2679.7,0,0,1,1,0,0,1,0,1,0,0,0,0,0,0,0,1,0,0,1,0,0,3,0,89.32333333333332,4.976666666666674
8975-SKGRX,1,0,1,0,71,1,1,116.1,8310.55,0,0,1,1,0,0,1,0,1,0,1,0,1,0,1,0,1,0,1,0,0,0,6,0,117.04999999999998,-0.9499999999999886
0678-RLHVP,0,0,0,0,53,1,0,105.55,5682.25,0,0,1,1,0,0,0,0,1,0,1,0,0,0,1,0,1,0,1,0,1,0,4,0,107.2122641509434,-1.6622641509434004
4315-MURBD,0,0,0,0,12,1,1,98.9,1120.95,1,0,0,1,0,0,1,0,0,0,0,0,1,0,1,0,1,0,0,0,0,0,4,1,93.41250000000001,5.487499999999997
2267-FPIMA,1,0,1,0,50,1,1,94.4,4914.9,0,0,1,1,0,0,1,0,1,0,0,0,0,0,0,0,1,0,0,1,0,0,3,0,98.29799999999999,-3.897999999999982
1051-GEJLJ,0,0,0,0,2,1,0,19.5,27.55,0,0,0,0,1,1,0,1,0,1,0,1,0,1,0,1,0,0,0,0,0,1,0,1,13.775,5.725
9734-YWGEX,0,0,0,0,9,1,0,98.3,923.5,1,0,1,1,0,0,0,0,0,0,1,0,0,0,1,0,1,0,0,1,0,0,3,1,102.61111111111111,-4.311111111111117
2719-BDAQO,1,0,0,0,17,1,0,93.85,1625.65,1,0,0,1,0,0,1,0,0,0,0,0,0,0,1,0,1,0,0,0,1,0,3,0,95.62647058823529,-1.7764705882352985
5285-MVEHD,0,0,1,0,56,1,1,105.6,6068.65,0,0,0,1,0,0,1,0,1,0,1,0,0,0,1,0,1,1,0,1,0,0,5,0,108.36874999999999,-2.768749999999997
0379-DJQHR,1,0,1,1,67,1,0,81.35,5398.6,0,0,0,0,0,0,1,0,1,0,1,0,0,0,1,0,1,0,1,1,0,0,5,0,80.57611940298509,0.7738805970149087
0781-LKXBR,1,1,0,0,9,1,1,100.5,918.6,1,0,1,1,0,0,0,0,0,0,1,0,0,0,1,0,1,0,0,0,1,0,3,1,102.06666666666666,-1.5666666666666629
5543-QDCRY,1,0,0,0,4,1,1,56.4,234.85,0,0,0,0,0,0,0,0,0,0,0,0,0,0,1,0,0,0,0,0,1,0,1,1,58.7125,-2.3125
0297-RBCSG,1,0,0,0,19,1,1,65.35,1231.85,0,0,0,0,0,0,0,0,1,0,0,0,1,0,0,0,1,1,0,0,0,0,3,0,64.83421052631579,0.5157894736842081
4694-PHWFW,0,0,0,1,8,1,0,19.95,170.9,0,0,0,0,1,1,0,1,0,1,0,1,0,1,0,1,0,0,0,0,0,1,0,1,21.3625,-1.4125000000000014
0835-JKADZ,0,0,0,0,71,1,1,111.25,7984.15,0,0,1,1,0,0,0,0,1,0,1,0,1,0,1,0,1,0,1,0,1,0,5,0,112.45281690140844,-1.2028169014084398
1907-UBQFC,1,1,0,0,10,1,1,72.85,688.65,1,0,0,1,0,0,0,0,1,0,0,0,0,0,0,0,0,0,0,0,1,0,1,1,68.865,3.9849999999999994
7508-SMHXL,0,1,0,0,15,1,0,89.0,1288.3,0,0,1,1,0,0,0,0,1,0,0,0,0,0,1,0,0,0,0,1,0,0,2,0,85.88666666666667,3.1133333333333297
3865-YIOTT,1,0,1,1,72,1,1,106.1,7848.5,0,0,1,1,0,0,1,0,0,0,1,0,0,0,1,0,1,1,0,0,0,0,4,0,109.00694444444444,-2.9069444444444485
5993-BQHEA,1,0,0,0,12,1,0,20.05,267.0,0,0,0,0,1,1,0,1,0,1,0,1,0,1,0,1,0,1,0,1,0,0,0,1,22.25,-2.1999999999999993
6024-RUGGH,1,0,1,1,72,1,1,25.2,1798.9,0,0,1,0,1,1,0,1,0,1,0,1,0,1,0,1,0,0,1,0,0,0,0,0,24.984722222222224,0.21527777777777501
6513-EECDB,1,1,1,0,1,1,1,73.55,73.55,1,0,1,1,0,0,0,0,0,0,0,0,0,0,0,0,0,0,0,0,1,0,0,1,73.55,0.0
3956-CJUST,0,1,0,0,23,1,1,75.4,1643.55,0,0,0,1,0,0,1,0,0,0,0,0,0,0,0,0,0,0,0,0,0,0,1,0,71.45869565217392,3.9413043478260903
4079-WWQQQ,1,0,0,0,72,0,1,65.55,4807.45,0,1,0,0,0,0,1,0,1,0,1,0,1,0,1,0,1,0,1,0,0,0,6,0,66.77013888888888,-1.2201388888888829
6103-BOCOU,0,0,0,0,26,1,1,80.7,2193.0,0,0,1,1,0,0,0,0,0,0,1,0,0,0,0,0,0,0,0,0,1,0,1,0,84.34615384615384,-3.6461538461538368
5149-TGWDZ,0,0,0,0,21,1,1,104.55,2239.4,0,0,0,1,0,0,0,0,1,0,1,0,1,0,1,0,1,1,0,0,0,1,5,0,106.63809523809525,-2.0880952380952493
7471-WNSUF,1,0,1,0,60,1,0,24.15,1505.9,0,0,1,0,1,1,0,1,0,1,0,1,0,1,0,1,0,1,0,0,0,0,0,0,25.098333333333336,-0.9483333333333377
8942-DBMHZ,1,0,0,0,12,1,0,20.45,255.35,0,0,0,0,1,1,0,1,0,1,0,1,0,1,0,1,0,0,0,0,0,1,0,1,21.279166666666665,-0.8291666666666657
4301-VVZKA,1,0,1,0,16,1,1,75.4,1189.4,0,0,1,1,0,0,0,0,0,0,0,0,0,0,0,0,0,0,0,0,1,0,0,0,74.3375,1.0625
9199-PWQVC,0,0,1,0,63,1,1,79.7,4786.15,0,0,1,0,0,0,1,0,1,0,0,0,0,0,1,0,1,1,0,1,0,0,4,0,75.97063492063492,3.729365079365081
4824-GUCBY,0,1,0,0,22,1,0,81.7,1820.9,0,0,0,1,0,0,1,0,1,0,0,0,0,0,0,0,0,0,0,0,1,0,2,0,82.76818181818182,-1.068181818181813
5393-HJZSM,0,0,1,1,32,1,0,76.3,2404.15,0,0,0,0,0,0,1,0,1,0,1,0,1,0,0,0,1,0,0,0,0,0,5,0,75.1296875,1.1703124999999943
7074-IEVOJ,0,1,0,0,3,1,1,79.4,205.05,1,0,1,1,0,0,0,0,1,0,0,0,0,0,0,0,0,0,0,0,1,0,1,1,68.35000000000001,11.049999999999997
9625-QSTYE,0,0,0,0,13,1,1,81.15,952.3,1,0,0,1,0,0,0,0,1,0,1,0,0,0,0,0,0,0,0,0,1,0,2,0,73.25384615384615,7.896153846153851
0862-PRCBS,0,0,1,1,68,1,1,103.75,7039.45,0,0,1,1,0,0,0,0,1,0,0,0,1,0,1,0,1,0,1,1,0,0,4,0,103.52132352941176,0.22867647058824048
8812-ZRHFP,0,0,1,1,30,1,0,86.45,2538.05,0,0,0,1,0,0,0,0,0,0,1,0,0,0,0,0,1,1,0,0,1,0,2,0,84.60166666666667,1.8483333333333292
5146-CBVOE,0,0,0,0,16,1,0,75.1,1212.85,0,0,0,1,0,0,0,0,1,0,0,0,0,0,0,0,0,0,0,0,0,0,1,0,75.803125,-0.703125
0454-OKRCT,1,0,0,0,33,1,0,80.6,2651.1,0,0,0,1,0,0,0,0,1,0,0,0,1,0,0,0,0,0,1,0,0,0,2,0,80.33636363636363,0.26363636363636545
5787-KXGIY,1,0,1,0,72,1,0,19.3,1304.8,0,0,0,0,1,1,0,1,0,1,0,1,0,1,0,1,0,0,1,1,0,0,0,0,18.12222222222222,1.1777777777777807
4750-ZRXIU,0,1,0,0,4,1,1,84.6,360.1,1,0,1,1,0,0,0,0,0,0,0,0,0,0,0,0,1,0,0,0,1,0,1,1,90.025,-5.425000000000011
4198-VFOEA,0,0,0,0,12,0,1,33.6,435.45,0,1,0,0,0,0,1,0,0,0,0,0,1,0,0,0,0,1,0,0,0,1,2,1,36.2875,-2.6875
6630-UJZMY,0,1,1,0,4,1,1,83.25,308.05,0,0,1,1,0,0,0,0,0,0,0,0,0,0,1,0,0,0,0,0,1,0,1,1,77.0125,6.237499999999997
5709-LVOEQ,0,0,1,1,0,1,0,80.85,0.0,0,0,0,0,0,0,1,0,1,0,1,0,0,0,1,0,1,0,1,0,0,1,5,1,0.0,80.85
6400-BWQKW,0,0,0,0,6,1,1,79.05,434.5,1,0,1,1,0,0,1,0,0,0,0,0,0,0,0,0,0,0,0,0,1,0,1,1,72.41666666666667,6.633333333333326
2692-AQCPF,0,0,1,0,65,1,1,108.05,7118.9,0,0,1,1,0,0,0,0,1,0,1,0,1,0,1,0,1,1,0,1,0,0,5,0,109.52153846153846,-1.471538461538458
0347-UBKUZ,0,0,0,0,15,1,0,19.9,320.45,0,0,0,0,1,1,0,1,0,1,0,1,0,1,0,1,0,0,0,0,0,1,0,0,21.363333333333333,-1.4633333333333347
0835-DUUIQ,0,0,0,1,24,1,0,21.05,531.55,0,0,0,0,1,1,0,1,0,1,0,1,0,1,0,1,0,1,0,0,0,0,0,0,22.147916666666664,-1.0979166666666629
0811-GSDTP,0,0,0,1,13,0,0,30.15,382.2,0,1,0,0,0,0,0,0,1,0,0,0,0,0,0,0,0,0,0,0,1,0,1,0,29.4,0.75
7567-ECMCM,1,0,0,0,24,1,1,79.85,2001.0,0,0,0,1,0,0,0,0,0,0,0,0,0,0,0,0,1,0,0,1,0,0,1,0,83.375,-3.5250000000000057
6115-ZTBFQ,0,0,1,0,72,0,0,65.5,4919.7,0,1,0,0,0,0,1,0,1,0,1,0,1,0,1,0,1,0,1,0,0,0,6,0,68.32916666666667,-2.8291666666666657
6353-BRMMA,0,0,1,1,54,1,1,104.1,5645.8,0,0,1,1,0,0,1,0,1,0,0,0,0,0,1,0,1,0,0,0,0,0,4,0,104.55185185185185,-0.45185185185185617
6680-WKXRZ,0,0,0,0,3,1,0,74.4,215.8,1,0,1,1,0,0,0,0,0,0,0,0,0,0,0,0,0,0,0,0,0,0,0,1,71.93333333333334,2.4666666666666686
6231-WFGFH,1,0,1,1,4,1,1,20.5,77.6,0,0,0,0,1,1,0,1,0,1,0,1,0,1,0,1,0,0,0,0,0,1,0,1,19.4,1.1000000000000014
9904-EHEVJ,0,1,1,1,32,1,1,91.35,2896.55,0,0,1,1,0,0,0,0,0,0,1,0,0,0,1,0,0,0,0,0,0,1,2,0,90.5171875,0.8328124999999886
7028-DVOIQ,1,1,0,0,35,1,1,99.05,3395.8,1,0,1,1,0,0,0,0,0,0,1,0,0,0,1,0,1,0,0,0,1,0,3,0,97.02285714285715,2.0271428571428487
6169-PPETC,1,0,1,1,35,1,0,20.5,759.35,0,0,0,0,1,1,0,1,0,1,0,1,0,1,0,1,0,0,1,0,0,0,0,0,21.695714285714285,-1.1957142857142848
4208-UFFGW,1,1,0,0,2,1,0,44.95,85.15,1,0,0,0,0,0,0,0,0,0,0,0,0,0,0,0,0,0,0,0,0,1,0,1,42.575,2.375
8584-KMVXD,0,0,0,0,8,1,0,75.6,535.55,0,0,0,1,0,0,0,0,1,0,0,0,0,0,0,0,0,0,0,0,1,0,1,1,66.94375,8.65625
8467-WYNSR,1,0,0,0,22,1,0,55.1,1253.15,0,0,0,0,0,0,1,0,0,0,0,0,1,0,0,0,0,0,0,0,0,1,2,0,56.96136363636364,-1.8613636363636417
0851-DFJKB,0,0,0,0,15,1,0,58.95,955.15,0,0,0,0,0,0,1,0,0,0,1,0,1,0,0,0,0,0,0,0,1,0,3,0,63.67666666666666,-4.7266666666666595
5382-SOYZL,1,0,0,0,22,1,1,95.1,2162.6,0,0,1,1,0,0,0,0,0,0,0,0,0,0,1,0,1,0,0,0,1,0,2,0,98.3,-3.200000000000003
9448-REEVD,1,0,1,0,1,1,0,44.7,44.7,1,0,0,0,0,0,0,0,0,0,0,0,0,0,0,0,0,0,0,1,0,0,0,1,44.7,0.0
3261-CQXOL,0,0,1,1,71,1,0,25.45,1813.35,0,0,1,0,1,1,0,1,0,1,0,1,0,1,0,1,0,0,1,0,0,0,0,0,25.54014084507042,-0.09014084507042242
8388-FYNPZ,1,0,0,0,4,1,0,56.75,245.15,0,0,0,0,0,0,1,0,0,0,1,0,0,0,0,0,0,0,0,0,1,0,2,1,61.2875,-4.537500000000001
4002-BQWPQ,1,0,0,0,25,1,0,81.75,2028.8,0,0,1,0,0,0,1,0,1,0,1,0,1,0,0,0,1,0,0,0,0,0,5,0,81.152,0.597999999999999
5651-YLPRD,0,0,1,1,32,1,1,86.1,2723.75,0,0,0,1,0,0,0,0,1,0,0,0,0,0,1,0,0,0,0,0,1,0,2,0,85.1171875,0.9828124999999943
2826-DXLQO,1,1,1,0,7,0,0,29.8,220.45,0,1,0,0,0,0,1,0,0,0,0,0,0,0,0,0,0,0,0,0,0,0,1,1,31.49285714285714,-1.6928571428571395
4378-BZYFP,1,0,0,0,17,1,1,20.5,365.8,0,0,0,0,1,1,0,1,0,1,0,1,0,1,0,1,0,1,0,0,0,1,0,0,21.51764705882353,-1.0176470588235311
9489-UTFKA,1,1,1,0,8,1,0,60.9,551.95,0,0,0,0,0,0,1,0,0,0,0,0,0,0,1,0,0,0,0,0,0,0,2,1,68.99375,-8.093750000000007
4849-PYRLQ,0,1,0,0,56,1,0,73.25,4054.2,0,0,1,0,0,0,1,0,0,0,1,0,1,0,0,0,1,0,1,0,0,0,4,0,72.39642857142857,0.8535714285714278
9117-SHLZX,1,0,0,0,1,1,1,45.7,45.7,1,0,0,0,0,0,0,0,0,0,0,0,0,0,0,0,0,0,0,0,0,1,0,1,45.7,0.0
9889-TMAHG,1,1,0,0,8,1,0,100.3,832.35,1,0,0,1,0,0,1,0,0,0,0,0,1,0,1,0,1,0,0,1,0,0,4,1,104.04375,-3.7437500000000057
4541-RMRLG,1,0,0,0,7,1,0,19.25,112.3,1,0,0,0,1,1,0,1,0,1,0,1,0,1,0,1,0,0,0,0,1,0,0,1,16.04285714285714,3.207142857142859
7764-BDPEE,1,0,0,1,3,1,0,20.85,60.65,0,0,0,0,1,1,0,1,0,1,0,1,0,1,0,1,0,0,0,0,0,1,0,1,20.216666666666665,0.6333333333333364
3429-IFLEM,0,0,0,0,71,1,0,77.35,5550.1,0,0,0,0,0,0,1,0,1,0,1,0,1,0,1,0,0,0,1,1,0,0,5,0,78.17042253521127,-0.8204225352112786
3158-MOERK,0,0,0,0,2,1,1,96.0,174.8,1,0,1,1,0,0,0,0,0,0,0,0,0,0,1,0,1,0,0,0,1,0,2,1,87.4,8.599999999999994
7294-TMAOP,0,0,0,0,1,1,0,90.55,90.55,1,0,0,1,0,0,0,0,0,0,0,0,0,0,1,0,1,0,0,0,1,0,2,1,90.55,0.0
5002-GCQFH,1,0,1,0,49,1,1,93.85,4733.1,0,0,1,1,0,0,1,0,1,0,0,0,0,0,1,0,0,0,0,0,0,0,3,0,96.59387755102041,-2.743877551020418
0556-FJEGU,1,0,0,0,58,1,0,70.1,4048.95,0,0,0,0,0,0,0,0,1,0,1,0,1,0,1,0,0,0,1,0,0,0,4,0,69.80948275862069,0.29051724137930535
8919-FYFQZ,1,1,1,0,44,0,1,30.35,1359.7,1,1,0,0,0,0,0,0,1,0,0,0,0,0,0,0,0,0,0,0,1,0,1,0,30.902272727272727,-0.5522727272727259
0604-THJFP,0,0,1,1,59,1,1,75.95,4542.35,0,0,0,0,0,0,0,0,1,0,0,0,1,0,1,0,1,0,1,1,0,0,4,0,76.98898305084747,-1.0389830508474631
2834-JRTUA,1,0,0,0,71,1,1,108.05,7532.15,1,0,1,1,0,0,1,0,0,0,1,0,1,0,1,0,1,0,1,0,1,0,5,0,106.08661971830985,1.9633802816901493
5875-YPQFJ,1,0,0,0,1,1,1,69.9,69.9,1,0,0,1,0,0,0,0,0,0,0,0,0,0,0,0,0,0,0,0,1,0,0,1,69.9,0.0
5879-SESNB,0,0,0,0,11,1,0,75.25,888.65,0,0,1,1,0,0,0,0,0,0,0,0,0,0,0,0,0,0,0,0,1,0,0,1,80.78636363636363,-5.536363636363632
6646-QVXLR,1,1,1,0,62,1,1,103.75,6383.35,1,0,1,1,0,0,0,0,1,0,1,0,0,0,1,0,1,1,0,0,1,0,4,0,102.95725806451614,0.7927419354838605
6461-PPAXN,0,0,1,1,35,1,1,54.95,1916.0,0,0,0,0,0,0,1,0,0,0,0,0,1,0,0,0,0,1,0,0,0,0,2,0,54.74285714285714,0.20714285714286262
3318-ISQFQ,0,0,0,0,20,1,1,19.5,413.0,0,0,0,0,1,1,0,1,0,1,0,1,0,1,0,1,0,0,0,0,0,0,0,0,20.65,-1.1499999999999986
1106-HRLKZ,1,0,1,1,40,1,0,19.6,808.95,0,0,0,0,1,1,0,1,0,1,0,1,0,1,0,1,0,0,1,0,0,1,0,0,20.223750000000003,-0.6237500000000011
2483-XSSMZ,0,0,0,0,39,1,1,47.85,1886.4,0,0,0,0,0,0,1,0,0,0,0,0,0,0,0,0,0,1,0,0,1,0,1,0,48.369230769230775,-0.5192307692307736
8603-IJWDN,1,0,0,0,1,1,1,86.6,86.6,1,0,1,1,0,0,0,0,0,0,0,0,0,0,0,0,1,0,0,0,1,0,1,1,86.6,0.0
8165-ZJRNM,0,0,1,1,72,1,0,23.75,1679.25,0,0,1,0,1,1,0,1,0,1,0,1,0,1,0,1,0,0,1,0,0,0,0,0,23.322916666666668,0.42708333333333215
9369-XFEHK,0,1,1,0,33,1,1,80.6,2656.5,1,0,1,1,0,0,0,0,1,0,0,0,0,0,0,0,0,0,0,0,0,0,1,0,80.5,0.09999999999999432
2604-XVDAM,0,0,0,0,12,1,0,43.8,540.95,0,0,0,0,0,0,0,0,0,0,0,0,0,0,0,0,0,0,0,0,0,0,0,1,45.07916666666667,-1.2791666666666757
3717-OFRTN,1,0,0,0,1,1,0,19.75,19.75,0,0,0,0,1,1,0,1,0,1,0,1,0,1,0,1,0,0,0,0,0,0,0,1,19.75,0.0
9046-JBFWA,1,0,0,1,27,1,0,19.15,537.35,0,0,0,0,1,1,0,1,0,1,0,1,0,1,0,1,0,0,0,0,0,1,0,0,19.901851851851852,-0.7518518518518533
3280-NMUVX,1,0,1,1,34,1,0,19.6,678.8,0,0,0,0,1,1,0,1,0,1,0,1,0,1,0,1,0,1,0,1,0,0,0,0,19.96470588235294,-0.3647058823529399
1206-EHBDD,0,0,1,0,56,1,0,80.3,4513.65,0,0,0,1,0,0,1,0,0,0,1,0,0,0,0,0,0,0,1,0,0,0,2,0,80.60089285714285,-0.3008928571428555
8361-LBRDI,0,0,0,0,58,1,0,24.35,1423.85,0,0,1,0,1,1,0,1,0,1,0,1,0,1,0,1,0,0,1,1,0,0,0,0,24.54913793103448,-0.1991379310344783
4883-KCPZJ,0,0,1,1,22,1,0,25.25,555.4,0,0,1,0,1,1,0,1,0,1,0,1,0,1,0,1,0,0,1,1,0,0,0,0,25.245454545454546,0.004545454545453964
9108-EQPNQ,0,0,1,1,10,1,0,26.1,225.55,0,0,1,0,1,1,0,1,0,1,0,1,0,1,0,1,0,0,1,1,0,0,0,1,22.555,3.5450000000000017
7277-KAMWT,1,0,0,0,13,1,0,20.0,268.45,0,0,0,0,1,1,0,1,0,1,0,1,0,1,0,1,0,0,1,1,0,0,0,0,20.65,-0.6499999999999986
3842-IYKUE,0,0,0,0,35,1,0,85.3,2917.5,1,0,1,1,0,0,0,0,1,0,0,0,1,0,0,0,0,0,0,1,0,0,2,0,83.35714285714286,1.942857142857136
6641-XRPSU,0,0,0,0,34,1,1,70.0,2416.1,1,0,0,1,0,0,0,0,0,0,0,0,0,0,0,0,0,0,0,1,0,0,0,0,71.06176470588235,-1.0617647058823536
1374-DMZUI,0,1,0,0,4,1,1,94.3,424.45,1,0,1,1,0,0,0,0,0,0,0,0,0,0,1,0,1,0,0,0,1,0,2,1,106.1125,-11.8125
2545-LXYVJ,1,0,1,0,72,1,0,20.7,1492.1,0,0,0,0,1,1,0,1,0,1,0,1,0,1,0,1,0,0,1,0,0,0,0,0,20.72361111111111,-0.023611111111112137
3234-VKACU,1,0,0,0,2,1,0,70.3,132.4,0,0,0,0,0,0,0,0,0,0,0,0,1,0,1,0,1,0,0,0,1,0,3,1,66.2,4.099999999999994
8357-EQXFO,0,0,0,0,7,1,1,95.35,660.9,1,0,0,1,0,0,0,0,0,0,1,0,0,0,1,0,1,0,0,0,1,0,3,1,94.41428571428571,0.9357142857142833
1989-PRJHP,1,1,1,0,27,1,1,75.5,1893.95,1,0,1,1,0,0,0,0,0,0,0,0,0,0,0,0,0,0,0,0,1,0,0,0,70.1462962962963,5.353703703703701
8120-JDCAM,1,0,1,1,4,1,1,69.55,284.9,0,0,0,1,0,0,0,0,0,0,0,0,0,0,0,0,0,0,0,0,0,1,0,1,71.225,-1.6749999999999972
8917-FAEMR,0,0,0,0,37,1,0,19.85,784.25,0,0,0,0,1,1,0,1,0,1,0,1,0,1,0,1,0,0,1,0,0,1,0,0,21.195945945945947,-1.345945945945946
7047-YXDMZ,1,0,0,0,21,1,0,20.0,417.7,0,0,0,0,1,1,0,1,0,1,0,1,0,1,0,1,0,0,0,0,0,1,0,0,19.89047619047619,0.10952380952381091
2858-EIMXH,0,1,1,0,53,1,1,95.85,5016.25,0,0,1,1,0,0,0,0,0,0,0,0,0,0,1,0,1,1,0,1,0,0,2,0,94.64622641509433,1.2037735849056617
9524-EGPJC,0,0,0,0,18,1,1,90.1,1612.75,1,0,1,1,0,0,0,0,0,0,0,0,1,0,0,0,1,0,0,0,1,0,2,0,89.59722222222223,0.5027777777777658
6993-OHLXR,0,0,0,0,2,1,0,68.95,119.75,1,0,0,1,0,0,0,0,0,0,0,0,0,0,0,0,0,0,0,0,1,0,0,1,59.875,9.075000000000003
8818-XYFCQ,1,0,1,1,32,1,1,99.55,3204.65,1,0,1,1,0,0,1,0,0,0,0,0,0,0,1,0,1,0,0,1,0,0,3,0,100.1453125,-0.5953125000000057
6419-ZTTLE,1,1,1,0,23,1,1,20.75,485.2,0,0,0,0,1,1,0,1,0,1,0,1,0,1,0,1,0,1,0,0,1,0,0,0,21.09565217391304,-0.3456521739130416
0929-HYQEW,1,0,0,0,3,1,1,50.15,160.85,0,0,0,0,0,0,1,0,0,0,0,0,0,0,0,0,0,0,0,0,0,1,1,1,53.61666666666667,-3.4666666666666686
6614-YOLAC,0,0,1,1,71,0,0,58.65,4145.25,0,1,0,0,0,0,1,0,1,0,0,0,1,0,1,0,1,0,1,0,0,1,5,0,58.38380281690141,0.26619718309859053
7426-RHZGU,1,0,0,0,9,1,1,95.9,827.45,0,0,0,1,0,0,0,0,0,0,0,0,1,0,1,0,1,0,0,0,0,0,3,1,91.9388888888889,3.9611111111111086
4065-JJAVA,0,0,0,0,1,1,0,49.5,49.5,0,0,0,0,0,0,0,0,1,0,0,0,0,0,0,0,0,0,0,0,1,0,1,1,49.5,0.0
4695-VADHF,1,0,1,1,18,1,0,57.45,990.85,1,0,0,0,0,0,0,0,0,0,1,0,0,0,0,0,1,0,0,0,1,0,2,0,55.047222222222224,2.4027777777777786
3863-IUBJR,1,0,1,1,12,1,0,53.65,696.35,1,0,0,0,0,0,0,0,0,0,0,0,0,0,0,0,1,1,0,1,0,0,1,1,58.02916666666667,-4.37916666666667
7649-SIJJF,1,0,1,0,71,1,1,80.1,5585.4,0,0,1,0,0,0,1,0,1,0,1,0,1,0,0,0,1,0,1,0,0,1,5,0,78.66760563380281,1.4323943661971867
9361-YNQWJ,0,0,0,0,64,1,1,24.4,1601.2,0,0,1,0,1,1,0,1,0,1,0,1,0,1,0,1,0,1,0,0,0,0,0,0,25.01875,-0.6187500000000021
3748-FVMZZ,1,0,0,0,4,0,1,40.05,162.45,0,1,0,0,0,0,0,0,0,0,0,0,1,0,0,0,1,0,0,0,1,0,2,1,40.6125,-0.5625
9391-TTOYH,0,0,0,0,23,1,1,19.5,470.2,0,0,0,0,1,1,0,1,0,1,0,1,0,1,0,1,0,0,0,0,0,1,0,0,20.443478260869565,-0.9434782608695649
1452-XRSJV,0,0,1,1,39,1,0,51.05,2066.0,0,0,0,0,0,0,1,0,0,0,0,0,0,0,0,0,0,0,0,1,0,0,1,0,52.97435897435897,-1.9243589743589737
3422-WJOYD,1,0,1,0,28,1,0,54.35,1426.45,0,0,0,0,0,0,1,0,0,0,0,0,1,0,0,0,0,1,0,0,0,1,2,0,50.94464285714286,3.4053571428571416
8242-SOQUO,0,1,0,0,5,1,1,84.7,392.5,0,0,0,1,0,0,0,0,1,0,0,0,0,0,1,0,0,0,0,0,1,0,2,1,78.5,6.200000000000003
7460-ITWWP,0,1,1,0,45,1,1,86.1,3861.45,0,0,0,1,0,0,0,0,0,0,1,0,0,0,0,0,1,0,0,0,1,0,2,0,85.81,0.28999999999999204
7147-AYBAA,1,0,0,0,37,1,1,70.35,2552.9,0,0,0,1,0,0,0,0,0,0,0,0,0,0,0,0,0,0,0,0,0,1,0,0,68.9972972972973,1.3527027027027003
7868-TMWMZ,0,1,1,0,60,1,1,110.0,6668.35,0,0,0,1,0,0,1,0,1,0,1,0,1,0,1,0,1,0,1,0,0,0,6,0,111.13916666666667,-1.139166666666668
4822-RVYBB,1,1,0,0,8,1,1,100.6,819.4,1,0,1,1,0,0,0,0,0,0,1,0,0,0,1,0,1,0,0,0,1,0,3,1,102.425,-1.8250000000000028
6732-FZUGP,0,0,0,0,47,1,0,94.9,4615.25,0,0,1,1,0,0,1,0,0,0,1,0,0,0,1,0,0,1,0,1,0,0,3,0,98.19680851063829,-3.296808510638286
8436-BJUMM,1,0,1,1,26,1,1,83.75,2070.6,1,0,1,1,0,0,0,0,0,0,0,0,0,0,1,0,0,0,0,0,1,0,1,0,79.63846153846154,4.1115384615384585
4184-TJFAN,0,1,1,1,3,1,1,88.3,273.75,1,0,0,1,0,0,1,0,0,0,0,0,1,0,1,0,0,0,0,0,0,1,3,1,91.25,-2.950000000000003
8329-GWVPJ,0,0,1,1,50,1,1,69.75,3557.7,0,0,0,1,0,0,0,0,0,0,0,0,0,0,0,0,0,0,0,0,0,0,0,0,71.154,-1.4039999999999964
1352-VHKAJ,1,0,1,1,27,1,0,71.6,1957.1,0,0,1,0,0,0,0,0,0,0,0,0,1,0,1,0,1,0,0,0,0,0,3,0,72.48518518518519,-0.8851851851851933
4145-UQXUQ,0,1,0,0,8,1,1,92.1,729.95,1,0,0,1,0,0,0,0,0,0,1,0,0,0,1,0,1,0,0,0,1,0,3,1,91.24375,0.8562499999999886
2632-TACXW,0,0,1,0,62,1,0,23.65,1416.75,0,0,1,0,1,1,0,1,0,1,0,1,0,1,0,1,0,0,1,0,0,0,0,0,22.850806451612904,0.7991935483870947
8146-QQKZH,0,0,1,0,71,1,0,81.85,5924.4,0,0,0,0,0,0,1,0,0,0,1,0,1,0,1,0,1,0,1,0,0,0,5,0,83.44225352112676,-1.5922535211267643
1767-CJKBA,1,0,0,0,66,1,0,25.1,1697.7,0,0,1,0,1,1,0,1,0,1,0,1,0,1,0,1,0,0,1,0,0,1,0,0,25.722727272727273,-0.6227272727272712
6445-TNRXS,1,0,1,1,68,1,1,114.7,7849.85,0,0,1,1,0,0,1,0,1,0,1,0,1,0,1,0,1,0,1,0,0,0,6,0,115.43897058823529,-0.7389705882352899
4581-LNWUM,0,0,0,0,13,0,0,49.15,649.4,0,1,0,0,0,0,0,0,0,0,1,0,0,0,1,0,1,0,0,0,1,0,3,0,49.95384615384615,-0.8038461538461519
4869-EPIUS,1,0,1,0,56,1,1,80.9,4557.5,0,0,0,1,0,0,0,0,0,0,0,0,0,0,0,0,1,1,0,0,1,0,1,0,81.38392857142857,-0.4839285714285637
9948-YPTDG,1,0,1,0,38,1,1,79.45,3013.05,1,0,0,1,0,0,1,0,1,0,0,0,0,0,0,0,0,0,0,0,1,0,2,0,79.29078947368421,0.15921052631578902
1236-WFCDV,1,1,0,0,14,1,0,90.45,1266.1,1,0,0,1,0,0,0,0,0,0,0,0,0,0,1,0,1,0,0,1,0,0,2,0,90.43571428571428,0.014285714285719564
1915-OAKWD,0,0,0,1,16,1,1,19.3,360.35,0,0,0,0,1,1,0,1,0,1,0,1,0,1,0,1,0,1,0,0,0,0,0,0,22.521875,-3.2218750000000007
7296-PIXQY,0,0,1,1,14,1,0,70.2,1046.5,0,0,0,1,0,0,0,0,0,0,0,0,0,0,0,0,0,0,0,0,1,0,0,0,74.75,-4.549999999999997
4883-QICIH,1,0,1,1,32,1,1,69.75,2347.9,1,0,0,1,0,0,0,0,0,0,0,0,0,0,0,0,0,0,0,0,0,0,0,0,73.371875,-3.621875000000003
3354-OADJP,0,0,0,0,8,1,0,54.25,447.75,0,0,0,0,0,0,1,0,0,0,0,0,1,0,0,0,0,1,0,0,0,0,2,1,55.96875,-1.71875
3524-WQDSG,0,0,1,1,43,1,1,99.3,4209.95,0,0,1,1,0,0,0,0,0,0,1,0,0,0,1,0,1,0,0,0,0,0,3,0,97.90581395348836,1.394186046511635
0810-DHDBD,0,0,0,0,52,1,0,74.0,3877.65,0,0,1,0,0,0,1,0,0,0,1,0,1,0,1,0,0,1,0,1,0,0,4,0,74.57019230769231,-0.5701923076923094
4026-SKKHW,1,0,0,0,3,1,1,50.25,152.3,0,0,0,0,0,0,0,0,0,0,0,0,1,0,0,0,0,0,0,0,0,1,1,1,50.76666666666667,-0.5166666666666728
2829-HYVZP,1,0,0,0,29,1,1,19.8,572.2,0,0,0,0,1,1,0,1,0,1,0,1,0,1,0,1,0,1,0,0,0,1,0,0,19.731034482758623,0.06896551724137723
8329-IBCTI,0,0,0,0,1,1,0,19.65,19.65,1,0,0,0,1,1,0,1,0,1,0,1,0,1,0,1,0,0,0,0,0,1,0,1,19.65,0.0
1271-SJBGZ,1,1,0,0,12,0,1,43.65,526.95,1,1,0,0,0,0,0,0,0,0,1,0,1,0,0,0,1,0,0,0,1,0,3,1,43.9125,-0.26250000000000284
3845-JHAMY,0,0,1,1,16,0,1,35.5,552.7,0,1,0,0,0,0,0,0,0,0,0,0,0,0,0,0,1,0,0,1,0,0,1,0,34.54375,0.9562499999999972
7013-PSXHK,0,0,0,0,40,1,1,80.75,3208.65,0,0,1,0,0,0,0,0,0,0,1,0,1,0,1,0,1,1,0,0,0,1,4,0,80.21625,0.5337499999999977
5669-SRAIP,0,0,0,0,5,0,0,39.5,210.75,1,1,0,0,0,0,0,0,0,0,1,0,0,0,0,0,1,0,0,0,1,0,2,1,42.15,-2.6499999999999986
5981-ITEMU,1,0,1,0,40,1,1,97.1,3706.95,1,0,1,1,0,0,0,0,0,0,0,0,0,0,1,0,1,0,0,0,0,0,2,0,92.67375,4.426249999999996
3486-NPGST,0,0,0,0,36,1,0,19.55,620.75,0,0,0,0,1,1,0,1,0,1,0,1,0,1,0,1,0,1,0,0,0,1,0,0,17.243055555555557,2.3069444444444436
6941-PMGEP,0,0,0,0,5,1,1,80.0,412.5,1,0,0,1,0,0,0,0,0,0,0,0,0,0,0,0,1,0,0,0,1,0,1,1,82.5,-2.5
1624-WOIWJ,0,0,0,0,10,1,1,84.7,832.05,1,0,0,1,0,0,1,0,0,0,0,0,0,0,1,0,0,0,0,0,0,1,2,1,83.205,1.4950000000000045
2074-GKOWZ,1,0,1,1,2,1,1,89.55,185.55,1,0,0,1,0,0,0,0,0,0,0,0,0,0,1,0,1,0,0,0,0,0,2,1,92.775,-3.2250000000000085
0376-YMCJC,1,0,0,0,23,1,1,90.6,1943.2,1,0,1,1,0,0,0,0,0,0,0,0,1,0,1,0,0,0,0,0,1,0,2,0,84.48695652173913,6.113043478260863
6100-FJZDG,1,0,1,1,26,1,1,20.05,505.9,0,0,0,0,1,1,0,1,0,1,0,1,0,1,0,1,0,1,0,0,0,0,0,0,19.457692307692305,0.5923076923076955
4829-ZLJTK,0,1,1,0,72,1,1,112.4,8046.85,0,0,1,1,0,0,1,0,1,0,1,0,0,0,1,0,1,0,1,0,1,0,5,0,111.76180555555555,0.6381944444444514
1730-VFMWO,0,0,1,0,34,1,0,50.2,1815.3,0,0,0,0,0,0,0,0,0,0,0,0,1,0,0,0,0,0,0,0,0,0,1,0,53.391176470588235,-3.191176470588232
7143-BQIBA,1,0,0,0,10,1,0,62.25,612.95,0,0,0,0,0,0,1,0,0,0,0,0,1,0,1,0,0,0,0,0,0,0,3,1,61.295,0.9549999999999983
3800-LYTRK,0,0,0,0,14,1,0,55.7,795.15,0,0,0,0,0,0,1,0,0,0,0,0,1,0,0,0,0,1,0,0,0,1,2,0,56.79642857142857,-1.096428571428568
0634-SZPQA,0,0,0,0,23,1,1,90.05,2169.8,1,0,1,1,0,0,1,0,0,0,0,0,0,0,1,0,0,0,0,0,0,0,2,0,94.33913043478262,-4.289130434782621
9646-NMHXE,1,0,1,0,47,1,0,19.65,973.1,0,0,0,0,1,1,0,1,0,1,0,1,0,1,0,1,0,0,1,0,0,1,0,0,20.70425531914894,-1.0542553191489397
7030-NJVDP,1,0,1,0,24,1,1,89.25,2210.2,0,0,0,1,0,0,1,0,0,0,0,0,1,0,0,0,1,0,0,0,1,0,3,0,92.09166666666665,-2.8416666666666544
5536-RTPWK,1,0,1,0,49,1,1,99.05,4853.75,1,0,1,1,0,0,0,0,1,0,0,0,0,0,1,0,1,0,0,0,0,0,3,0,99.0561224489796,-0.006122448979596129
8883-GRDWQ,1,1,0,0,20,1,0,54.0,1055.9,0,0,0,0,0,0,1,0,0,0,0,0,1,0,0,0,0,1,0,0,0,1,2,0,52.795,1.2049999999999983
6166-ILMNY,0,0,0,0,2,1,0,69.75,144.55,1,0,0,1,0,0,0,0,0,0,0,0,0,0,0,0,0,0,0,0,0,0,0,1,72.275,-2.5250000000000057
3097-NNSPB,0,0,0,0,2,1,1,49.05,91.1,1,0,0,0,0,0,0,0,1,0,0,0,0,0,0,0,0,0,0,1,0,0,1,1,45.55,3.5
7771-ZONAT,1,0,0,0,22,0,0,56.75,1304.85,0,1,0,0,0,0,0,0,0,0,1,0,1,0,1,0,1,0,1,0,0,0,4,0,59.31136363636363,-2.5613636363636303
0655-RBDUG,1,0,0,0,7,1,1,98.05,713.0,1,0,1,1,0,0,0,0,0,0,1,0,0,0,1,0,1,0,0,0,0,0,3,1,101.85714285714286,-3.807142857142864
2111-DWYHN,1,0,0,0,1,1,0,21.1,21.1,0,0,0,0,1,1,0,1,0,1,0,1,0,1,0,1,0,0,0,0,0,1,0,1,21.1,0.0
4194-WHFCB,0,0,1,1,59,1,1,96.65,5580.8,0,0,1,1,0,0,0,0,1,0,0,0,1,0,0,0,1,0,0,0,0,0,3,0,94.58983050847458,2.0601694915254285
4121-AGSIN,0,0,1,1,58,1,1,24.5,1497.9,0,0,1,0,1,1,0,1,0,1,0,1,0,1,0,1,0,1,0,1,0,0,0,0,25.82586206896552,-1.3258620689655203
4361-BKAXE,0,0,0,0,41,1,1,114.5,4527.45,1,0,1,1,0,0,1,0,1,0,1,0,1,0,1,0,1,0,0,0,0,0,6,0,110.42560975609756,4.074390243902442
9845-PEEKO,0,1,0,0,59,1,1,79.2,4590.35,0,0,1,1,0,0,0,0,1,0,0,0,0,0,0,0,0,0,1,1,0,0,1,0,77.80254237288136,1.3974576271186407
0455-XFASS,0,0,1,1,3,1,1,69.55,200.2,0,0,0,1,0,0,0,0,0,0,0,0,0,0,0,0,0,0,0,0,1,0,0,1,66.73333333333333,2.816666666666663
0301-KOBTQ,1,0,0,0,32,1,1,20.05,614.45,0,0,0,0,1,1,0,1,0,1,0,1,0,1,0,1,0,0,1,0,0,0,0,0,19.2015625,0.8484374999999993
1751-NCDLI,1,1,1,0,46,1,1,98.85,4564.9,0,0,1,1,0,0,0,0,0,0,1,0,0,0,1,0,1,0,0,0,1,0,3,0,99.23695652173912,-0.38695652173912265
4367-NUYAO,1,0,1,1,0,1,0,25.75,0.0,0,0,1,0,1,1,0,1,0,1,0,1,0,1,0,1,0,0,1,0,0,1,0,1,0.0,25.75
9878-TNQGW,1,0,0,0,2,1,1,80.95,171.15,1,0,0,1,0,0,0,0,0,0,0,0,0,0,0,0,1,0,0,0,1,0,1,1,85.575,-4.625
9170-ARBTB,0,0,1,1,52,1,0,19.6,1012.4,0,0,0,0,1,1,0,1,0,1,0,1,0,1,0,1,0,1,0,1,0,0,0,0,19.46923076923077,0.13076923076923208
4441-NIHPT,0,1,0,0,13,1,1,74.3,940.35,1,0,0,1,0,0,0,0,0,0,1,0,0,0,0,0,0,0,0,0,1,0,1,0,72.33461538461539,1.9653846153846075
8999-BOHSE,0,1,0,0,11,1,0,89.7,1047.7,1,0,0,1,0,0,0,0,0,0,0,0,0,0,1,0,1,0,0,0,0,0,2,1,95.24545454545455,-5.545454545454547
7241-AJHFS,1,0,0,0,32,1,0,87.65,2766.4,0,0,1,1,0,0,1,0,0,0,0,0,1,0,0,0,0,0,0,0,0,0,2,0,86.45,1.2000000000000028
7029-RPUAV,1,1,1,0,17,1,1,100.45,1622.45,1,0,1,1,0,0,0,0,0,0,1,0,0,0,1,0,1,0,0,1,0,0,3,0,95.43823529411765,5.0117647058823565
4546-FOKWR,0,0,0,0,16,1,1,74.75,1129.35,0,0,1,1,0,0,0,0,0,0,0,0,0,0,0,0,0,0,0,1,0,0,0,0,70.584375,4.165625000000006
9036-CSKBW,0,0,0,0,51,1,0,107.45,5680.9,0,0,1,1,0,0,1,0,1,0,1,0,0,0,1,0,1,1,0,0,0,0,5,0,111.39019607843136,-3.940196078431356
5832-TRLPB,1,0,0,0,29,1,1,75.35,2243.9,0,0,0,0,0,0,0,0,0,0,1,0,1,0,1,0,1,1,0,0,0,0,4,0,77.37586206896552,-2.025862068965523
8590-YFFQO,1,0,1,0,70,1,0,64.95,4523.25,0,0,0,0,0,0,1,0,1,0,1,0,1,0,0,0,0,0,1,1,0,0,4,0,64.61785714285715,0.3321428571428555
8659-IOOPU,0,0,1,1,71,1,0,100.45,7159.7,0,0,1,1,0,0,1,0,0,0,1,0,1,0,0,0,1,0,1,0,1,0,4,0,100.84084507042253,-0.3908450704225288
1338-CECEE,1,0,1,1,41,1,0,68.5,2839.95,0,0,1,0,0,0,0,0,1,0,1,0,0,0,1,0,0,1,0,0,0,0,3,0,69.2670731707317,-0.767073170731706
7439-DKZTW,1,0,0,0,1,1,1,80.55,80.55,0,0,0,1,0,0,0,0,0,0,0,0,0,0,1,0,0,0,0,0,1,0,1,1,80.55,0.0
4646-QZXTF,0,0,1,0,7,1,0,81.25,580.1,0,0,0,0,0,0,1,0,0,0,1,0,1,0,1,0,1,0,0,0,0,0,5,1,82.87142857142858,-1.6214285714285808
4607-CHPCA,1,0,1,1,25,1,1,90.4,2178.6,1,0,0,1,0,0,0,0,0,0,0,0,0,0,1,0,1,1,0,0,1,0,2,0,87.14399999999999,3.2560000000000144
9742-XOKTS,1,0,1,1,67,1,0,89.55,6038.55,0,0,1,1,0,0,1,0,1,0,0,0,1,0,0,0,0,1,0,0,1,0,3,0,90.12761194029851,-0.5776119402985103
6921-OZMFH,1,0,1,1,5,1,1,55.7,259.4,0,0,1,0,0,0,0,0,0,0,0,0,1,0,0,0,0,0,0,0,0,1,1,1,51.879999999999995,3.8200000000000074
9578-FOMUK,1,0,0,1,15,1,1,24.8,324.15,0,0,1,0,1,1,0,1,0,1,0,1,0,1,0,1,0,0,0,0,1,0,0,0,21.61,3.1900000000000013
4712-UYOOI,0,0,1,1,20,1,0,20.0,417.65,0,0,0,0,1,1,0,1,0,1,0,1,0,1,0,1,0,0,0,0,1,0,0,0,20.8825,-0.8825000000000003
8824-RWFXJ,1,0,1,1,3,1,1,56.15,168.15,1,0,0,0,0,0,0,0,1,0,1,0,0,0,0,0,0,0,0,0,0,1,2,1,56.050000000000004,0.09999999999999432
7722-CVFXN,1,0,1,1,54,1,1,105.2,5637.85,0,0,1,1,0,0,0,0,1,0,0,0,1,0,1,0,1,1,0,0,1,0,4,0,104.40462962962964,0.7953703703703638
8717-VCTXJ,1,0,0,0,42,1,1,19.55,839.4,0,0,0,0,1,1,0,1,0,1,0,1,0,1,0,1,0,1,0,0,0,1,0,0,19.985714285714284,-0.4357142857142833
7363-QTBIW,0,0,1,0,9,1,1,79.75,769.1,0,0,0,1,0,0,0,0,0,0,0,0,0,0,0,0,1,0,0,0,1,0,1,1,85.45555555555556,-5.705555555555563
4159-NAAIX,0,0,0,0,63,1,0,97.45,6253.0,0,0,1,1,0,0,0,0,1,0,0,0,0,0,1,0,1,0,1,0,0,0,3,0,99.25396825396825,-1.8039682539682502
0971-QIFJK,0,0,1,0,69,1,0,24.25,1641.8,0,0,1,0,1,1,0,1,0,1,0,1,0,1,0,1,0,0,1,0,0,0,0,0,23.794202898550726,0.4557971014492743
9397-TZSHA,0,0,0,0,69,1,0,24.6,1678.05,0,0,1,0,1,1,0,1,0,1,0,1,0,1,0,1,0,0,1,1,0,0,0,0,24.319565217391304,0.2804347826086975
3391-JSQEW,1,0,1,0,40,1,1,50.15,2058.5,0,0,0,0,0,0,0,0,1,0,0,0,0,0,0,0,0,0,0,0,0,1,1,0,51.4625,-1.3125
0343-QLUZP,1,0,0,0,60,0,0,39.6,2424.5,0,1,0,0,0,0,1,0,1,0,1,0,0,0,0,0,0,0,1,0,0,0,3,0,40.40833333333333,-0.80833333333333
9763-PDTKK,0,0,0,0,4,1,1,94.4,387.2,1,0,0,1,0,0,1,0,0,0,1,0,1,0,0,0,1,0,0,0,0,0,4,1,96.8,-2.3999999999999915
2176-LVPNX,0,1,0,0,71,1,0,89.85,6293.45,0,0,1,0,0,0,1,0,1,0,1,0,1,0,1,0,1,0,1,0,0,1,6,0,88.64014084507042,1.2098591549295747
7627-JKIAZ,0,0,1,0,37,1,1,78.95,2839.65,1,0,1,1,0,0,0,0,0,0,1,0,0,0,0,0,0,0,0,1,0,0,1,0,76.7472972972973,2.202702702702709
3312-UUMZW,1,0,1,0,32,1,1,98.85,3145.9,0,0,1,1,0,0,0,0,1,0,0,0,0,0,1,0,1,0,0,1,0,0,3,0,98.309375,0.5406249999999915
1271-UODNO,1,0,0,0,39,1,1,53.85,2200.7,0,0,1,0,0,0,0,0,0,0,0,0,1,0,0,0,0,0,1,1,0,0,1,0,56.42820512820512,-2.57820512820512
8461-EFQYM,0,0,0,0,38,1,1,24.25,914.4,0,0,1,0,1,1,0,1,0,1,0,1,0,1,0,1,0,1,0,0,1,0,0,0,24.063157894736843,0.1868421052631568
6900-RBKER,1,0,0,0,52,1,1,89.45,4577.75,0,0,1,1,0,0,0,0,0,0,1,0,0,0,0,0,1,0,1,1,0,0,2,0,88.03365384615384,1.4163461538461632
6891-JPYFF,0,0,1,1,48,1,1,105.25,4997.5,0,0,1,1,0,0,1,0,1,0,0,0,0,0,1,0,1,0,0,1,0,0,4,0,104.11458333333333,1.1354166666666714
1459-QNFQT,1,0,1,1,70,0,0,59.5,4144.8,0,1,0,0,0,0,1,0,0,0,1,0,1,0,1,0,1,0,1,0,0,0,5,0,59.21142857142858,0.2885714285714229
1047-NNCBF,1,0,0,0,20,1,0,70.55,1493.55,0,0,0,1,0,0,0,0,0,0,0,0,0,0,0,0,0,0,0,1,0,0,0,0,74.6775,-4.127499999999998
3696-XRIEN,0,0,0,0,50,1,1,82.5,4179.1,0,0,1,0,0,0,1,0,0,0,1,0,1,0,1,0,1,1,0,1,0,0,5,0,83.58200000000001,-1.0820000000000078
4081-DYXAV,0,0,0,0,19,0,1,44.85,893.55,1,1,0,0,0,0,0,0,0,0,0,0,0,0,1,0,1,1,0,1,0,0,2,0,47.02894736842105,-2.178947368421049
0074-HDKDG,1,0,1,1,25,1,1,61.6,1611.0,0,0,0,0,0,0,1,0,1,0,1,0,0,0,0,0,0,1,0,0,0,0,3,0,64.44,-2.8399999999999963
8791-GFXLZ,1,0,0,0,12,1,1,49.05,593.05,0,0,0,0,0,0,0,0,1,0,0,0,0,0,0,0,0,0,0,0,0,0,1,1,49.42083333333333,-0.37083333333333
8111-SLLHI,1,1,1,0,39,1,1,105.65,4284.8,1,0,1,1,0,0,0,0,1,0,1,0,0,0,1,0,1,0,0,0,1,0,4,0,109.86666666666667,-4.216666666666669
0927-LCSMG,1,0,0,0,7,1,0,74.65,544.55,1,0,0,1,0,0,0,0,0,0,1,0,0,0,0,0,0,0,0,0,0,1,1,1,77.79285714285713,-3.1428571428571246
9330-DHBFL,0,0,1,1,23,1,1,66.25,1533.8,0,0,0,0,0,0,1,0,1,0,1,0,1,0,0,0,0,1,0,0,0,1,4,0,66.68695652173913,-0.436956521739134
0098-BOWSO,1,0,0,0,27,1,1,19.4,529.8,0,0,0,0,1,1,0,1,0,1,0,1,0,1,0,1,0,0,0,0,1,0,0,0,19.62222222222222,-0.22222222222222143
3452-ABWRL,1,1,0,0,47,1,1,86.05,3865.6,0,0,1,1,0,0,0,0,0,0,0,0,0,0,1,0,0,0,0,1,0,0,1,0,82.2468085106383,3.8031914893616943
5859-HZYLF,1,0,1,1,26,1,1,19.15,515.75,0,0,0,0,1,1,0,1,0,1,0,1,0,1,0,1,0,0,1,1,0,0,0,0,19.83653846153846,-0.6865384615384613
8257-RZAHR,0,0,1,0,14,1,1,64.7,941.0,1,0,1,0,0,0,1,0,0,0,0,0,0,0,1,0,0,0,0,0,0,0,2,0,67.21428571428571,-2.5142857142857054
5293-WXJAK,0,1,1,0,11,1,1,104.05,1133.65,1,0,1,1,0,0,0,0,0,0,1,0,1,0,1,0,1,0,0,0,0,0,4,1,103.05909090909091,0.990909090909085
3156-QLHBO,1,0,0,1,2,1,0,19.25,48.35,0,0,0,0,1,1,0,1,0,1,0,1,0,1,0,1,0,0,0,0,0,1,0,1,24.175,-4.925000000000001
2208-NQBCT,0,0,1,1,26,1,0,81.95,2070.05,0,0,0,1,0,0,1,0,1,0,0,0,0,0,0,0,0,0,0,0,1,0,2,0,79.6173076923077,2.332692307692298
1779-PWPMG,0,1,1,0,72,1,1,114.65,8333.95,0,0,1,1,0,0,1,0,1,0,1,0,1,0,1,0,1,0,1,0,0,0,6,0,115.74930555555557,-1.09930555555556
6621-NRZAK,0,0,1,1,63,1,0,20.0,1209.25,0,0,0,0,1,1,0,1,0,1,0,1,0,1,0,1,0,0,1,1,0,0,0,0,19.194444444444443,0.8055555555555571
0831-JNISG,1,0,1,1,71,1,0,19.8,1396.25,0,0,0,0,1,1,0,1,0,1,0,1,0,1,0,1,0,0,1,0,0,1,0,0,19.66549295774648,0.13450704225352084
0774-IFUVM,1,0,1,1,11,1,1,65.15,723.35,0,0,1,0,0,0,1,0,0,0,0,0,0,0,1,0,0,0,0,0,0,0,2,1,65.75909090909092,-0.6090909090909093
3082-WQRVY,1,1,1,0,14,1,0,19.65,228.65,0,0,0,0,1,1,0,1,0,1,0,1,0,1,0,1,0,1,0,0,0,1,0,0,16.33214285714286,3.3178571428571395
9553-DLCLU,0,0,0,1,13,1,0,88.95,1161.75,0,0,1,0,0,0,1,0,1,0,1,0,1,0,1,0,1,0,1,1,0,0,6,0,89.36538461538461,-0.41538461538461036
1641-BYBTK,1,0,0,1,6,1,1,20.2,98.35,0,0,0,0,1,1,0,1,0,1,0,1,0,1,0,1,0,0,0,0,0,1,0,1,16.391666666666666,3.8083333333333336
2460-NGXBJ,1,1,1,1,11,1,1,75.2,775.3,0,0,1,1,0,0,0,0,0,0,0,0,0,0,0,0,0,0,0,1,0,0,0,1,70.48181818181818,4.718181818181819
2446-ZKVAF,1,0,1,0,18,1,0,56.8,1074.65,0,0,1,0,0,0,0,0,1,0,0,0,0,0,0,0,0,0,0,1,0,0,1,0,59.70277777777778,-2.9027777777777857
0841-NULXI,1,0,0,0,1,0,1,35.55,35.55,1,1,0,0,0,0,0,0,0,0,0,0,0,0,0,0,1,0,0,0,1,0,1,1,35.55,0.0
3522-CDKHF,0,0,1,0,32,1,1,75.5,2324.7,0,0,0,1,0,0,1,0,0,0,0,0,0,0,0,0,0,0,0,0,0,0,1,0,72.646875,2.8531250000000057
1430-SFQSA,1,0,0,0,29,0,0,35.6,1072.6,0,1,0,0,0,0,1,0,0,0,0,0,1,0,0,0,0,1,0,0,0,1,2,0,36.98620689655172,-1.3862068965517196
0411-EZJZE,0,0,0,0,3,1,1,60.25,170.5,0,0,1,0,0,0,0,0,0,0,0,0,0,0,1,0,0,0,0,0,1,0,1,1,56.833333333333336,3.4166666666666643
7851-WZEKY,0,0,0,0,2,1,1,95.15,196.9,1,0,1,1,0,0,0,0,0,0,0,0,0,0,1,0,1,0,0,0,1,0,2,1,98.45,-3.299999999999997
8844-TONUD,1,0,1,1,13,1,1,96.65,1162.85,1,0,0,1,0,0,0,0,0,0,1,0,0,0,1,0,1,0,0,0,0,1,3,0,89.44999999999999,7.200000000000017
8807-ARQET,0,0,0,0,41,0,1,40.35,1677.85,0,1,0,0,0,0,0,0,1,0,0,0,0,0,0,0,1,0,0,0,1,0,2,0,40.923170731707316,-0.5731707317073145
8992-CEUEN,0,0,0,0,1,1,0,18.85,18.85,0,0,0,0,1,1,0,1,0,1,0,1,0,1,0,1,0,0,0,0,1,0,0,1,18.85,0.0
4320-QMLLA,1,0,0,0,7,1,0,54.85,370.4,0,0,0,0,0,0,0,0,0,0,0,0,0,0,1,0,0,0,0,0,0,1,1,1,52.91428571428571,1.9357142857142904
8777-PVYGU,0,0,1,0,52,1,1,64.3,3410.6,0,0,0,0,0,0,1,0,0,0,1,0,0,0,1,0,0,1,0,0,0,1,3,0,65.58846153846153,-1.288461538461533
8292-ITGYJ,0,0,1,1,45,1,1,24.65,1138.8,0,0,1,0,1,1,0,1,0,1,0,1,0,1,0,1,0,0,1,0,0,0,0,0,25.306666666666665,-0.6566666666666663
6870-ZWMNX,1,0,1,0,70,1,0,76.1,5264.25,0,0,1,0,0,0,0,0,1,0,1,0,1,0,1,0,0,0,1,1,0,0,4,0,75.20357142857142,0.8964285714285722
0621-CXBKL,0,0,0,0,53,1,0,18.7,1005.7,0,0,0,0,1,1,0,1,0,1,0,1,0,1,0,1,0,0,1,0,0,1,0,0,18.975471698113207,-0.2754716981132077
5268-DSMNQ,0,1,1,0,62,1,1,97.95,5936.55,0,0,1,1,0,0,0,0,1,0,1,0,0,0,1,0,0,1,0,1,0,0,3,0,95.7508064516129,2.1991935483871003
5334-JLAXU,0,0,1,0,60,1,1,94.1,5475.9,0,0,1,1,0,0,1,0,1,0,0,0,0,0,0,0,1,0,0,1,0,0,3,0,91.265,2.8349999999999937
4086-YQSNZ,0,1,1,0,3,1,1,80.4,224.05,1,0,0,1,0,0,0,0,0,0,0,0,0,0,1,0,0,0,0,0,1,0,1,1,74.68333333333334,5.716666666666669
6242-MBHPK,0,1,1,0,23,1,1,95.1,2326.05,0,0,0,1,0,0,1,0,0,0,0,0,0,0,1,0,1,0,0,0,1,0,3,0,101.13260869565218,-6.032608695652186
5868-CZJDR,1,0,0,1,1,0,1,31.35,31.35,1,1,0,0,0,0,0,0,1,0,0,0,0,0,0,0,0,0,0,0,0,1,1,1,31.35,0.0
9359-UGBTK,0,0,0,0,67,1,1,72.35,4991.5,0,0,0,0,0,0,1,0,0,0,1,0,1,0,0,0,1,1,0,0,0,0,4,0,74.5,-2.1500000000000057
0135-NMXAP,0,0,0,0,12,1,1,89.75,1052.4,1,0,1,1,0,0,0,0,1,0,0,0,0,0,1,0,0,0,0,0,0,0,2,1,87.7,2.049999999999997
4782-OSFXZ,0,1,1,0,71,1,1,82.7,5831.2,0,0,1,0,0,0,1,0,1,0,1,0,1,0,0,0,1,0,1,0,0,0,5,0,82.12957746478872,0.5704225352112786
6479-OAUSD,1,0,0,0,25,1,0,19.9,510.8,0,0,0,0,1,1,0,1,0,1,0,1,0,1,0,1,0,1,0,1,0,0,0,0,20.432000000000002,-0.5320000000000036
7129-ACFOG,0,0,0,0,5,1,1,53.8,283.95,0,0,1,0,0,0,1,0,0,0,0,0,0,0,0,0,0,0,0,0,1,0,1,1,56.79,-2.990000000000002
4189-NAKJS,1,0,0,0,26,1,1,51.55,1295.4,0,0,1,0,0,0,0,0,0,0,0,0,0,0,0,0,0,1,0,1,0,0,0,0,49.823076923076925,1.7269230769230717
5562-BETPV,1,0,1,1,1,1,0,19.65,19.65,0,0,0,0,1,1,0,1,0,1,0,1,0,1,0,1,0,1,0,0,0,1,0,1,19.65,0.0
1282-IHQAC,1,1,0,0,70,0,1,44.05,3011.65,0,1,0,0,0,0,0,0,1,0,1,0,0,0,1,0,0,1,0,1,0,0,3,0,43.02357142857143,1.0264285714285677
9127-FHJBZ,1,0,1,1,72,1,1,114.0,8093.15,0,0,1,1,0,0,1,0,1,0,1,0,1,0,1,0,1,0,1,0,1,0,6,0,112.4048611111111,1.595138888888897
6270-OMFIW,1,0,1,0,60,1,1,94.4,5610.25,1,0,0,1,0,0,0,0,1,0,0,0,0,0,1,0,1,1,0,0,1,0,3,0,93.50416666666666,0.8958333333333428
1641-RQDAY,0,1,1,1,32,1,1,100.4,3217.65,0,0,1,1,0,0,0,0,1,0,0,0,0,0,1,0,1,0,0,0,1,0,3,0,100.5515625,-0.15156249999999716
0107-WESLM,1,0,0,0,1,1,1,19.85,19.85,1,0,0,0,1,1,0,1,0,1,0,1,0,1,0,1,0,0,0,0,1,0,0,1,19.85,0.0
6994-ORCWG,0,0,0,0,14,1,1,54.25,773.2,0,0,1,0,0,0,0,0,1,0,0,0,0,0,0,0,0,1,0,0,0,1,1,0,55.228571428571435,-0.9785714285714349
1346-UFHAX,0,0,0,0,13,1,1,80.0,1029.35,0,0,1,1,0,0,1,0,0,0,0,0,0,0,0,0,0,0,0,1,0,0,1,0,79.18076923076923,0.8192307692307708
3992-YWPKO,0,0,0,0,6,1,1,109.9,669.45,1,0,1,1,0,0,0,0,1,0,1,0,1,0,1,0,1,0,0,1,0,0,5,1,111.575,-1.6749999999999972
2933-XEUJM,0,0,0,0,46,1,0,79.2,3593.8,0,0,1,0,0,0,1,0,0,0,1,0,0,0,1,0,1,0,1,0,0,1,4,0,78.12608695652175,1.0739130434782567
0125-LZQXK,1,0,0,0,15,1,1,101.35,1553.95,1,0,0,1,0,0,0,0,0,0,1,0,1,0,1,0,1,0,0,0,1,0,4,0,103.59666666666666,-2.2466666666666697
5461-QKNTN,1,1,1,0,43,1,1,94.3,3953.15,0,0,1,1,0,0,0,0,1,0,0,0,1,0,1,0,0,0,0,0,1,0,3,0,91.93372093023255,2.366279069767444
4835-YSJMR,1,0,0,0,39,1,1,49.8,1971.15,0,0,0,0,0,0,0,0,0,0,0,0,1,0,0,0,0,0,1,0,0,0,1,0,50.542307692307695,-0.7423076923076977
8399-YNDCH,1,1,0,0,21,1,1,60.05,1236.15,1,0,0,0,0,0,0,0,0,0,1,0,0,0,1,0,0,0,0,0,0,0,2,0,58.86428571428572,1.1857142857142762
3164-YAXFY,1,0,0,0,57,0,1,53.75,3196.0,0,1,0,0,0,0,1,0,0,0,1,0,0,0,1,0,1,0,0,0,1,0,4,0,56.07017543859649,-2.3201754385964932
0887-WBJVH,0,0,1,0,53,1,1,93.45,4872.2,0,0,0,1,0,0,0,0,0,0,0,0,1,0,1,0,1,1,0,0,1,0,3,0,91.92830188679245,1.5216981132075489
4660-IRIBM,1,0,1,1,18,1,1,87.9,1500.5,0,0,0,1,0,0,1,0,0,0,1,0,0,0,1,0,0,0,0,0,0,1,3,0,83.36111111111111,4.538888888888891
5673-FSSMF,0,0,0,0,1,1,1,60.15,60.15,1,0,1,0,0,0,0,0,0,0,0,0,0,0,0,0,1,0,0,0,1,0,1,1,60.15,0.0
7670-ZBPOQ,0,0,1,0,58,1,1,61.05,3478.75,0,0,1,0,0,0,1,0,0,0,0,0,1,0,0,0,0,1,0,0,0,0,2,0,59.97844827586207,1.071551724137926
8089-UZWLX,0,1,0,0,71,1,0,104.05,7413.55,0,0,1,1,0,0,0,0,0,0,1,0,0,0,1,0,1,0,1,0,0,0,3,0,104.41619718309859,-0.36619718309859195
0080-OROZO,0,0,0,0,35,1,1,99.25,3532.0,0,0,0,1,0,0,0,0,0,0,1,0,1,0,1,0,1,1,0,0,1,0,4,0,100.91428571428571,-1.664285714285711
3916-NRPAP,1,0,0,0,3,1,0,85.7,256.75,0,0,0,1,0,0,0,0,0,0,1,0,0,0,0,0,1,0,0,1,0,0,2,1,85.58333333333333,0.11666666666667425
6807-SIWJI,1,0,0,0,38,1,1,104.85,3887.25,0,0,1,1,0,0,1,0,1,0,0,0,0,0,1,0,1,1,0,0,1,0,4,0,102.29605263157895,2.553947368421049
8221-HVAYI,1,0,1,1,35,1,1,69.15,2490.15,0,0,1,0,0,0,1,0,1,0,1,0,1,0,0,0,0,0,1,1,0,0,4,0,71.14714285714285,-1.9971428571428476
1579-KLYDT,1,0,0,0,7,1,1,90.45,593.45,1,0,1,1,0,0,0,0,0,0,1,0,0,0,1,0,0,0,0,0,1,0,2,1,84.77857142857144,5.671428571428564
5232-NXPAY,0,0,0,0,47,1,0,74.45,3510.3,0,0,0,0,0,0,0,0,0,0,1,0,1,0,1,0,1,0,1,0,0,1,4,0,74.6872340425532,-0.23723404255319736
8967-SZQAS,0,0,0,0,14,1,0,50.45,765.45,0,0,0,0,0,0,0,0,1,0,0,0,0,0,0,0,0,0,0,0,1,0,1,0,54.675000000000004,-4.225000000000001
4468-KAZHE,0,1,1,0,20,1,1,60.0,1259.35,0,0,0,0,0,0,0,0,1,0,0,0,0,0,0,0,1,0,0,0,1,0,2,0,62.967499999999994,-2.967499999999994
0455-ENTCR,1,0,1,0,66,1,0,85.25,5538.35,0,0,1,0,0,0,1,0,1,0,0,0,1,0,1,0,1,0,1,0,1,0,5,0,83.91439393939395,1.3356060606060538
8944-AILEF,1,0,1,0,15,1,1,19.45,340.85,0,0,0,0,1,1,0,1,0,1,0,1,0,1,0,1,0,0,0,1,0,0,0,0,22.723333333333336,-3.273333333333337
5542-NKVRU,0,0,0,0,42,1,1,20.75,844.45,0,0,0,0,1,1,0,1,0,1,0,1,0,1,0,1,0,0,1,0,0,0,0,0,20.10595238095238,0.644047619047619
7126-RBHSD,0,0,1,0,17,1,0,78.9,1348.95,0,0,1,1,0,0,1,0,0,0,0,0,0,0,0,0,0,0,0,0,1,0,1,0,79.35000000000001,-0.45000000000000284
5370-IIVVL,1,0,0,0,37,1,1,104.5,3778.0,0,0,1,1,0,0,0,0,1,0,0,0,1,0,1,0,1,1,0,1,0,0,4,0,102.10810810810811,2.3918918918918877
6789-HJBWG,0,0,0,0,12,1,1,49.4,611.65,0,0,0,0,0,0,0,0,1,0,0,0,0,0,0,0,0,0,0,0,1,0,1,1,50.97083333333333,-1.5708333333333329
3927-NLNRY,1,0,1,0,53,1,1,94.25,4867.95,1,0,0,1,0,0,0,0,1,0,0,0,0,0,1,0,1,1,0,0,0,0,3,0,91.84811320754717,2.401886792452828
9087-EYCPR,0,0,0,0,60,1,0,25.0,1505.05,0,0,1,0,1,1,0,1,0,1,0,1,0,1,0,1,0,0,1,0,0,1,0,0,25.084166666666665,-0.08416666666666472
6791-YBNAK,1,0,1,1,18,0,0,25.55,467.85,0,1,0,0,0,0,0,0,0,0,0,0,0,0,0,0,0,0,0,1,0,0,0,0,25.991666666666667,-0.44166666666666643
6358-LYNGM,1,0,0,0,1,1,1,74.9,74.9,1,0,1,1,0,0,0,0,0,0,0,0,0,0,0,0,0,0,0,0,1,0,0,1,74.9,0.0
6077-BDPXA,0,0,0,0,3,1,1,70.15,194.2,0,0,0,1,0,0,0,0,0,0,0,0,0,0,0,0,0,0,0,0,1,0,0,1,64.73333333333333,5.416666666666671
0013-MHZWF,0,0,0,1,9,1,1,69.4,571.45,0,0,0,0,0,0,0,0,0,0,0,0,1,0,1,0,1,0,0,1,0,0,3,1,63.49444444444445,5.9055555555555586
5494-HECPR,0,0,0,0,1,1,1,80.25,80.25,1,0,0,1,0,0,0,0,0,0,0,0,0,0,1,0,0,0,0,0,1,0,1,1,80.25,0.0
8268-YDIXR,1,0,1,0,56,1,1,93.15,5253.95,0,0,1,1,0,0,1,0,1,0,1,0,0,0,0,0,0,1,0,0,1,0,3,0,93.82053571428571,-0.6705357142857054
9824-BEMCV,1,0,1,1,17,1,1,69.0,1149.65,1,0,0,1,0,0,0,0,0,0,0,0,0,0,0,0,0,0,0,0,1,0,0,0,67.62647058823529,1.3735294117647072
1373-ORVIZ,0,0,1,1,11,1,1,66.35,740.8,1,0,1,0,0,0,0,0,0,0,0,0,1,0,0,0,1,0,0,0,1,0,2,1,67.34545454545454,-0.9954545454545496
4291-SHSBH,1,0,0,0,7,1,1,69.55,521.35,0,0,0,1,0,0,0,0,0,0,0,0,0,0,0,0,0,0,0,0,1,0,0,1,74.47857142857143,-4.928571428571431
6980-IMXXE,0,0,1,1,69,1,0,20.2,1412.65,0,0,0,0,1,1,0,1,0,1,0,1,0,1,0,1,0,0,1,0,0,0,0,0,20.473188405797103,-0.2731884057971037
9866-QEVEE,1,0,0,0,19,1,1,86.0,1532.45,1,0,1,1,0,0,0,0,0,0,0,0,0,0,0,0,1,0,0,0,0,0,1,0,80.65526315789474,5.344736842105263
9897-KXHCM,0,0,1,1,3,1,1,80.3,250.05,1,0,0,1,0,0,0,0,0,0,0,0,0,0,0,0,1,0,0,0,1,0,1,1,83.35000000000001,-3.0500000000000114
0040-HALCW,1,0,1,1,54,1,0,20.4,1090.6,0,0,0,0,1,1,0,1,0,1,0,1,0,1,0,1,0,0,1,1,0,0,0,0,20.196296296296296,0.2037037037037024
0784-GTUUK,1,0,1,0,62,1,1,23.75,1446.8,0,0,1,0,1,1,0,1,0,1,0,1,0,1,0,1,0,1,0,1,0,0,0,0,23.335483870967742,0.41451612903225765
7979-CORPM,1,0,0,0,24,1,1,90.55,2282.55,1,0,1,1,0,0,0,0,1,0,0,0,0,0,1,0,0,0,0,1,0,0,2,0,95.10625,-4.556250000000006
2294-DMMUS,0,0,1,1,62,1,1,70.45,4300.45,0,0,1,0,0,0,0,0,0,0,0,0,0,0,1,0,1,0,0,1,0,0,2,0,69.36209677419355,1.087903225806457
0872-JCPIB,1,0,0,0,17,1,0,65.75,1111.2,0,0,1,0,0,0,1,0,0,0,0,0,0,0,0,0,1,0,0,0,0,0,2,0,65.36470588235295,0.38529411764704946
3055-MJDSB,1,0,0,0,9,0,1,24.6,190.1,0,1,0,0,0,0,0,0,0,0,0,0,0,0,0,0,0,0,0,0,0,1,0,1,21.12222222222222,3.4777777777777814
9091-WTUUY,1,0,1,1,64,1,0,69.25,4447.75,0,0,0,0,0,0,1,0,0,0,1,0,1,0,1,0,0,0,1,0,0,1,4,0,69.49609375,-0.24609375
1618-CFHME,0,0,0,0,2,1,1,75.9,143.35,1,0,1,1,0,0,0,0,0,0,0,0,0,0,0,0,0,0,0,0,1,0,0,1,71.675,4.2250000000000085
3165-HDOEW,1,0,1,1,1,1,1,45.85,45.85,1,0,0,0,0,0,0,0,0,0,0,0,0,0,0,0,0,0,0,0,0,1,0,1,45.85,0.0
6581-NQCBA,0,0,1,0,16,0,1,49.95,810.2,1,1,0,0,0,0,0,0,0,0,0,0,1,0,1,0,1,0,0,0,1,0,3,0,50.6375,-0.6875
7115-IRDHS,0,0,1,0,72,1,0,24.65,1830.05,0,0,1,0,1,1,0,1,0,1,0,1,0,1,0,1,0,0,1,0,0,0,0,0,25.41736111111111,-0.7673611111111107
8496-DMZUK,1,0,0,0,30,1,0,90.4,2820.65,0,0,1,1,0,0,1,0,1,0,1,0,0,0,0,0,0,1,0,0,0,0,3,0,94.02166666666668,-3.6216666666666697
2040-VZIKE,0,0,1,0,49,1,1,100.85,4847.35,0,0,1,1,0,0,1,0,0,0,0,0,0,0,1,0,1,0,0,0,0,1,3,0,98.92551020408165,1.9244897959183476
9068-VPWQQ,1,0,1,0,61,1,0,75.35,4729.3,0,0,1,0,0,0,1,0,0,0,1,0,1,0,0,0,1,0,1,1,0,0,4,0,77.52950819672131,-2.179508196721315
0178-SZBHO,1,0,1,1,47,1,0,87.2,4017.45,0,0,1,1,0,0,0,0,1,0,0,0,0,0,1,0,0,0,0,0,1,0,2,0,85.47765957446808,1.7223404255319252
0384-RVBPI,1,0,0,0,20,1,0,64.4,1398.6,0,0,0,0,0,0,1,0,0,0,1,0,0,0,0,0,1,0,0,1,0,0,3,0,69.92999999999999,-5.529999999999987
1689-MRZQR,1,0,1,1,34,1,0,78.3,2564.3,1,0,0,1,0,0,0,0,0,0,0,0,0,0,1,0,0,0,0,0,1,0,1,0,75.42058823529412,2.8794117647058783
1299-AURJA,0,0,1,1,70,1,0,24.7,1685.9,0,0,1,0,1,1,0,1,0,1,0,1,0,1,0,1,0,0,1,0,0,0,0,0,24.084285714285716,0.615714285714283
4525-VZCZG,1,0,0,1,54,1,1,105.85,5826.65,0,0,0,1,0,0,1,0,1,0,0,0,1,0,1,0,1,1,0,0,1,0,5,0,107.90092592592592,-2.050925925925924
1543-LLLFT,1,1,1,0,61,1,1,98.3,6066.55,0,0,1,1,0,0,0,0,1,0,1,0,1,0,1,0,0,1,0,0,0,1,4,0,99.4516393442623,-1.151639344262307
5835-BEQEU,1,0,0,0,3,1,1,76.95,228.4,1,0,1,1,0,0,0,0,0,0,0,0,0,0,0,0,0,0,0,0,1,0,0,1,76.13333333333334,0.8166666666666629
2788-CJQAQ,1,0,0,0,13,1,0,19.45,270.2,0,0,0,0,1,1,0,1,0,1,0,1,0,1,0,1,0,1,0,0,0,1,0,0,20.784615384615385,-1.334615384615386
5565-FILXA,0,1,0,0,16,1,1,96.15,1529.2,1,0,1,1,0,0,0,0,0,0,0,0,0,0,1,0,1,0,0,0,1,0,2,0,95.575,0.5750000000000028
0319-QZTCO,0,0,1,1,3,1,1,58.7,168.6,0,0,0,0,0,0,0,0,1,0,0,0,0,0,1,0,0,0,0,1,0,0,2,1,56.199999999999996,2.500000000000007
2120-SMPEX,1,0,0,0,25,1,1,20.15,536.35,0,0,0,0,1,1,0,1,0,1,0,1,0,1,0,1,0,0,0,0,0,1,0,0,21.454,-1.304000000000002
0096-FCPUF,1,0,0,0,30,1,1,64.5,1888.45,0,0,1,0,0,0,1,0,0,0,0,0,0,0,0,0,1,0,0,0,0,1,2,0,62.94833333333334,1.5516666666666623
0668-OGMHD,0,0,1,0,21,0,0,28.5,629.35,0,1,0,0,0,0,1,0,0,0,0,0,0,0,0,0,0,0,0,0,1,0,1,0,29.969047619047622,-1.4690476190476218
5552-ZNFSJ,1,0,0,0,1,1,0,45.3,45.3,1,0,0,0,0,0,0,0,0,0,0,0,0,0,0,0,0,0,0,0,1,0,0,1,45.3,0.0
2223-KAGMX,0,0,0,0,15,1,0,19.4,289.3,1,0,0,0,1,1,0,1,0,1,0,1,0,1,0,1,0,0,0,0,0,0,0,0,19.28666666666667,0.11333333333332973
6507-ZJSUR,1,1,1,0,23,1,1,90.45,2117.25,0,0,0,1,0,0,0,0,0,0,0,0,0,0,1,0,1,0,0,0,1,0,2,0,92.05434782608695,-1.6043478260869506
9408-HRXRK,0,0,1,1,45,1,1,105.15,4730.9,0,0,1,1,0,0,1,0,1,0,0,0,0,0,1,0,1,0,0,0,1,0,4,0,105.1311111111111,0.018888888888909605
5593-SUAOO,0,0,1,1,24,1,0,83.15,2033.05,0,0,1,1,0,0,0,0,1,0,1,0,0,0,0,0,0,1,0,0,0,0,2,0,84.71041666666666,-1.5604166666666544
7321-PKUYW,0,0,0,0,11,1,0,90.15,987.95,1,0,1,1,0,0,0,0,0,0,0,0,1,0,1,0,0,0,0,0,1,0,2,1,89.81363636363636,0.3363636363636431
2833-SLKDQ,1,0,0,0,1,1,0,45.05,45.05,1,0,0,0,0,0,0,0,0,0,0,0,0,0,0,0,0,0,0,0,0,1,0,1,45.05,0.0
6766-HFKLA,0,0,1,0,56,1,0,103.2,5744.35,0,0,1,1,0,0,0,0,0,0,1,0,1,0,1,0,1,0,1,0,0,0,4,0,102.57767857142858,0.6223214285714249
7595-EUIVN,0,0,0,0,1,1,0,75.8,75.8,1,0,0,1,0,0,0,0,1,0,0,0,0,0,0,0,0,0,0,0,1,0,1,1,75.8,0.0
7617-EYGLW,1,0,0,0,1,1,0,19.45,19.45,0,0,0,0,1,1,0,1,0,1,0,1,0,1,0,1,0,0,0,0,1,0,0,1,19.45,0.0
2026-TGDHM,0,0,0,0,7,1,1,79.3,523.15,1,0,0,1,0,0,0,0,0,0,0,0,0,0,0,0,1,0,0,0,1,0,1,1,74.73571428571428,4.564285714285717
9220-ZNKJI,0,1,1,0,55,1,0,88.8,4805.3,0,0,0,1,0,0,0,0,0,0,1,0,1,0,1,0,0,0,1,1,0,0,3,0,87.36909090909091,1.4309090909090827
4030-VPZBD,0,0,0,0,2,0,1,30.9,59.05,1,1,0,0,0,0,0,0,0,0,0,0,1,0,0,0,0,0,0,0,1,0,1,1,29.525,1.375
2226-ICFDO,0,0,1,1,72,1,1,85.9,6110.75,0,0,1,0,0,0,1,0,0,0,1,0,1,0,1,0,1,0,1,1,0,0,5,0,84.87152777777777,1.0284722222222342
0723-VSOBE,0,1,0,0,45,0,0,34.2,1596.6,0,1,0,0,0,0,0,0,0,0,0,0,0,0,0,0,1,1,0,0,1,0,1,0,35.48,-1.279999999999994
5529-GIBVH,0,0,0,0,47,1,0,20.15,1046.2,0,0,0,0,1,1,0,1,0,1,0,1,0,1,0,1,0,0,1,0,0,1,0,0,22.25957446808511,-2.1095744680851105
4187-CINZD,0,1,0,0,46,1,0,95.25,4424.2,1,0,0,1,0,0,0,0,1,0,0,0,0,0,1,0,1,1,0,1,0,0,3,0,96.17826086956521,-0.9282608695652073
9992-UJOEL,1,0,0,0,2,1,1,50.3,92.75,0,0,0,0,0,0,0,0,1,0,0,0,0,0,0,0,0,0,0,0,0,1,1,1,46.375,3.924999999999997
4741-WWJQZ,0,0,1,0,2,1,1,80.15,194.55,0,0,0,1,0,0,1,0,0,0,0,0,1,0,0,0,0,0,0,0,1,0,2,1,97.275,-17.125
6625-UTXEW,0,0,1,0,12,1,1,51.25,612.1,0,0,0,0,0,0,0,0,1,0,0,0,0,0,0,0,0,0,0,0,1,0,1,1,51.00833333333333,0.24166666666666714
6818-WOBHJ,0,1,1,0,68,1,1,89.6,6127.6,1,0,1,1,0,0,0,0,1,0,0,0,0,0,0,0,1,0,0,0,0,0,2,0,90.11176470588236,-0.5117647058823707
6244-BESBM,1,0,1,1,69,1,1,95.2,6671.7,0,0,0,1,0,0,0,0,0,0,0,0,1,0,1,0,1,0,1,1,0,0,3,0,96.69130434782609,-1.4913043478260875
1004-NOZNR,1,1,0,1,56,1,0,94.8,5264.3,0,0,0,1,0,0,1,0,0,0,0,0,0,0,1,0,1,1,0,1,0,0,3,0,94.00535714285715,0.794642857142847
1251-STYSZ,0,1,0,0,4,1,1,80.25,303.7,0,0,1,1,0,0,1,0,0,0,0,0,0,0,0,0,0,0,0,0,1,0,1,1,75.925,4.325000000000003
2612-PHGOX,1,0,1,0,64,1,1,76.1,4818.8,0,0,1,0,0,0,0,0,1,0,1,0,1,0,1,0,0,0,1,0,0,0,4,0,75.29375,0.8062499999999915
2408-TZMJL,1,0,1,0,59,1,1,110.15,6448.05,1,0,1,1,0,0,1,0,1,0,1,0,0,0,1,0,1,1,0,0,1,0,5,0,109.28898305084746,0.8610169491525426
8480-PPONV,1,0,1,1,62,1,0,115.55,7159.05,0,0,1,1,0,0,1,0,1,0,1,0,1,0,1,0,1,0,1,0,0,0,6,0,115.46854838709677,0.08145161290322278
8780-IHCRN,1,0,1,1,63,1,0,24.65,1574.5,0,0,1,0,1,1,0,1,0,1,0,1,0,1,0,1,0,0,1,1,0,0,0,0,24.99206349206349,-0.34206349206349174
4598-ZADCK,0,0,0,0,53,0,1,53.6,2879.2,0,1,0,0,0,0,1,0,1,0,1,0,1,0,1,0,0,1,0,0,1,0,5,0,54.32452830188679,-0.7245283018867852
1257-SXUXQ,1,0,1,1,5,1,0,19.45,86.05,0,0,0,0,1,1,0,1,0,1,0,1,0,1,0,1,0,0,0,0,0,1,0,1,17.21,2.2399999999999984
9681-KYGYB,1,1,1,0,49,1,1,88.2,4159.45,0,0,1,1,0,0,1,0,1,0,1,0,0,0,0,0,0,0,0,0,1,0,3,0,84.88673469387754,3.31326530612246
7182-OVLBJ,0,0,1,1,62,1,1,101.15,6638.35,0,0,1,1,0,0,1,0,0,0,0,0,0,0,1,0,1,0,1,0,0,0,3,0,107.07016129032259,-5.920161290322582
5095-ETBRJ,0,0,1,0,55,1,0,56.8,3112.05,0,0,0,0,0,0,1,0,1,0,0,0,1,0,0,0,0,0,1,0,0,1,3,0,56.582727272727276,0.2172727272727215
7005-CYUIL,0,1,1,0,71,1,1,99.4,7168.25,0,0,0,1,0,0,1,0,1,0,1,0,1,0,1,0,0,0,1,0,1,0,5,0,100.96126760563381,-1.5612676056338017
4821-WQOYN,0,0,1,1,72,1,1,20.1,1326.25,0,0,0,0,1,1,0,1,0,1,0,1,0,1,0,1,0,0,1,1,0,0,0,0,18.42013888888889,1.6798611111111121
4730-AWNAU,1,0,1,1,36,0,0,60.7,2234.55,0,1,0,0,0,0,1,0,0,0,1,0,1,0,1,0,1,1,0,1,0,0,5,0,62.07083333333334,-1.3708333333333371
3452-FLHYD,1,0,1,0,25,1,1,20.95,495.15,0,0,0,0,1,1,0,1,0,1,0,1,0,1,0,1,0,1,0,0,0,0,0,0,19.805999999999997,1.144000000000002
2388-LAESQ,0,1,1,0,72,1,1,114.85,8317.95,0,0,1,1,0,0,1,0,1,0,1,0,1,0,1,0,1,0,1,0,0,0,6,0,115.52708333333334,-0.6770833333333428
9531-NSBMR,0,0,0,0,36,1,1,19.25,679.8,0,0,0,0,1,1,0,1,0,1,0,1,0,1,0,1,0,1,0,0,0,0,0,0,18.883333333333333,0.36666666666666714
6260-ONULR,1,0,0,0,1,1,1,62.8,62.8,0,0,0,0,0,0,0,0,0,0,0,0,0,0,1,0,1,0,0,0,0,1,2,1,62.8,0.0
4389-UEFCZ,0,0,1,0,72,1,1,105.5,7544.0,0,0,1,1,0,0,1,0,0,0,1,0,0,0,1,0,1,0,1,0,1,0,4,0,104.77777777777777,0.7222222222222285
8711-LOBKY,1,0,1,1,59,1,0,19.85,1188.25,0,0,0,0,1,1,0,1,0,1,0,1,0,1,0,1,0,0,1,0,0,1,0,0,20.139830508474578,-0.2898305084745765
9134-CEQMF,1,1,1,0,7,1,1,89.5,676.7,1,0,0,1,0,0,0,0,0,0,0,0,0,0,1,0,1,0,0,0,1,0,2,1,96.67142857142858,-7.171428571428578
8985-OOPOS,0,0,0,0,1,1,0,74.1,74.1,0,0,0,0,0,0,0,0,0,0,1,0,1,0,1,0,1,1,0,1,0,0,4,1,74.1,0.0
8800-ZKRFW,0,0,1,1,30,1,1,107.5,3242.5,0,0,1,1,0,0,0,0,1,0,1,0,1,0,1,0,1,0,0,0,1,0,5,0,108.08333333333333,-0.5833333333333286
2616-FLVQC,1,0,0,0,64,1,0,19.55,1240.15,0,0,0,0,1,1,0,1,0,1,0,1,0,1,0,1,0,0,1,0,0,1,0,0,19.37734375,0.1726562499999993
9968-FFVVH,1,0,0,0,63,1,0,68.8,4111.35,0,0,1,0,0,0,1,0,1,0,1,0,1,0,0,0,0,1,0,0,0,0,4,0,65.25952380952381,3.540476190476184
3108-PCCGG,1,1,1,0,72,1,0,84.45,5899.85,0,0,1,0,0,0,1,0,1,0,1,0,0,0,1,0,1,0,1,1,0,0,5,0,81.94236111111111,2.5076388888888914
7993-PYKOF,1,0,1,0,8,1,0,75.0,632.95,1,0,0,1,0,0,1,0,0,0,0,0,0,0,0,0,0,0,0,0,1,0,1,1,79.11875,-4.118750000000006
8390-FESFV,0,0,0,0,62,1,0,84.5,5193.2,0,0,1,0,0,0,0,0,1,0,1,0,1,0,1,0,1,0,1,0,0,0,5,0,83.76129032258065,0.7387096774193509
3022-BEXHZ,1,0,1,1,67,1,1,111.2,7530.8,0,0,1,1,0,0,0,0,1,0,1,0,1,0,1,0,1,0,1,0,0,0,5,0,112.4,-1.2000000000000028
5027-XWQHA,1,0,0,0,6,1,0,44.75,270.95,1,0,0,0,0,0,0,0,0,0,0,0,0,0,0,0,0,0,0,0,1,0,0,1,45.15833333333333,-0.40833333333333144
6248-TKCQV,0,0,1,1,70,1,1,80.6,5460.2,0,0,1,0,0,0,1,0,0,0,0,0,1,0,1,0,1,0,1,0,0,0,4,0,78.00285714285714,2.597142857142856
6729-GDNGC,0,1,0,0,20,1,0,80.7,1614.2,0,0,0,1,0,0,0,0,0,0,0,0,0,0,1,0,0,0,0,0,0,0,1,0,80.71000000000001,-0.010000000000005116
6198-ZFIOJ,0,0,0,0,5,1,0,75.6,402.5,0,0,1,1,0,0,0,0,0,0,0,0,0,0,0,0,0,0,0,0,1,0,0,1,80.5,-4.900000000000006
5989-OMNJE,0,0,1,1,24,0,0,57.6,1367.75,0,1,0,0,0,0,1,0,1,0,1,0,0,0,1,0,1,1,0,0,1,0,5,0,56.989583333333336,0.6104166666666657
4566-QVRRW,0,0,1,0,11,1,1,44.05,483.7,1,0,0,0,0,0,0,0,0,0,0,0,0,0,0,0,0,0,0,0,1,0,0,1,43.97272727272727,0.07727272727272805
1291-CUOCY,1,0,1,0,72,1,1,110.6,7962.2,0,0,1,1,0,0,0,0,1,0,1,0,1,0,1,0,1,0,1,1,0,0,5,0,110.58611111111111,0.013888888888885731
9795-SHUHB,0,0,1,1,66,1,1,58.2,3810.8,0,0,0,0,0,0,1,0,1,0,0,0,1,0,0,0,0,0,1,1,0,0,3,0,57.73939393939394,0.4606060606060609
3230-IUALN,0,0,1,1,45,1,1,81.0,3533.6,0,0,0,0,0,0,1,0,0,0,1,0,1,0,1,0,1,0,1,0,0,1,5,0,78.52444444444444,2.475555555555559
0042-RLHYP,0,0,1,1,69,1,0,19.7,1396.9,0,0,0,0,1,1,0,1,0,1,0,1,0,1,0,1,0,0,1,0,0,0,0,0,20.244927536231884,-0.5449275362318851
8519-IMDHU,1,1,1,0,15,1,1,85.6,1345.55,1,0,1,1,0,0,0,0,0,0,0,0,0,0,0,0,1,0,0,0,0,0,1,0,89.70333333333333,-4.103333333333339
4945-RVMTE,0,0,0,0,28,1,1,59.55,1646.45,0,0,0,0,0,0,0,0,0,0,1,0,0,0,1,0,0,0,0,0,0,0,2,0,58.801785714285714,0.7482142857142833
0201-OAMXR,0,0,0,0,70,1,0,115.55,8127.6,1,0,1,1,0,0,1,0,1,0,1,0,1,0,1,0,1,1,0,1,0,0,6,0,116.10857142857144,-0.5585714285714403
1866-NXPSP,0,0,0,0,36,1,1,75.55,2680.15,0,0,0,0,0,0,1,0,1,0,1,0,1,0,0,0,1,1,0,0,0,1,5,0,74.44861111111112,1.1013888888888772
3372-KWFBM,1,1,0,0,16,1,1,86.6,1281.0,1,0,1,1,0,0,0,0,0,0,0,0,0,0,1,0,0,0,0,0,1,0,1,0,80.0625,6.537499999999994
7831-QGOXH,0,0,0,0,18,1,1,85.2,1553.9,1,0,1,1,0,0,0,0,0,0,0,0,0,0,1,0,0,0,0,0,1,0,1,0,86.32777777777778,-1.12777777777778
6393-WRYZE,0,0,1,0,34,1,1,97.65,3207.55,1,0,1,1,0,0,0,0,0,0,0,0,0,0,1,0,1,0,0,0,1,0,2,0,94.33970588235294,3.310294117647061
3941-XTSKM,1,0,1,1,42,0,1,45.1,2049.05,0,1,0,0,0,0,0,0,1,0,1,0,0,0,0,0,1,1,0,1,0,0,3,0,48.786904761904765,-3.6869047619047635
1661-CZBAU,1,0,0,0,48,1,1,70.95,3629.2,0,0,1,0,0,0,1,0,0,0,0,0,1,0,0,0,1,1,0,0,0,0,3,0,75.60833333333333,-4.658333333333331
6599-RCLCJ,1,0,1,0,47,1,1,109.55,5124.55,1,0,1,1,0,0,0,0,1,0,1,0,1,0,1,0,1,0,0,0,1,0,5,0,109.03297872340426,0.5170212765957416
9831-BPFRI,0,0,1,1,39,1,1,89.55,3474.45,1,0,1,1,0,0,0,0,1,0,1,0,1,0,0,0,0,1,0,0,1,0,3,0,89.08846153846153,0.461538461538467
5158-RIVOP,0,0,1,1,11,1,0,20.9,202.3,0,0,0,0,1,1,0,1,0,1,0,1,0,1,0,1,0,0,1,1,0,0,0,1,18.39090909090909,2.509090909090908
9788-YTFGE,1,0,0,0,7,1,1,19.95,147.5,0,0,0,0,1,1,0,1,0,1,0,1,0,1,0,1,0,0,0,0,0,1,0,1,21.071428571428573,-1.1214285714285737
9277-JOOMO,0,0,0,0,3,1,0,24.6,86.35,0,0,1,0,1,1,0,1,0,1,0,1,0,1,0,1,0,0,0,0,0,1,0,1,28.78333333333333,-4.18333333333333
1907-YLNYW,1,0,0,0,8,1,1,66.7,579.0,0,0,0,0,0,0,1,0,0,0,1,0,0,0,0,0,1,0,0,0,1,0,3,1,72.375,-5.674999999999997
1725-MIMXW,1,0,0,1,1,1,1,19.45,19.45,1,0,0,0,1,1,0,1,0,1,0,1,0,1,0,1,0,0,0,0,0,1,0,1,19.45,0.0
8947-YRTDV,1,0,1,1,32,1,0,94.8,3131.55,0,0,0,1,0,0,1,0,1,0,1,0,0,0,0,0,1,1,0,0,0,1,4,0,97.8609375,-3.0609375000000085
3161-ONRWK,1,0,1,1,60,1,1,65.85,3928.3,0,0,0,0,0,0,1,0,1,0,1,0,1,0,0,0,0,1,0,0,0,0,4,0,65.47166666666666,0.3783333333333303
0114-RSRRW,0,0,1,0,10,1,1,19.95,187.75,0,0,0,0,1,1,0,1,0,1,0,1,0,1,0,1,0,0,0,0,0,0,0,1,18.775,1.1750000000000007
4565-NLZBV,0,0,1,0,71,1,1,24.65,1710.15,0,0,1,0,1,1,0,1,0,1,0,1,0,1,0,1,0,0,1,0,0,0,0,0,24.086619718309862,0.5633802816901365
0031-PVLZI,0,0,1,1,4,1,0,20.35,76.35,1,0,0,0,1,1,0,1,0,1,0,1,0,1,0,1,0,0,0,0,0,1,0,1,19.0875,1.2625000000000028
7206-GZCDC,0,1,0,0,1,1,1,69.25,69.25,1,0,0,1,0,0,0,0,0,0,0,0,0,0,0,0,0,0,0,0,1,0,0,1,69.25,0.0
6682-VCIXC,0,0,1,1,43,0,1,51.25,2151.6,0,1,0,0,0,0,1,0,1,0,0,0,1,0,1,0,0,1,0,0,0,0,4,0,50.03720930232558,1.2127906976744214
4791-QRGMF,1,0,1,0,59,1,1,99.5,5961.1,1,0,1,1,0,0,0,0,0,0,1,0,0,0,1,0,1,1,0,0,0,0,3,0,101.035593220339,-1.5355932203389955
6475-VHUIZ,0,0,1,0,23,1,0,54.25,1221.55,0,0,0,0,0,0,0,0,0,0,1,0,1,0,0,0,0,0,0,0,1,0,2,0,53.11086956521739,1.139130434782608
3910-MRQOY,0,0,1,0,72,1,0,19.4,1496.45,0,0,0,0,1,1,0,1,0,1,0,1,0,1,0,1,0,0,1,0,0,0,0,0,20.78402777777778,-1.3840277777777814
0661-WCQNQ,1,0,1,0,22,1,1,56.25,1292.2,0,0,0,0,0,0,1,0,0,0,0,0,1,0,0,0,0,1,0,1,0,0,2,0,58.73636363636364,-2.4863636363636417
7537-RBWEA,0,0,0,0,1,0,1,25.15,25.15,0,1,0,0,0,0,0,0,0,0,0,0,0,0,0,0,0,0,0,0,0,1,0,1,25.15,0.0
4656-CAURT,1,0,0,0,69,1,0,23.95,1713.1,0,0,1,0,1,1,0,1,0,1,0,1,0,1,0,1,0,0,1,0,0,0,0,0,24.827536231884057,-0.8775362318840578
0121-SNYRK,1,0,0,0,50,0,1,35.4,1748.9,0,1,0,0,0,0,1,0,0,0,0,0,1,0,0,0,0,1,0,0,0,1,2,0,34.978,0.42199999999999704
1768-ZAIFU,0,1,0,0,1,0,1,25.2,25.2,1,1,0,0,0,0,0,0,0,0,0,0,0,0,0,0,0,0,0,0,1,0,0,1,25.2,0.0
4671-LXRDQ,1,0,0,0,2,1,1,45.0,96.45,1,0,0,0,0,0,0,0,0,0,0,0,0,0,0,0,0,0,0,0,0,1,0,1,48.225,-3.2250000000000014
3733-LSYCE,0,0,1,0,15,1,0,75.35,1114.55,0,0,0,1,0,0,0,0,1,0,0,0,0,0,0,0,0,0,0,0,0,0,1,0,74.30333333333333,1.0466666666666669
6265-FRMTQ,1,0,0,0,31,1,0,20.4,609.1,0,0,0,0,1,1,0,1,0,1,0,1,0,1,0,1,0,0,1,0,0,0,0,0,19.648387096774194,0.751612903225805
1934-SJVJK,1,0,0,0,1,1,0,20.15,20.15,1,0,0,0,1,1,0,1,0,1,0,1,0,1,0,1,0,0,0,0,0,1,0,1,20.15,0.0
3838-OZURD,1,0,1,0,66,1,1,105.0,7133.25,1,0,1,1,0,0,0,0,1,0,1,0,0,0,1,0,1,0,0,1,0,0,4,0,108.07954545454545,-3.0795454545454533
1371-DWPAZ,0,0,1,1,0,0,0,56.05,0.0,0,1,0,0,0,0,1,0,1,0,1,0,1,0,1,0,0,0,1,1,0,0,5,1,0.0,56.05
9269-CQOOL,1,0,0,1,3,1,1,54.7,169.45,1,0,0,0,0,0,0,0,0,0,0,0,0,0,1,0,0,0,0,1,0,0,1,1,56.48333333333333,-1.7833333333333243
2017-CCBLH,0,0,0,0,8,1,0,20.0,141.6,0,0,0,0,1,1,0,1,0,1,0,1,0,1,0,1,0,0,1,0,0,1,0,1,17.7,2.3000000000000007
7690-KPNCU,1,0,1,1,64,1,1,73.05,4688.65,0,0,0,0,0,0,1,0,0,0,1,0,0,0,1,0,1,1,0,1,0,0,4,0,73.26015625,-0.21015624999999716
0536-BGFMZ,0,0,1,0,28,1,0,20.5,563.05,0,0,0,0,1,1,0,1,0,1,0,1,0,1,0,1,0,0,0,0,0,1,0,0,20.10892857142857,0.3910714285714292
2293-IJWPS,0,0,1,0,57,1,1,100.75,5985.0,0,0,1,1,0,0,0,0,0,0,1,0,0,0,1,0,1,1,0,1,0,0,3,0,105.0,-4.25
2845-HSJCY,0,0,1,1,14,1,1,87.25,1258.6,1,0,1,1,0,0,0,0,0,0,1,0,0,0,0,0,1,0,0,0,1,0,2,0,89.89999999999999,-2.6499999999999915
5469-NUJUR,1,0,0,0,19,1,1,19.95,373.5,0,0,0,0,1,1,0,1,0,1,0,1,0,1,0,1,0,0,1,0,0,1,0,0,19.657894736842106,0.2921052631578931
1184-PJVDB,1,0,1,0,10,1,1,79.95,857.2,1,0,0,1,0,0,0,0,0,0,0,0,0,0,1,0,0,0,0,0,1,0,1,1,85.72,-5.769999999999996
2625-TRCZQ,0,0,1,0,51,0,1,49.65,2553.35,0,1,0,0,0,0,0,0,1,0,0,0,0,0,1,0,1,0,0,0,1,0,3,0,50.0656862745098,-0.41568627450980244
4102-HLENU,0,0,1,0,67,1,0,65.65,4322.85,0,0,1,0,0,0,1,0,1,0,1,0,0,0,0,0,0,0,1,0,0,1,3,0,64.52014925373135,1.1298507462686587
7266-GSSJX,1,0,1,1,11,1,1,20.45,250.8,0,0,0,0,1,1,0,1,0,1,0,1,0,1,0,1,0,0,0,0,1,0,0,1,22.8,-2.3500000000000014
7722-VJRQD,1,0,1,1,72,0,0,60.95,4549.05,0,1,0,0,0,0,1,0,0,0,1,0,1,0,1,0,1,0,1,0,0,0,5,0,63.181250000000006,-2.231250000000003
7073-QETQY,1,0,1,1,66,1,1,20.35,1359.5,0,0,0,0,1,1,0,1,0,1,0,1,0,1,0,1,0,1,0,0,1,0,0,0,20.598484848484848,-0.2484848484848463
9415-DPEWS,0,0,0,0,18,1,1,88.35,1639.3,1,0,1,1,0,0,0,0,0,0,0,0,1,0,1,0,0,0,0,0,1,0,2,0,91.07222222222222,-2.7222222222222285
5624-RYAMH,0,0,0,0,9,1,1,19.5,178.85,0,0,0,0,1,1,0,1,0,1,0,1,0,1,0,1,0,0,0,0,1,0,0,1,19.87222222222222,-0.37222222222222
0196-JTUQI,0,0,0,0,9,1,1,75.2,633.85,0,0,1,1,0,0,0,0,0,0,0,0,0,0,0,0,0,0,0,1,0,0,0,1,70.42777777777778,4.772222222222226
7130-YXBRO,1,0,1,0,48,1,1,111.45,5315.1,0,0,1,1,0,0,1,0,1,0,1,0,0,0,1,0,1,0,0,0,0,0,5,0,110.73125,0.71875
9272-LSVYH,1,0,0,0,10,1,0,70.15,735.5,0,0,0,1,0,0,0,0,0,0,0,0,0,0,0,0,0,0,0,0,0,1,0,1,73.55,-3.3999999999999915
7943-RQCHR,0,0,0,0,9,1,1,94.75,889.9,1,0,1,1,0,0,0,0,0,0,0,0,0,0,1,0,1,0,0,0,1,0,2,1,98.87777777777778,-4.12777777777778
3793-MMFUH,0,1,0,0,13,1,1,95.05,1290.0,1,0,1,1,0,0,0,0,0,0,0,0,0,0,1,0,1,0,0,0,1,0,2,0,99.23076923076923,-4.180769230769229
3249-ZPQRG,1,0,0,0,4,1,0,78.45,330.05,1,0,1,1,0,0,0,0,1,0,0,0,0,0,0,0,0,0,0,0,1,0,1,1,82.5125,-4.0625
2568-BRGYX,1,0,0,0,4,1,1,70.2,237.95,1,0,0,1,0,0,0,0,0,0,0,0,0,0,0,0,0,0,0,0,1,0,0,1,59.4875,10.712500000000006
3084-DOWLE,0,0,1,0,72,1,0,92.0,6474.4,0,0,1,0,0,0,1,0,1,0,1,0,1,0,1,0,1,0,1,0,0,0,6,0,89.92222222222222,2.077777777777783
1084-MNSMJ,0,0,1,1,51,1,0,85.5,4421.95,0,0,0,0,0,0,1,0,1,0,1,0,1,0,1,0,1,0,1,1,0,0,6,0,86.70490196078431,-1.204901960784312
7721-JXEAW,1,0,1,0,59,0,1,41.05,2452.7,1,1,0,0,0,0,0,0,1,0,0,0,0,0,0,0,1,0,0,0,0,0,2,0,41.57118644067796,-0.5211864406779654
7249-WBIYX,1,0,1,0,10,1,1,85.6,813.85,1,0,1,1,0,0,0,0,0,0,0,0,0,0,1,0,0,0,0,0,1,0,1,1,81.385,4.214999999999989
4238-HFHSN,1,1,1,0,61,1,1,82.15,4904.85,0,0,1,1,0,0,0,0,1,0,0,0,0,0,0,0,0,0,0,0,1,0,1,0,80.40737704918034,1.7426229508196656
6250-CGGUN,1,0,0,0,54,1,0,84.4,4484.05,0,0,0,1,0,0,1,0,0,0,1,0,1,0,0,0,0,1,0,0,1,0,3,0,83.03796296296296,1.362037037037041
5478-JJVZK,0,0,0,0,33,1,1,60.9,2033.85,0,0,1,0,0,0,1,0,1,0,0,0,0,0,0,0,0,0,0,0,0,1,2,0,61.631818181818176,-0.731818181818177
7596-IIWYC,0,0,0,0,27,1,1,20.25,538.2,0,0,0,0,1,1,0,1,0,1,0,1,0,1,0,1,0,0,1,0,0,0,0,0,19.933333333333334,0.31666666666666643
6567-HOOPW,0,1,0,0,1,1,1,79.2,79.2,1,0,0,1,0,0,0,0,0,0,0,0,0,0,1,0,0,0,0,0,1,0,1,1,79.2,0.0
9793-WECQC,1,0,0,0,23,1,0,95.3,2192.9,0,0,0,1,0,0,0,0,1,0,0,0,0,0,1,0,1,0,0,0,0,1,3,0,95.34347826086957,-0.04347826086957696
4291-HPAXL,1,0,0,1,1,1,0,19.85,19.85,0,0,0,0,1,1,0,1,0,1,0,1,0,1,0,1,0,0,0,0,0,1,0,1,19.85,0.0
8999-YPYBV,1,0,1,1,45,1,1,84.35,3858.05,0,0,0,0,0,0,1,0,1,0,1,0,1,0,1,0,1,0,1,0,0,1,6,0,85.73444444444445,-1.3844444444444548
1839-FBNFR,0,0,1,1,39,1,1,19.85,854.8,0,0,0,0,1,1,0,1,0,1,0,1,0,1,0,1,0,0,1,0,0,0,0,0,21.91794871794872,-2.067948717948717
3164-AALRN,1,0,0,0,5,1,1,70.0,347.4,1,0,0,0,0,0,0,0,0,0,1,0,0,0,1,0,1,1,0,0,0,1,3,1,69.47999999999999,0.5200000000000102
3071-MVJCD,1,0,1,1,72,1,0,82.3,5815.15,0,0,1,0,0,0,1,0,1,0,1,0,1,0,1,0,0,0,1,0,0,0,5,0,80.76597222222222,1.53402777777778
1697-BCSHV,0,0,1,1,58,1,1,66.8,3970.4,0,0,1,0,0,0,0,0,1,0,0,0,0,0,1,0,0,0,0,0,0,0,2,0,68.45517241379311,-1.6551724137931103
0562-KBDVM,0,0,0,0,70,0,1,44.6,3058.15,0,1,0,0,0,0,1,0,1,0,1,0,1,0,0,0,0,0,1,0,0,0,4,0,43.68785714285715,0.9121428571428538
1131-SUEKT,1,0,1,1,61,1,1,98.45,6145.2,0,0,0,1,0,0,0,0,1,0,0,0,1,0,1,0,1,1,0,0,0,0,4,0,100.74098360655738,-2.2909836065573757
3717-OEAUQ,1,0,0,0,2,1,0,70.7,129.2,0,0,0,1,0,0,0,0,0,0,0,0,0,0,0,0,0,0,0,0,0,1,0,1,64.6,6.1000000000000085
4538-WNTMJ,0,0,1,1,46,1,0,24.95,1165.9,0,0,1,0,1,1,0,1,0,1,0,1,0,1,0,1,0,1,0,0,0,1,0,0,25.345652173913045,-0.39565217391304586
3334-CTHOL,0,0,0,0,1,1,1,49.95,49.95,1,0,1,0,0,0,0,0,0,0,0,0,0,0,0,0,0,0,0,0,0,0,0,1,49.95,0.0
4704-ERYFC,0,0,1,0,22,1,1,69.25,1554.0,1,0,0,1,0,0,0,0,0,0,0,0,0,0,0,0,0,0,0,0,1,0,0,0,70.63636363636364,-1.3863636363636402
9432-RUVSL,0,0,0,0,48,1,1,102.5,4904.25,0,0,0,1,0,0,1,0,0,0,1,0,1,0,1,0,1,0,1,1,0,0,5,0,102.171875,0.328125
8060-HIWJJ,1,0,0,0,64,1,0,86.55,5632.55,0,0,1,0,0,0,0,0,1,0,1,0,1,0,1,0,1,0,1,1,0,0,5,0,88.00859375,-1.4585937500000057
7684-XSZIY,1,0,1,1,72,1,0,24.3,1643.25,0,0,1,0,1,1,0,1,0,1,0,1,0,1,0,1,0,0,1,0,0,0,0,0,22.822916666666668,1.4770833333333329
9089-UOWJG,0,0,1,1,12,1,1,58.35,740.55,0,0,0,0,0,0,0,0,0,0,1,0,0,0,1,0,0,0,0,1,0,0,2,1,61.7125,-3.362499999999997
8621-MNIHH,0,1,1,0,34,1,1,94.25,3217.55,1,0,1,1,0,0,0,0,1,0,1,0,0,0,0,0,1,0,0,0,1,0,3,0,94.63382352941177,-0.3838235294117709
8039-ACLPL,0,0,1,1,72,1,0,68.75,4888.2,0,0,0,0,0,0,1,0,1,0,1,0,0,0,0,0,1,0,1,1,0,0,4,0,67.89166666666667,0.8583333333333343
9885-AIBVB,1,0,1,0,29,1,1,85.8,2440.25,0,0,1,1,0,0,0,0,1,0,1,0,0,0,0,0,0,0,0,0,1,0,2,0,84.14655172413794,1.6534482758620612
1934-MKPXS,1,0,1,1,33,1,0,20.1,620.55,0,0,0,0,1,1,0,1,0,1,0,1,0,1,0,1,0,1,0,1,0,0,0,0,18.804545454545455,1.2954545454545467
2592-YKDIF,0,0,0,0,1,1,0,20.35,20.35,0,0,0,0,1,1,0,1,0,1,0,1,0,1,0,1,0,0,0,0,0,1,0,1,20.35,0.0
2272-JKMSI,0,0,1,1,62,1,1,110.8,6840.95,0,0,1,1,0,0,0,0,1,0,1,0,1,0,1,0,1,1,0,0,1,0,5,0,110.33790322580644,0.46209677419355444
0471-LVHGK,1,0,1,0,41,1,1,73.0,3001.2,1,0,1,0,0,0,0,0,0,0,1,0,0,0,1,0,1,1,0,0,1,0,3,0,73.19999999999999,-0.19999999999998863
9518-RWHZL,0,0,0,0,64,1,1,100.05,6254.2,1,0,1,1,0,0,0,0,0,0,1,0,0,0,1,0,1,1,0,1,0,0,3,0,97.721875,2.328125
8714-CTZJW,0,0,0,0,4,1,1,82.85,319.6,0,0,0,1,0,0,0,0,0,0,1,0,0,0,0,0,1,0,0,1,0,0,2,1,79.9,2.9499999999999886
3569-EDBPQ,0,0,0,0,24,1,1,84.35,1938.05,0,0,1,1,0,0,1,0,0,0,0,0,1,0,0,0,0,0,0,0,1,0,2,0,80.75208333333333,3.597916666666663
3131-NWVFJ,0,0,1,1,14,1,0,19.55,294.5,0,0,0,0,1,1,0,1,0,1,0,1,0,1,0,1,0,1,0,0,0,1,0,0,21.035714285714285,-1.485714285714284
7521-YXVZY,1,0,0,1,3,1,0,19.95,58.3,0,0,0,0,1,1,0,1,0,1,0,1,0,1,0,1,0,0,0,0,0,1,0,1,19.433333333333334,0.5166666666666657
5419-CONWX,0,1,0,0,4,1,1,99.8,442.85,1,0,0,1,0,0,0,0,1,0,1,0,0,0,1,0,1,0,0,1,0,0,4,1,110.7125,-10.912500000000009
6240-EURKS,0,0,0,1,18,0,1,35.0,553.0,1,1,0,0,0,0,0,0,0,0,0,0,0,0,0,0,1,0,0,0,1,0,1,0,30.72222222222222,4.277777777777779
2373-NTKOD,1,0,0,0,8,1,1,66.25,546.45,0,0,0,0,0,0,0,0,0,0,0,0,0,0,1,0,1,0,0,0,1,0,2,1,68.30625,-2.0562500000000057
1970-KKFWL,0,0,0,0,35,1,0,23.3,797.1,0,0,1,0,1,1,0,1,0,1,0,1,0,1,0,1,0,0,1,0,0,0,0,0,22.774285714285714,0.5257142857142867
6960-HVYXR,0,0,0,0,1,1,0,76.0,76.0,1,0,1,1,0,0,0,0,0,0,0,0,0,0,0,0,0,0,0,0,1,0,0,1,76.0,0.0
9337-SRRNI,1,0,0,1,66,1,1,25.3,1673.8,0,0,1,0,1,1,0,1,0,1,0,1,0,1,0,1,0,0,1,1,0,0,0,0,25.36060606060606,-0.060606060606058776
0895-UADGO,1,0,0,1,8,0,1,44.55,343.45,0,1,0,0,0,0,1,0,0,0,0,0,1,0,0,0,1,0,1,0,0,1,3,1,42.93125,1.6187499999999986
5678-VFNEQ,0,0,1,0,71,1,1,104.1,7412.25,0,0,1,1,0,0,1,0,0,0,1,0,0,0,1,0,1,1,0,1,0,0,4,0,104.39788732394366,-0.29788732394366946
5977-CKHON,0,0,1,1,43,1,1,92.55,4039.0,0,0,1,1,0,0,0,0,0,0,1,0,0,0,0,0,1,0,0,0,0,0,2,0,93.93023255813954,-1.3802325581395394
7024-OHCCK,0,1,0,0,2,1,1,93.85,170.85,1,0,1,1,0,0,0,0,0,0,0,0,0,0,1,0,1,0,0,0,1,0,2,1,85.425,8.424999999999997
2692-BUCFV,1,1,0,0,29,1,1,101.45,2948.6,0,0,0,1,0,0,0,0,1,0,1,0,0,0,1,0,1,0,0,0,0,0,4,0,101.67586206896551,-0.22586206896551175
7861-UVUFT,0,0,1,0,15,1,1,84.3,1308.4,1,0,0,1,0,0,0,0,0,0,1,0,0,0,1,0,0,0,0,0,1,0,2,0,87.22666666666667,-2.9266666666666765
1830-GGFNM,1,0,1,1,65,1,0,94.55,6078.75,0,0,1,1,0,0,1,0,1,0,1,0,1,0,0,0,0,0,1,1,0,0,4,0,93.51923076923077,1.0307692307692236
5302-BDJNT,1,0,0,0,35,1,0,95.5,3418.2,0,0,1,1,0,0,0,0,0,0,1,0,1,0,1,0,0,0,0,0,1,0,3,0,97.66285714285713,-2.162857142857135
5223-UZAVK,1,0,0,0,64,1,1,100.3,6603.8,0,0,0,1,0,0,1,0,1,0,0,0,0,0,1,0,1,1,0,1,0,0,4,0,103.184375,-2.8843750000000057
4859-ZSRDZ,0,0,1,1,58,0,1,55.5,3166.9,0,1,0,0,0,0,0,0,0,0,1,0,1,0,1,0,1,0,1,1,0,0,4,0,54.601724137931036,0.8982758620689637
5651-WYIPH,0,1,0,0,18,1,1,49.85,865.75,0,0,0,0,0,0,0,0,1,0,0,0,0,0,0,0,0,0,0,1,0,0,1,0,48.09722222222222,1.75277777777778
9350-VLHMB,1,0,1,1,67,1,1,89.55,6373.1,0,0,1,1,0,0,0,0,1,0,0,0,0,0,0,0,1,0,0,0,0,0,2,0,95.12089552238807,-5.570895522388071
3498-LZGQZ,1,0,1,1,63,1,1,19.15,1177.05,0,0,0,0,1,1,0,1,0,1,0,1,0,1,0,1,0,0,1,0,0,1,0,0,18.683333333333334,0.466666666666665
8785-CJSHH,0,0,1,0,60,1,1,99.8,5985.75,0,0,1,1,0,0,0,0,1,0,0,0,0,0,1,0,1,0,0,0,1,0,3,0,99.7625,0.037499999999994316
5357-TZHPP,1,1,0,0,9,1,1,84.4,732.5,1,0,1,1,0,0,0,0,0,0,0,0,0,0,0,0,1,0,0,1,0,0,1,1,81.38888888888889,3.01111111111112
3870-SPZSI,0,0,1,1,70,1,1,113.05,7869.05,0,0,1,1,0,0,1,0,1,0,1,0,1,0,1,0,1,0,1,1,0,0,6,0,112.415,0.6349999999999909
0680-DFNNY,1,0,1,0,15,1,1,101.1,1504.05,1,0,1,1,0,0,0,0,0,0,1,0,0,0,1,0,1,0,0,0,1,0,3,0,100.27,0.8299999999999983
7560-QRBXH,0,0,0,1,48,1,0,19.95,936.7,0,0,0,0,1,1,0,1,0,1,0,1,0,1,0,1,0,1,0,0,0,1,0,0,19.514583333333334,0.435416666666665
7077-XJMET,1,0,1,0,12,1,1,74.15,741.4,0,0,0,0,0,0,0,0,0,0,1,0,1,0,1,0,1,0,0,0,1,0,4,1,61.78333333333333,12.366666666666674
8752-GHJFU,1,1,1,0,71,1,1,92.0,6585.2,0,0,1,1,0,0,1,0,1,0,1,0,1,0,0,0,0,1,0,0,1,0,4,0,92.74929577464789,-0.7492957746478908
6896-SRVYQ,1,1,0,0,44,1,0,73.85,3122.4,0,0,0,1,0,0,0,0,0,0,1,0,0,0,0,0,0,0,0,0,1,0,1,0,70.96363636363637,2.886363636363626
7767-UXAGJ,1,0,0,0,1,1,1,50.45,50.45,1,0,1,0,0,0,0,0,0,0,0,0,0,0,0,0,0,0,0,0,1,0,0,1,50.45,0.0
4652-ODEVH,1,0,1,1,45,1,0,24.45,1088.25,0,0,1,0,1,1,0,1,0,1,0,1,0,1,0,1,0,0,1,0,0,1,0,0,24.183333333333334,0.2666666666666657
6510-UPNKS,0,0,0,0,23,1,0,24.8,615.35,0,0,1,0,1,1,0,1,0,1,0,1,0,1,0,1,0,1,0,1,0,0,0,0,26.754347826086956,-1.9543478260869556
6718-BDGHG,0,0,1,0,43,1,1,64.85,2908.2,0,0,1,0,0,0,0,0,0,0,0,0,1,0,1,0,0,1,0,0,0,0,2,0,67.63255813953488,-2.782558139534885
9046-DQMTP,1,0,0,0,35,1,0,20.75,739.9,0,0,0,0,1,1,0,1,0,1,0,1,0,1,0,1,0,0,0,0,0,0,0,0,21.14,-0.39000000000000057
6439-LAJXL,1,0,1,0,9,1,1,68.95,593.85,0,0,0,0,0,0,1,0,1,0,0,0,1,0,1,0,0,0,0,0,0,1,4,1,65.98333333333333,2.9666666666666686
1571-SAVHK,1,0,0,0,12,1,1,99.95,1132.75,1,0,1,1,0,0,0,0,0,0,0,0,1,0,1,0,1,0,0,0,0,1,3,1,94.39583333333333,5.554166666666674
9052-VKDUW,0,1,1,0,65,1,1,109.4,7227.45,0,0,1,1,0,0,1,0,1,0,1,0,0,0,1,0,1,0,0,1,0,0,5,0,111.19153846153846,-1.791538461538451
9546-CQJSU,0,0,0,0,2,1,1,91.4,193.6,1,0,1,1,0,0,0,0,0,0,1,0,0,0,1,0,0,0,0,0,1,0,2,1,96.8,-5.3999999999999915
1666-JZPZT,1,0,0,0,27,1,0,49.0,1291.35,0,0,1,0,0,0,0,0,0,0,0,0,0,0,0,0,0,0,0,0,0,1,0,0,47.827777777777776,1.1722222222222243
5777-KJIRB,0,0,0,0,40,1,1,50.25,2023.55,0,0,0,0,0,0,0,0,0,0,1,0,0,0,0,0,0,1,0,0,0,1,1,0,50.58875,-0.33874999999999744
0506-LVNGN,0,1,0,0,5,1,1,75.55,349.65,1,0,0,1,0,0,0,0,0,0,1,0,0,0,0,0,0,0,0,1,0,0,1,1,69.92999999999999,5.6200000000000045
7677-SJJJK,1,0,1,1,8,1,0,19.9,153.95,0,0,0,0,1,1,0,1,0,1,0,1,0,1,0,1,0,1,0,1,0,0,0,1,19.24375,0.65625
2480-EJWYP,0,1,1,0,58,1,1,97.8,5458.8,0,0,1,1,0,0,0,0,1,0,0,0,0,0,1,0,1,1,0,0,0,0,3,0,94.11724137931034,3.682758620689654
3253-HKOKL,0,0,1,1,52,1,0,100.3,5244.45,0,0,0,1,0,0,1,0,0,0,1,0,0,0,1,0,1,1,0,0,1,0,4,0,100.85480769230769,-0.5548076923076906
7055-HNEOJ,1,0,1,0,3,1,1,55.8,154.55,0,0,0,0,0,0,0,0,0,0,1,0,1,0,0,0,0,0,0,0,0,1,2,1,51.51666666666667,4.283333333333324
5514-YQENT,1,0,0,1,41,1,1,111.15,4507.15,0,0,0,1,0,0,1,0,1,0,1,0,1,0,1,0,1,0,1,0,1,0,6,0,109.93048780487804,1.2195121951219647
3211-AAPKX,1,0,0,0,20,1,1,98.55,2031.95,0,0,1,1,0,0,0,0,0,0,0,0,1,0,1,0,1,0,0,0,0,1,3,0,101.5975,-3.0474999999999994
8445-DNBAE,1,0,0,1,1,1,1,50.05,50.05,0,0,1,0,0,0,0,0,0,0,0,0,0,0,0,0,0,0,0,0,1,0,0,1,50.05,0.0
2951-QOQTK,1,0,0,1,4,1,0,80.8,332.45,1,0,1,1,0,0,0,0,0,0,0,0,1,0,0,0,0,0,0,1,0,0,1,1,83.1125,-2.3125
2958-NHPPS,1,0,0,0,23,1,0,20.85,473.9,0,0,0,0,1,1,0,1,0,1,0,1,0,1,0,1,0,0,0,0,1,0,0,0,20.604347826086954,0.24565217391304728
6806-YDEUL,0,1,0,0,6,1,0,19.5,106.8,0,0,0,0,1,1,0,1,0,1,0,1,0,1,0,1,0,0,0,0,0,0,0,1,17.8,1.6999999999999993
1735-XMJVH,1,0,1,1,8,1,1,19.35,152.6,0,0,0,0,1,1,0,1,0,1,0,1,0,1,0,1,0,0,0,0,0,1,0,1,19.075,0.27500000000000213
6890-PFRQX,1,0,0,0,18,1,0,69.5,1199.4,0,0,1,0,0,0,1,0,0,0,1,0,0,0,1,0,0,0,0,0,0,1,3,0,66.63333333333334,2.86666666666666
0222-CNVPT,1,1,0,0,52,0,1,48.8,2555.05,0,1,0,0,0,0,1,0,0,0,0,0,0,0,1,0,1,0,0,1,0,0,3,0,49.135576923076925,-0.3355769230769283
5899-OUVKV,1,0,0,0,31,1,1,94.5,2979.2,0,0,0,1,0,0,0,0,1,0,0,0,0,0,1,0,1,0,0,0,1,0,3,0,96.1032258064516,-1.6032258064516043
8681-ICONS,1,0,1,1,29,1,1,20.65,654.85,0,0,0,0,1,1,0,1,0,1,0,1,0,1,0,1,0,0,0,0,0,1,0,0,22.58103448275862,-1.9310344827586228
1621-YNCJH,0,0,1,0,36,1,1,106.05,3834.4,0,0,1,1,0,0,1,0,1,0,1,0,1,0,0,0,1,0,1,1,0,0,5,0,106.51111111111112,-0.4611111111111228
3473-XIIIT,0,0,1,0,16,1,1,100.0,1534.75,1,0,1,1,0,0,0,0,1,0,0,0,0,0,1,0,1,0,0,0,1,0,3,0,95.921875,4.078125
6362-QHAFM,1,0,1,0,42,1,1,108.3,4586.15,0,0,1,1,0,0,0,0,0,0,1,0,1,0,1,0,1,1,0,0,1,0,4,0,109.19404761904761,-0.8940476190476119
7893-IXHRQ,1,0,0,0,1,1,0,20.55,20.55,1,0,0,0,1,1,0,1,0,1,0,1,0,1,0,1,0,0,0,0,1,0,0,1,20.55,0.0
3070-BDOQC,0,0,0,0,60,1,1,99.65,5941.05,0,0,0,1,0,0,0,0,1,0,1,0,0,0,1,0,1,0,1,0,1,0,4,0,99.0175,0.6325000000000074
2952-QAYZF,1,0,0,0,5,1,1,85.3,424.15,1,0,1,1,0,0,0,0,1,0,1,0,0,0,0,0,0,0,0,0,1,0,2,1,84.83,0.46999999999999886
6234-PFPXL,1,0,1,0,22,1,0,95.9,2234.95,0,0,1,1,0,0,1,0,0,0,0,0,1,0,1,0,0,0,0,1,0,0,3,0,101.58863636363635,-5.688636363636348
9824-QCJPK,1,0,1,0,36,1,0,20.0,666.75,0,0,0,0,1,1,0,1,0,1,0,1,0,1,0,1,0,1,0,0,0,1,0,0,18.520833333333332,1.4791666666666679
4763-PGDPO,0,0,0,0,4,1,0,70.4,281.0,1,0,0,1,0,0,0,0,0,0,0,0,0,0,0,0,0,0,0,0,1,0,0,1,70.25,0.15000000000000568
4283-IVYCI,1,0,0,0,9,1,0,64.95,547.8,0,0,0,0,0,0,1,0,0,0,0,0,1,0,0,0,1,0,0,0,0,1,3,1,60.86666666666666,4.083333333333343
1866-OBPNR,1,0,1,1,1,1,0,74.6,74.6,0,0,0,1,0,0,0,0,1,0,0,0,0,0,0,0,0,0,0,1,0,0,1,1,74.6,0.0
8205-MQUGY,1,0,1,1,12,1,1,49.2,571.15,0,0,0,0,0,0,1,0,0,0,0,0,0,0,0,0,0,0,0,0,1,0,1,1,47.59583333333333,1.6041666666666714
8970-ANWXO,0,0,0,0,23,1,1,73.75,1756.6,0,0,1,0,0,0,0,0,0,0,0,0,1,0,1,0,1,1,0,0,0,1,3,0,76.37391304347825,-2.623913043478254
9480-BQJEI,1,0,0,0,62,1,1,92.3,5731.45,0,0,1,1,0,0,1,0,1,0,0,0,0,0,0,0,1,1,0,0,0,0,3,0,92.44274193548387,-0.14274193548386904
5394-SVGJV,1,0,0,0,37,1,0,98.8,3475.55,1,0,1,1,0,0,0,0,0,0,0,0,1,0,1,0,1,0,0,0,0,0,3,0,93.9337837837838,4.866216216216202
6979-TNDEU,0,0,0,0,8,1,0,19.2,156.85,0,0,0,0,1,1,0,1,0,1,0,1,0,1,0,1,0,0,0,0,0,1,0,1,19.60625,-0.40625
9777-WJJPR,1,0,1,0,31,1,0,88.65,2683.2,0,0,1,1,0,0,0,0,0,0,1,0,0,0,1,0,0,0,0,1,0,0,2,0,86.55483870967741,2.0951612903225936
9283-LZQOH,1,0,1,1,13,1,1,74.4,896.75,1,0,1,1,0,0,0,0,0,0,0,0,0,0,0,0,0,0,0,1,0,0,0,0,68.98076923076923,5.419230769230779
7079-QRCBC,0,0,0,0,24,1,1,98.75,2407.3,1,0,1,1,0,0,0,0,0,0,1,0,0,0,1,0,1,0,0,0,1,0,3,0,100.30416666666667,-1.5541666666666742
9495-SKLKD,1,0,1,1,45,1,1,95.95,4456.65,0,0,1,1,0,0,0,0,1,0,1,0,0,0,0,0,1,0,0,0,0,0,3,0,99.03666666666666,-3.086666666666659
6048-UWKAL,0,1,1,0,69,1,0,105.4,6998.95,0,0,1,1,0,0,0,0,1,0,0,0,1,0,1,0,1,0,1,1,0,0,4,0,101.4340579710145,3.965942028985509
5067-DGXLL,1,0,0,0,2,1,0,20.25,36.8,0,0,0,0,1,1,0,1,0,1,0,1,0,1,0,1,0,0,0,0,0,1,0,1,18.4,1.8500000000000014
5469-CTCWN,1,0,1,1,61,1,1,106.0,6547.7,1,0,1,1,0,0,1,0,1,0,0,0,0,0,1,0,1,1,0,0,1,0,4,0,107.33934426229509,-1.3393442622950857
9851-QXEEQ,1,0,0,0,41,1,1,104.7,4346.4,1,0,1,1,0,0,0,0,1,0,1,0,0,0,1,0,1,0,0,0,1,0,4,0,106.00975609756097,-1.309756097560964
6281-FKEWS,0,0,0,0,44,0,1,49.05,2265.0,0,1,0,0,0,0,0,0,0,0,1,0,0,0,1,0,1,1,0,0,1,0,3,0,51.47727272727273,-2.4272727272727295
8898-KASCD,1,0,0,0,39,0,0,35.55,1309.15,0,1,0,0,0,0,0,0,0,0,1,0,1,0,0,0,0,1,0,0,0,1,2,0,33.56794871794872,1.9820512820512803
9242-TKFSV,1,0,1,1,72,0,1,65.1,4754.3,0,1,0,0,0,0,1,0,1,0,1,0,1,0,1,0,1,0,1,1,0,0,6,0,66.03194444444445,-0.9319444444444542
9290-SHCMB,0,1,0,0,13,1,1,96.85,1235.55,0,0,0,1,0,0,0,0,0,0,1,0,0,0,1,0,1,0,0,0,1,0,3,0,95.04230769230769,1.8076923076923066
0743-HNPFG,0,0,1,1,51,1,1,69.75,3562.5,0,0,0,0,0,0,1,0,1,0,0,0,1,0,0,0,1,1,0,1,0,0,4,0,69.8529411764706,-0.10294117647059409
2277-BKJKN,0,1,1,0,71,1,1,99.2,7213.75,0,0,0,1,0,0,0,0,1,0,1,0,0,0,1,0,1,0,1,0,1,0,4,0,101.60211267605634,-2.4021126760563334
9809-IMGCQ,1,1,0,0,22,1,1,96.7,2082.95,1,0,1,1,0,0,0,0,0,0,0,0,0,0,1,0,1,0,0,0,1,0,2,0,94.67954545454545,2.0204545454545553
5208-HFSBT,0,0,0,0,2,1,1,55.05,102.75,1,0,0,0,0,0,0,0,1,0,0,0,1,0,0,0,0,0,0,1,0,0,2,1,51.375,3.674999999999997
5035-PGZXH,0,0,0,0,56,1,1,106.8,5914.4,0,0,1,1,0,0,0,0,1,0,1,0,0,0,1,0,1,1,0,0,1,0,4,0,105.61428571428571,1.1857142857142833
8695-WDYEA,1,0,0,0,1,1,0,51.25,51.25,0,0,0,0,0,0,1,0,0,0,0,0,0,0,0,0,0,0,0,0,0,1,1,1,51.25,0.0
6543-JXSOO,0,0,1,1,23,1,1,57.75,1282.85,0,0,0,0,0,0,1,0,1,0,0,0,1,0,0,0,0,1,0,0,0,1,3,0,55.77608695652174,1.9739130434782624
8016-ZMGMO,0,1,1,0,66,1,1,70.85,4738.85,0,0,1,0,0,0,0,0,1,0,1,0,0,0,1,0,0,1,0,0,0,0,3,0,71.80075757575759,-0.9507575757575921
8605-ITULD,0,0,0,0,1,1,0,19.55,19.55,0,0,0,0,1,1,0,1,0,1,0,1,0,1,0,1,0,0,0,0,0,1,0,1,19.55,0.0
3254-YRILK,1,1,0,0,19,1,1,88.2,1775.8,1,0,1,1,0,0,0,0,1,0,0,0,0,0,1,0,0,0,0,0,1,0,2,0,93.46315789473684,-5.263157894736835
6416-YJTTB,1,0,0,0,11,1,1,79.5,795.65,0,0,0,1,0,0,1,0,0,0,1,0,0,0,0,0,0,0,0,0,0,0,2,1,72.33181818181818,7.1681818181818215
2667-WYLWJ,0,0,1,1,8,1,1,19.75,145.0,1,0,0,0,1,1,0,1,0,1,0,1,0,1,0,1,0,1,0,0,0,1,0,1,18.125,1.625
4472-VESGY,0,0,1,1,52,1,0,98.15,4993.4,0,0,1,1,0,0,1,0,1,0,1,0,0,0,0,0,1,0,0,0,0,0,4,0,96.02692307692307,2.123076923076937
3195-TQDZX,1,0,0,0,3,1,1,20.25,61.45,0,0,0,0,1,1,0,1,0,1,0,1,0,1,0,1,0,0,0,0,1,0,0,1,20.483333333333334,-0.23333333333333428
3128-YOVTD,0,0,1,1,51,1,1,79.15,4018.55,0,0,0,1,0,0,1,0,1,0,0,0,0,0,0,0,0,0,0,0,0,0,2,0,78.79509803921569,0.3549019607843178
0529-ONKER,1,1,0,0,15,1,0,75.65,1146.65,1,0,1,1,0,0,0,0,0,0,0,0,0,0,0,0,0,0,0,0,1,0,0,0,76.44333333333334,-0.7933333333333366
1728-CXQBE,1,1,1,0,64,1,1,94.25,6081.4,0,0,1,1,0,0,0,0,1,0,1,0,0,0,0,0,1,0,0,0,1,0,3,0,95.021875,-0.7718749999999943
7041-TXQJH,0,0,0,0,37,0,1,40.2,1478.85,0,1,0,0,0,0,0,0,0,0,1,0,0,0,0,0,1,0,0,1,0,0,2,0,39.96891891891892,0.23108108108108638
5014-GSOUQ,1,0,0,0,13,1,0,19.95,243.65,0,0,0,0,1,1,0,1,0,1,0,1,0,1,0,1,0,0,1,0,0,1,0,0,18.742307692307694,1.2076923076923052
5724-BIDBU,1,0,1,0,49,1,1,55.35,2633.95,0,0,1,0,0,0,1,0,0,0,0,0,0,0,0,0,0,1,0,0,1,0,1,0,53.754081632653055,1.5959183673469468
0481-SUMCB,0,1,0,0,45,1,1,102.15,4735.35,0,0,1,1,0,0,0,0,0,0,1,0,0,0,1,0,1,1,0,0,0,0,3,0,105.23,-3.0799999999999983
1769-GRUIK,0,0,0,0,18,1,1,71.1,1247.75,0,0,0,1,0,0,0,0,0,0,0,0,0,0,0,0,0,0,0,0,1,0,0,0,69.31944444444444,1.7805555555555515
5240-IJOQT,1,1,0,0,1,1,1,74.7,74.7,1,0,1,1,0,0,0,0,0,0,0,0,0,0,0,0,0,0,0,0,1,0,0,1,74.7,0.0
8819-WFGGJ,1,0,1,0,68,0,1,54.1,3794.5,0,1,0,0,0,0,1,0,0,0,1,0,0,0,1,0,1,0,1,0,0,0,4,0,55.8014705882353,-1.7014705882352956
7427-AUFPY,1,0,0,0,54,1,0,19.65,1008.7,0,0,0,0,1,1,0,1,0,1,0,1,0,1,0,1,0,0,1,1,0,0,0,0,18.67962962962963,0.9703703703703681
2811-POVEX,0,1,1,1,23,1,1,88.45,2130.55,0,0,0,1,0,0,0,0,1,0,1,0,0,0,0,0,1,0,0,0,0,0,3,0,92.63260869565218,-4.182608695652178
1092-GANHU,1,0,0,0,17,1,1,76.65,1313.55,1,0,0,1,0,0,0,0,0,0,1,0,0,0,0,0,0,0,0,0,1,0,1,0,77.26764705882353,-0.6176470588235219
7898-PDWQE,1,0,1,0,71,1,0,80.4,5727.15,0,0,1,0,0,0,1,0,1,0,1,0,1,0,0,0,1,0,1,1,0,0,5,0,80.66408450704225,-0.2640845070422415
9972-EWRJS,0,0,1,1,67,1,1,19.25,1372.9,0,0,0,0,1,1,0,1,0,1,0,1,0,1,0,1,0,0,1,0,0,0,0,0,20.491044776119406,-1.2410447761194057
9314-IJWSQ,0,0,1,1,14,1,1,84.8,1203.9,0,0,1,1,0,0,0,0,0,0,0,0,0,0,1,0,0,0,0,0,1,0,1,0,85.99285714285715,-1.1928571428571502
0661-XEYAN,0,1,0,0,1,0,1,25.8,25.8,1,1,0,0,0,0,0,0,0,0,0,0,0,0,0,0,0,0,0,0,0,1,0,1,25.8,0.0
5799-JRCZO,0,0,0,1,63,1,0,19.5,1215.1,0,0,0,0,1,1,0,1,0,1,0,1,0,1,0,1,0,0,1,1,0,0,0,0,19.287301587301585,0.2126984126984155
1921-KYSAY,0,0,0,0,41,1,1,68.6,2877.05,0,0,1,0,0,0,0,0,0,0,1,0,1,0,0,0,1,1,0,0,1,0,3,0,70.1719512195122,-1.5719512195122007
6198-RTPMF,0,0,1,0,17,1,0,92.6,1579.7,0,0,1,1,0,0,0,0,0,0,0,0,0,0,1,0,1,0,0,0,1,0,2,0,92.9235294117647,-0.32352941176471006
2924-KHUVI,1,0,1,0,56,1,1,100.55,5514.95,0,0,1,1,0,0,1,0,0,0,0,0,0,0,1,0,1,1,0,0,1,0,3,0,98.48125,2.0687499999999943
1925-GMVBW,0,0,0,0,5,1,0,20.55,96.1,0,0,0,0,1,1,0,1,0,1,0,1,0,1,0,1,0,0,0,1,0,0,0,1,19.22,1.3300000000000018
7881-EVUAD,0,0,0,0,2,0,1,42.6,72.4,1,1,0,0,0,0,1,0,1,0,0,0,0,0,0,0,1,0,0,0,1,0,3,1,36.2,6.399999999999999
6184-DYUOB,0,0,1,0,3,1,1,19.6,55.25,0,0,0,0,1,1,0,1,0,1,0,1,0,1,0,1,0,0,0,0,0,1,0,1,18.416666666666668,1.1833333333333336
9207-ZPANB,1,0,0,0,37,1,0,67.45,2443.3,0,0,1,0,0,0,1,0,1,0,1,0,1,0,0,0,0,1,0,0,1,0,4,0,66.03513513513514,1.4148648648648674
5766-XQXMQ,0,0,0,0,29,1,1,68.85,1970.5,1,0,0,0,0,0,1,0,1,0,1,0,0,0,0,0,1,0,0,0,0,0,4,0,67.94827586206897,0.9017241379310263
9327-QSDED,1,0,0,0,8,1,0,43.55,335.4,0,0,0,0,0,0,0,0,0,0,0,0,0,0,0,0,0,0,0,0,0,1,0,1,41.925,1.625
1656-DRSMG,0,0,0,0,63,1,1,109.85,7002.95,0,0,1,1,0,0,0,0,1,0,1,0,1,0,1,0,1,0,0,1,0,0,5,0,111.15793650793651,-1.3079365079365175
3012-VFFMN,0,0,1,1,7,1,0,20.65,158.95,0,0,0,0,1,1,0,1,0,1,0,1,0,1,0,1,0,0,0,0,0,1,0,1,22.707142857142856,-2.057142857142857
2984-AFWNC,0,0,0,0,3,1,0,95.4,293.15,0,0,0,1,0,0,0,0,1,0,0,0,0,0,1,0,1,0,0,0,1,0,3,1,97.71666666666665,-2.3166666666666487
0640-YJTPY,1,0,1,1,72,1,0,21.0,1493.75,0,0,0,0,1,1,0,1,0,1,0,1,0,1,0,1,0,0,1,0,0,0,0,0,20.74652777777778,0.25347222222222143
8096-LOIST,0,0,0,0,19,1,1,56.2,1093.4,0,0,0,0,0,0,0,0,0,0,0,0,0,0,0,0,1,0,0,0,1,0,1,0,57.54736842105264,-1.3473684210526358
9764-REAFF,0,0,1,0,59,1,0,18.4,1057.85,0,0,0,0,1,1,0,1,0,1,0,1,0,1,0,1,0,0,1,0,0,0,0,0,17.92966101694915,0.47033898305084776
3703-VAVCL,1,0,1,1,2,1,0,90.0,190.05,1,0,0,1,0,0,0,0,0,0,1,0,1,0,0,0,1,0,0,1,0,0,3,1,95.025,-5.025000000000006
7107-UBYKY,0,0,1,1,35,1,1,25.75,882.55,0,0,1,0,1,1,0,1,0,1,0,1,0,1,0,1,0,0,0,0,1,0,0,0,25.215714285714284,0.5342857142857156
4881-GQJTW,1,0,0,0,14,1,0,19.6,300.4,0,0,0,0,1,1,0,1,0,1,0,1,0,1,0,1,0,0,0,1,0,0,0,0,21.457142857142856,-1.857142857142854
8519-QJGJD,0,0,0,0,14,1,0,75.35,1025.95,1,0,0,1,0,0,0,0,0,0,1,0,0,0,0,0,0,0,0,0,1,0,1,0,73.28214285714286,2.067857142857136
7876-DNYAP,0,0,1,1,69,1,0,19.8,1436.95,0,0,0,0,1,1,0,1,0,1,0,1,0,1,0,1,0,0,1,1,0,0,0,0,20.82536231884058,-1.0253623188405783
7905-NJMXS,1,1,1,0,7,1,0,64.2,475.0,0,0,1,0,0,0,1,0,1,0,0,0,1,0,0,0,0,0,0,0,1,0,3,1,67.85714285714286,-3.6571428571428584
2882-WDTBA,1,0,1,1,69,1,1,75.75,5388.15,0,0,0,0,0,0,1,0,1,0,1,0,1,0,1,0,0,0,1,0,0,0,5,0,78.0891304347826,-2.3391304347826036
2091-GPPIQ,0,0,1,1,72,1,1,78.95,5730.15,0,0,1,0,0,0,0,0,1,0,0,0,1,0,1,0,1,0,1,0,1,0,4,0,79.58541666666666,-0.6354166666666572
6326-MTTXK,1,0,0,0,8,1,0,100.85,819.55,1,0,1,1,0,0,0,0,1,0,0,0,0,0,1,0,1,0,0,0,1,0,3,1,102.44375,-1.59375
5071-FBJFS,0,0,1,1,4,1,0,50.3,217.1,0,0,0,0,0,0,1,0,0,0,0,0,0,0,0,0,0,0,0,0,1,0,1,1,54.275,-3.9750000000000014
2796-UUZZO,1,0,1,1,63,1,1,80.3,4896.35,0,0,0,1,0,0,0,0,1,0,1,0,0,0,0,0,0,0,0,1,0,0,2,0,77.71984126984128,2.5801587301587148
2429-AYKKO,1,0,0,0,72,1,0,19.85,1434.1,0,0,0,0,1,1,0,1,0,1,0,1,0,1,0,1,0,0,1,0,0,0,0,0,19.918055555555554,-0.06805555555555287
9798-OPFEM,0,0,0,0,46,1,1,21.1,937.1,0,0,0,0,1,1,0,1,0,1,0,1,0,1,0,1,0,0,1,0,1,0,0,0,20.371739130434783,0.7282608695652186
0330-IVZHA,0,0,1,0,5,1,0,69.95,330.15,1,0,0,1,0,0,0,0,0,0,0,0,0,0,0,0,0,0,0,0,1,0,0,1,66.03,3.9200000000000017
3794-NFNCH,1,0,1,0,30,1,1,50.0,1474.9,0,0,0,0,0,0,0,0,0,0,1,0,0,0,0,0,0,0,0,0,0,1,1,0,49.163333333333334,0.836666666666666
5193-QLVZB,1,0,0,0,63,1,1,104.75,6536.5,0,0,1,1,0,0,0,0,1,0,1,0,0,0,1,0,1,0,1,0,0,0,4,0,103.75396825396825,0.9960317460317469
7114-AEOZE,0,0,0,0,60,1,0,19.85,1128.1,0,0,0,0,1,1,0,1,0,1,0,1,0,1,0,1,0,0,1,0,0,0,0,0,18.801666666666666,1.0483333333333356
2886-KEFUM,0,0,1,0,63,1,1,107.5,6873.75,1,0,1,1,0,0,0,0,1,0,1,0,0,0,1,0,1,1,0,0,1,0,4,0,109.10714285714286,-1.6071428571428612
5522-NYKPB,1,0,1,1,25,1,0,85.9,2199.05,0,0,0,1,0,0,0,0,0,0,0,0,1,0,1,0,0,0,0,0,1,0,2,0,87.962,-2.0619999999999976
4237-RLAQD,1,0,0,0,1,1,1,45.85,45.85,1,0,0,0,0,0,0,0,0,0,0,0,0,0,0,0,0,0,0,0,0,1,0,1,45.85,0.0
9957-YODKZ,1,1,1,0,6,1,1,80.8,457.1,0,0,1,1,0,0,0,0,0,0,1,0,0,0,0,0,0,0,0,0,1,0,1,1,76.18333333333334,4.61666666666666
6518-KZXCB,1,0,0,0,22,1,0,25.25,566.5,0,0,1,0,1,1,0,1,0,1,0,1,0,1,0,1,0,0,1,0,0,1,0,0,25.75,-0.5
2245-ADZFJ,0,0,1,1,31,1,0,80.55,2471.6,0,0,1,0,0,0,0,0,1,0,0,0,1,0,1,0,1,0,1,0,0,0,4,0,79.7290322580645,0.8209677419354904
7776-QGYJC,0,0,1,1,39,1,1,81.5,3107.3,0,0,0,1,0,0,0,0,0,0,1,0,1,0,0,0,0,0,0,0,0,0,2,0,79.67435897435898,1.8256410256410192
9313-QOLTZ,1,0,0,0,26,1,0,20.9,518.3,0,0,0,0,1,1,0,1,0,1,0,1,0,1,0,1,0,0,0,0,0,1,0,0,19.934615384615384,0.9653846153846146
9651-GTSAQ,0,0,1,0,53,1,1,106.1,5769.75,1,0,0,1,0,0,1,0,1,0,1,0,0,0,1,0,1,1,0,0,0,0,5,0,108.86320754716981,-2.763207547169813
3186-BAXNB,0,0,0,0,1,1,0,91.7,91.7,1,0,0,1,0,0,0,0,1,0,0,0,1,0,1,0,0,0,0,0,1,0,3,1,91.7,0.0
4672-FOTSD,1,0,0,0,12,1,1,67.25,832.3,0,0,1,0,0,0,1,0,1,0,0,0,1,0,0,0,0,0,0,0,1,0,3,1,69.35833333333333,-2.1083333333333343
0637-YLETY,0,0,0,0,16,1,1,95.6,1555.65,1,0,1,1,0,0,0,0,1,0,1,0,0,0,0,0,1,0,0,1,0,0,3,0,97.228125,-1.6281250000000114
9818-XQCUV,0,0,0,0,2,1,0,20.35,45.3,0,0,0,0,1,1,0,1,0,1,0,1,0,1,0,1,0,0,0,0,0,1,0,1,22.65,-2.299999999999997
7338-ERIVA,1,0,0,1,39,0,0,45.05,1790.6,0,1,0,0,0,0,1,0,0,0,0,0,1,0,1,0,0,1,0,0,0,0,3,0,45.91282051282051,-0.8628205128205124
1157-BQCUW,1,0,0,0,1,1,1,74.95,74.95,1,0,1,1,0,0,0,0,0,0,0,0,0,0,0,0,0,0,0,0,1,0,0,1,74.95,0.0
8259-NFJTV,0,0,1,1,7,0,0,34.65,246.6,0,1,0,0,0,0,1,0,0,0,0,0,1,0,0,0,0,0,0,0,0,1,2,1,35.22857142857143,-0.5785714285714292
3223-DWFIO,1,1,0,0,4,1,0,69.35,261.65,0,0,0,1,0,0,0,0,0,0,0,0,0,0,0,0,0,0,0,0,1,0,0,1,65.4125,3.9375
2660-EMUBI,1,1,0,0,10,1,1,95.35,898.35,1,0,1,1,0,0,0,0,0,0,0,0,0,0,1,0,1,0,0,0,1,0,2,1,89.83500000000001,5.514999999999986
6968-GMKPR,0,0,0,0,55,1,1,81.55,4509.5,0,0,0,1,0,0,0,0,1,0,1,0,0,0,0,0,0,0,0,0,1,0,2,0,81.99090909090908,-0.4409090909090878
4751-ERMAN,1,0,1,1,72,1,1,75.4,5480.25,0,0,0,0,0,0,0,0,1,0,1,0,0,0,1,0,1,0,1,0,0,0,4,0,76.11458333333333,-0.7145833333333229
1436-ZMJAN,0,0,1,0,10,1,1,67.8,653.15,0,0,0,0,0,0,0,0,0,0,1,0,0,0,1,0,1,0,0,1,0,0,3,1,65.315,2.4849999999999994
3292-PBZEJ,1,1,0,0,11,1,1,111.4,1183.05,0,0,1,1,0,0,0,0,1,0,1,0,1,0,1,0,1,0,0,0,1,0,5,1,107.55,3.8500000000000085
0799-DDIHE,0,0,1,1,15,1,0,46.3,639.45,0,0,0,0,0,0,0,0,0,0,0,0,0,0,0,0,0,0,0,0,1,0,0,0,42.63,3.6699999999999946
3070-FNFZQ,0,0,1,1,23,1,0,20.4,478.75,0,0,0,0,1,1,0,1,0,1,0,1,0,1,0,1,0,0,1,0,0,0,0,0,20.815217391304348,-0.4152173913043491
2812-SFXMJ,1,0,0,1,1,1,0,20.05,20.05,0,0,0,0,1,1,0,1,0,1,0,1,0,1,0,1,0,0,0,0,0,1,0,1,20.05,0.0
7675-OZCZG,0,1,0,0,3,1,0,45.0,127.1,1,0,0,0,0,0,0,0,0,0,0,0,0,0,0,0,0,0,0,0,1,0,0,1,42.36666666666667,2.633333333333333
5014-WUQMG,1,0,1,1,47,1,1,96.1,4391.45,0,0,0,1,0,0,1,0,1,0,1,0,0,0,0,0,1,1,0,0,1,0,4,0,93.43510638297872,2.664893617021278
5312-TSZVC,0,0,0,1,15,1,0,19.65,270.6,0,0,0,0,1,1,0,1,0,1,0,1,0,1,0,1,0,1,0,0,0,1,0,0,18.040000000000003,1.6099999999999959
2003-CKLOR,1,0,0,0,66,1,0,99.5,6710.5,1,0,0,1,0,0,0,0,1,0,1,0,0,0,1,0,1,0,0,0,1,0,4,0,101.67424242424242,-2.174242424242422
0993-OSGPT,0,1,1,0,68,1,1,60.65,3975.9,0,0,0,0,0,0,0,0,1,0,1,0,1,0,0,0,0,1,0,0,0,0,3,0,58.46911764705882,2.1808823529411754
9254-RBFON,0,0,1,1,17,1,0,98.6,1704.95,1,0,0,1,0,0,0,0,0,0,1,0,1,0,1,0,1,1,0,0,0,0,4,0,100.29117647058824,-1.6911764705882462
1205-WNWPJ,0,0,0,0,7,1,1,59.5,415.95,1,0,0,0,0,0,0,0,0,0,0,0,1,0,1,0,0,0,0,0,0,1,2,1,59.42142857142857,0.07857142857142918
9391-EOYLI,1,1,1,0,12,1,1,80.45,950.2,1,0,0,1,0,0,0,0,0,0,0,0,0,0,0,0,1,0,0,0,1,0,1,1,79.18333333333334,1.2666666666666657
7108-DGVUU,0,1,1,0,21,1,0,71.7,1497.05,0,0,1,0,0,0,0,0,1,0,1,0,0,0,0,0,1,1,0,0,0,0,3,0,71.28809523809524,0.4119047619047649
2782-JEEBU,1,0,0,0,21,0,1,36.0,780.15,0,1,0,0,0,0,0,0,1,0,0,0,1,0,0,0,0,0,0,0,0,1,2,0,37.15,-1.1499999999999986
5127-BZENZ,0,0,1,1,56,1,0,65.2,3512.15,0,0,1,0,0,0,1,0,0,0,0,0,0,0,1,0,0,1,0,0,0,0,2,0,62.71696428571429,2.4830357142857125
2720-FVBQP,0,0,1,1,6,1,1,48.95,273.25,0,0,1,0,0,0,0,0,0,0,0,0,0,0,0,0,0,0,0,1,0,0,0,1,45.541666666666664,3.4083333333333385
9906-NHHVC,0,1,0,0,65,0,1,53.5,3517.9,0,1,0,0,0,0,0,0,1,0,1,0,0,0,1,0,1,0,1,0,0,0,4,0,54.121538461538464,-0.6215384615384636
4522-XRWWI,1,0,1,0,42,1,0,80.45,3375.9,0,0,1,0,0,0,1,0,0,0,0,0,1,0,1,0,1,1,0,1,0,0,4,0,80.37857142857143,0.0714285714285694
3766-EJLFL,0,0,1,1,68,1,1,109.05,7508.55,0,0,1,1,0,0,1,0,0,0,1,0,1,0,1,0,1,0,1,0,0,0,5,0,110.41985294117647,-1.3698529411764753
5939-SXWHM,1,0,1,1,48,1,0,26.3,1245.05,0,0,1,0,1,1,0,1,0,1,0,1,0,1,0,1,0,0,1,0,0,0,0,0,25.938541666666666,0.361458333333335
8152-UOBNY,0,1,0,0,50,1,1,106.8,5347.95,0,0,1,1,0,0,0,0,1,0,0,0,1,0,1,0,1,1,0,0,1,0,4,0,106.959,-0.15900000000000603
7351-KYHQH,0,1,0,0,7,1,1,64.95,493.65,0,0,0,0,0,0,0,0,1,0,1,0,0,0,1,0,0,0,0,0,1,0,3,1,70.52142857142857,-5.571428571428569
7643-RCHXS,0,0,1,1,63,1,0,19.35,1263.85,0,0,0,0,1,1,0,1,0,1,0,1,0,1,0,1,0,0,1,0,1,0,0,0,20.06111111111111,-0.7111111111111086
8246-SHFGA,1,0,0,0,17,1,0,21.1,385.55,0,0,0,0,1,1,0,1,0,1,0,1,0,1,0,1,0,0,0,1,0,0,0,0,22.679411764705883,-1.5794117647058812
8387-MOJJT,0,0,1,1,42,1,1,77.95,3384.0,1,0,0,1,0,0,0,0,0,0,0,0,0,0,1,0,0,0,0,1,0,0,1,0,80.57142857142857,-2.6214285714285666
0620-XEFWH,1,0,1,1,4,1,0,18.85,84.2,0,0,0,0,1,1,0,1,0,1,0,1,0,1,0,1,0,0,0,0,0,1,0,1,21.05,-2.1999999999999993
6485-QXWWE,0,0,0,1,62,1,0,26.0,1638.7,0,0,1,0,1,1,0,1,0,1,0,1,0,1,0,1,0,0,1,0,0,0,0,0,26.43064516129032,-0.4306451612903217
2761-OCIAX,1,1,0,0,2,1,1,74.7,165.4,1,0,0,1,0,0,0,0,1,0,0,0,0,0,0,0,0,0,0,0,1,0,1,1,82.7,-8.0
7321-VGNKU,0,0,1,0,2,1,1,70.35,120.25,0,0,0,1,0,0,0,0,0,0,0,0,0,0,0,0,0,0,0,0,1,0,0,1,60.125,10.224999999999994
5327-CNLUQ,1,0,1,0,48,1,1,96.9,4473.45,0,0,1,1,0,0,1,0,1,0,1,0,0,0,1,0,0,0,1,0,0,0,4,0,93.19687499999999,3.703125000000014
7552-KEYGT,1,0,1,0,27,1,0,19.55,520.55,0,0,0,0,1,1,0,1,0,1,0,1,0,1,0,1,0,0,1,0,0,0,0,0,19.27962962962963,0.27037037037037237
5816-JMLGY,0,0,1,1,70,1,1,80.4,5717.85,0,0,0,0,0,0,0,0,1,0,1,0,1,0,1,0,1,0,1,0,0,0,5,0,81.68357142857144,-1.2835714285714346
3068-OMWZA,1,1,0,0,1,1,1,88.8,88.8,1,0,1,1,0,0,0,0,0,0,1,0,0,0,1,0,0,0,0,0,1,0,2,1,88.8,0.0
2927-QRRQV,1,0,1,0,46,1,1,94.65,4312.5,0,0,1,1,0,0,0,0,1,0,1,0,0,0,1,0,0,1,0,0,1,0,3,0,93.75,0.9000000000000057
6032-KRXXO,1,0,0,0,30,1,1,90.25,2755.35,1,0,0,1,0,0,0,0,0,0,0,0,0,0,1,0,1,0,0,0,1,0,2,0,91.845,-1.5949999999999989
7459-RRWQZ,0,0,0,0,15,1,1,64.65,994.55,1,0,1,0,0,0,1,0,0,0,0,0,0,0,0,0,1,0,0,0,0,0,2,0,66.30333333333333,-1.6533333333333218
6265-SXWBU,1,0,1,1,69,1,0,95.75,6511.25,0,0,1,1,0,0,0,0,1,0,1,0,0,0,1,0,0,1,0,1,0,0,3,0,94.3659420289855,1.3840579710144993
7941-RCJOW,1,0,0,0,65,1,1,19.55,1218.65,0,0,0,0,1,1,0,1,0,1,0,1,0,1,0,1,0,0,1,1,0,0,0,0,18.74846153846154,0.8015384615384598
6374-NTQLP,1,1,1,1,72,1,1,104.1,7447.7,0,0,0,1,0,0,1,0,0,0,1,0,1,0,1,0,1,0,1,1,0,0,5,0,103.44027777777778,0.6597222222222143
4154-AQUGT,1,1,1,0,13,1,1,89.05,1169.35,1,0,0,1,0,0,0,0,1,0,0,0,1,0,0,0,1,0,0,0,0,0,3,0,89.94999999999999,-0.8999999999999915
2387-KDZQY,1,0,0,0,17,1,1,20.1,279.5,0,0,0,0,1,1,0,1,0,1,0,1,0,1,0,1,0,1,0,0,0,1,0,0,16.441176470588236,3.658823529411766
3584-WKTTW,1,0,1,0,51,1,1,111.55,5720.35,0,0,1,1,0,0,1,0,0,0,1,0,1,0,1,0,1,1,0,0,1,0,5,0,112.16372549019609,-0.6137254901960887
3399-BMLVW,1,0,1,1,51,1,0,60.5,3121.45,0,0,0,0,0,0,1,0,1,0,0,0,1,0,0,0,0,0,1,1,0,0,3,0,61.20490196078431,-0.7049019607843121
1971-DTCZB,0,0,1,0,72,1,1,90.95,6468.6,0,0,1,0,0,0,1,0,1,0,1,0,1,0,1,0,1,0,1,0,0,0,6,0,89.84166666666667,1.1083333333333343
3092-IGHWF,1,0,1,1,67,1,0,87.4,5918.8,1,0,1,1,0,0,0,0,1,0,1,0,0,0,0,0,0,1,0,0,1,0,2,0,88.34029850746269,-0.9402985074626855
3374-PZLXD,1,0,0,0,34,1,0,19.7,675.6,0,0,0,0,1,1,0,1,0,1,0,1,0,1,0,1,0,0,0,0,0,1,0,0,19.870588235294118,-0.17058823529411882
3813-DHBBB,1,0,1,0,67,0,1,50.95,3521.7,0,1,0,0,0,0,1,0,1,0,0,0,1,0,0,0,1,0,1,0,0,0,4,0,52.56268656716418,-1.6126865671641752
2812-REYAT,0,0,1,0,49,1,1,20.05,923.1,0,0,0,0,1,1,0,1,0,1,0,1,0,1,0,1,0,1,0,0,0,0,0,0,18.838775510204083,1.2112244897959172
6518-PPLMZ,1,0,1,1,53,1,1,19.4,1110.35,0,0,0,0,1,1,0,1,0,1,0,1,0,1,0,1,0,0,1,0,0,1,0,0,20.95,-1.5500000000000007
4939-KYYPY,1,0,0,0,27,1,0,59.45,1611.65,0,0,1,0,0,0,0,0,0,0,1,0,1,0,0,0,0,0,0,0,1,0,2,0,59.69074074074074,-0.24074074074074048
8017-LXHFA,0,1,0,0,23,1,1,94.75,2293.6,1,0,0,1,0,0,0,0,1,0,0,0,0,0,1,0,1,0,0,0,1,0,3,0,99.72173913043478,-4.971739130434784
5930-GBIWP,1,0,0,0,69,1,1,81.5,5553.25,0,0,1,0,0,0,1,0,1,0,1,0,1,0,0,0,1,0,1,1,0,0,5,0,80.48188405797102,1.0181159420289845
6022-KOUQO,0,0,1,1,2,0,0,29.05,44.75,0,1,0,0,0,0,0,0,0,0,0,0,1,0,0,0,0,0,0,0,0,0,1,1,22.375,6.675000000000001
6352-TWCAU,0,0,0,0,35,1,1,86.45,3029.1,1,0,1,1,0,0,0,0,0,0,0,0,0,0,1,0,0,0,0,0,1,0,1,0,86.54571428571428,-0.09571428571427987
2361-UPSND,0,0,1,0,46,1,0,70.6,3231.05,0,0,0,0,0,0,1,0,1,0,0,0,1,0,0,0,1,1,0,0,0,1,4,0,70.24021739130436,0.35978260869563883
6035-RIIOM,0,0,0,0,54,1,1,97.2,5129.45,0,0,1,1,0,0,0,0,1,0,0,0,0,0,1,0,1,0,1,0,0,0,3,0,94.9898148148148,2.210185185185196
2929-QNSRW,0,0,1,0,56,1,1,98.25,5508.35,1,0,1,1,0,0,0,0,1,0,0,0,0,0,1,0,1,1,0,0,1,0,3,0,98.36339285714287,-0.11339285714286973
1262-OPMFY,0,0,1,0,9,1,1,75.75,655.9,1,0,0,1,0,0,0,0,0,0,1,0,0,0,0,0,0,0,0,0,0,0,1,1,72.87777777777778,2.87222222222222
9504-DSHWM,1,0,0,0,20,1,0,59.2,1191.2,0,0,1,0,0,0,1,0,0,0,0,0,1,0,0,0,0,0,0,0,0,0,2,0,59.56,-0.35999999999999943
5035-BVCXS,1,0,0,0,11,1,1,75.9,866.4,0,0,0,1,0,0,0,0,1,0,0,0,0,0,0,0,0,0,0,0,0,1,1,1,78.76363636363637,-2.8636363636363598
6267-DCFFZ,0,1,1,0,30,1,1,90.05,2627.2,0,0,1,1,0,0,0,0,1,0,0,0,0,0,1,0,0,0,0,0,1,0,2,0,87.57333333333332,2.4766666666666737
3533-UVMOM,1,0,1,0,68,1,0,70.95,4741.45,0,0,0,0,0,0,1,0,1,0,1,0,0,0,0,0,1,0,1,0,0,0,4,0,69.72720588235293,1.2227941176470694
2439-LYPMQ,1,1,1,0,38,1,1,102.6,4009.2,0,0,1,1,0,0,0,0,1,0,1,0,0,0,1,0,1,0,0,0,1,0,4,0,105.50526315789473,-2.905263157894737
4248-QPAVC,0,1,1,0,17,1,1,85.35,1463.45,1,0,1,1,0,0,1,0,0,0,1,0,0,0,0,0,0,0,0,0,0,0,2,0,86.08529411764707,-0.7352941176470722
1899-VXWXM,1,0,0,0,48,1,1,106.1,5082.8,1,0,1,1,0,0,0,0,1,0,1,0,0,0,1,0,1,1,0,1,0,0,4,0,105.89166666666667,0.2083333333333286
1478-VPOAD,0,0,0,0,1,1,0,43.8,43.8,0,0,0,0,0,0,0,0,0,0,0,0,0,0,0,0,0,0,0,0,1,0,0,1,43.8,0.0
9995-HOTOH,1,0,1,1,63,0,0,59.0,3707.6,0,1,0,0,0,0,1,0,1,0,1,0,0,0,1,0,1,0,1,0,1,0,5,0,58.85079365079365,0.14920634920635223
2988-PLAHS,0,0,0,0,3,1,1,69.95,220.45,0,0,0,0,0,0,0,0,0,0,1,0,0,0,1,0,1,1,0,0,1,0,3,1,73.48333333333333,-3.5333333333333314
1371-OJCEK,0,0,0,0,48,1,0,24.35,1133.7,0,0,1,0,1,1,0,1,0,1,0,1,0,1,0,1,0,1,0,0,0,0,0,0,23.618750000000002,0.7312499999999993
4999-IEZLT,1,0,0,0,66,0,0,29.45,1983.15,0,1,0,0,0,0,0,0,0,0,0,0,1,0,0,0,0,1,0,1,0,0,1,0,30.047727272727276,-0.5977272727272762
8883-ANODQ,0,0,1,1,68,1,1,84.4,5746.75,0,0,1,1,0,0,0,0,1,0,1,0,0,0,0,0,0,0,1,1,0,0,2,0,84.51102941176471,-0.11102941176470438
4690-LLKUA,1,1,0,0,17,1,1,45.05,770.6,1,0,0,0,0,0,0,0,0,0,0,0,0,0,0,0,0,0,0,0,1,0,0,0,45.32941176470588,-0.279411764705884
2351-RRBUE,0,0,1,1,7,1,0,20.65,134.05,0,0,0,0,1,1,0,1,0,1,0,1,0,1,0,1,0,1,0,0,0,1,0,1,19.150000000000002,1.4999999999999964
5980-BDHPY,1,0,1,0,72,1,1,87.1,6230.1,0,0,1,0,0,0,1,0,1,0,1,0,1,0,1,0,1,0,1,0,0,0,6,0,86.52916666666667,0.5708333333333258
1498-DQNRX,0,0,1,0,29,1,0,19.85,573.05,0,0,0,0,1,1,0,1,0,1,0,1,0,1,0,1,0,0,0,0,0,1,0,0,19.760344827586206,0.08965517241379573
9469-WEJBT,1,0,1,0,37,1,1,90.35,3419.3,0,0,0,1,0,0,0,0,0,0,1,0,1,0,0,0,1,0,0,0,1,0,3,0,92.41351351351352,-2.063513513513527
3331-HQDTW,0,0,0,0,34,1,1,109.8,3587.25,1,0,1,1,0,0,1,0,1,0,1,0,0,0,1,0,1,0,0,0,0,1,5,0,105.50735294117646,4.292647058823533
9490-DFPMD,0,1,0,0,42,1,1,84.65,3541.35,1,0,1,1,0,0,0,0,0,0,0,0,0,0,1,0,0,0,0,0,1,0,1,0,84.31785714285714,0.33214285714286973
2581-VKIRT,0,0,1,1,59,1,0,65.5,3801.3,0,0,1,0,0,0,1,0,1,0,0,0,1,0,0,0,0,1,0,0,0,1,3,0,64.42881355932204,1.0711864406779625
5442-XSDCW,1,0,1,1,11,1,1,79.5,868.5,1,0,0,1,0,0,0,0,0,0,0,0,0,0,1,0,0,0,0,0,0,0,1,1,78.95454545454545,0.5454545454545467
7426-WEIJX,1,1,1,1,60,1,1,80.95,4859.1,0,0,1,1,0,0,1,0,0,0,0,0,0,0,0,0,0,0,0,0,1,0,1,0,80.985,-0.03499999999999659
2851-MMUTZ,0,0,0,0,27,1,1,56.15,1439.35,0,0,0,0,0,0,0,0,1,0,0,0,1,0,0,0,0,0,0,0,0,1,2,0,53.30925925925926,2.840740740740742
3049-NDXFL,0,0,0,0,1,1,0,85.8,85.8,1,0,1,1,0,0,0,0,0,0,0,0,0,0,0,0,1,0,0,0,0,1,1,1,85.8,0.0
8580-AECUZ,1,1,0,0,1,1,1,79.1,79.1,1,0,0,1,0,0,0,0,0,0,0,0,0,0,1,0,0,0,0,0,1,0,1,1,79.1,0.0
3307-TLCUD,1,0,1,0,17,0,0,34.4,592.75,0,1,0,0,0,0,1,0,0,0,1,0,0,0,0,0,0,0,0,0,0,1,2,0,34.86764705882353,-0.4676470588235304
6625-FLENO,1,0,1,0,58,1,0,20.75,1185.95,0,0,0,0,1,1,0,1,0,1,0,1,0,1,0,1,0,0,1,0,0,1,0,0,20.44741379310345,0.30258620689654947
2967-MXRAV,1,0,1,1,1,1,0,18.8,18.8,0,0,0,0,1,1,0,1,0,1,0,1,0,1,0,1,0,1,0,0,0,1,0,1,18.8,0.0
7963-GQRMY,0,0,1,1,3,1,0,44.3,134.5,1,0,0,0,0,0,0,0,0,0,0,0,0,0,0,0,0,0,0,0,0,1,0,1,44.833333333333336,-0.5333333333333385
8189-HBVRW,0,0,0,0,53,1,0,90.8,4921.2,0,0,1,1,0,0,1,0,1,0,1,0,0,0,0,0,0,0,0,0,1,0,3,0,92.85283018867923,-2.0528301886792377
4163-KIUHY,1,0,0,0,35,1,1,25.6,901.25,0,0,1,0,1,1,0,1,0,1,0,1,0,1,0,1,0,0,0,0,1,0,0,0,25.75,-0.14999999999999858
1228-FZFRV,1,0,1,1,50,1,0,105.95,5341.8,1,0,1,1,0,0,1,0,0,0,1,0,0,0,1,0,1,0,0,1,0,0,4,0,106.836,-0.8859999999999957
3500-NSDOA,1,0,1,1,68,1,0,70.8,4859.95,0,0,1,0,0,0,0,0,1,0,0,0,1,0,0,0,1,0,1,1,0,0,3,0,71.46985294117647,-0.6698529411764724
1171-TYKUR,1,0,1,0,47,1,0,25.4,1139.2,0,0,1,0,1,1,0,1,0,1,0,1,0,1,0,1,0,0,0,0,1,0,0,0,24.238297872340425,1.1617021276595736
3761-FLYZI,0,1,1,0,65,1,1,108.8,7082.45,0,0,1,1,0,0,0,0,1,0,1,0,0,0,1,0,1,0,0,0,0,0,4,0,108.96076923076923,-0.16076923076923322
2058-DCJBE,1,0,0,0,5,1,1,69.75,324.6,1,0,0,1,0,0,0,0,0,0,0,0,0,0,0,0,0,0,0,0,1,0,0,1,64.92,4.829999999999998
5364-XYIRR,1,0,1,0,51,1,1,94.65,4812.75,1,0,1,1,0,0,0,0,0,0,0,0,0,0,1,0,1,0,0,0,1,0,2,0,94.36764705882354,0.2823529411764696
4829-AUOAX,0,0,0,0,46,1,0,96.05,4399.5,1,0,1,1,0,0,0,0,0,0,0,0,0,0,1,0,1,0,0,0,0,0,2,0,95.6413043478261,0.408695652173904
1219-NNDDO,0,0,0,0,9,1,1,76.85,663.55,0,0,1,1,0,0,0,0,0,0,0,0,0,0,0,0,0,0,0,0,1,0,0,1,73.72777777777777,3.12222222222222
8388-DMKAE,0,0,0,0,8,1,0,20.25,174.65,0,0,0,0,1,1,0,1,0,1,0,1,0,1,0,1,0,0,1,0,0,1,0,1,21.83125,-1.5812500000000007
4403-BWPAY,1,0,0,0,14,1,1,24.8,321.7,0,0,1,0,1,1,0,1,0,1,0,1,0,1,0,1,0,1,0,1,0,0,0,0,22.978571428571428,1.821428571428573
9659-QEQSY,0,0,0,0,45,1,1,115.65,5125.5,0,0,1,1,0,0,1,0,1,0,1,0,1,0,1,0,1,0,0,0,1,0,6,0,113.9,1.75
5405-ZMYXQ,0,0,0,0,8,1,1,74.6,548.9,0,0,1,1,0,0,0,0,0,0,0,0,0,0,0,0,0,0,0,1,0,0,0,1,68.6125,5.987499999999997
5047-LHVLY,1,1,0,1,1,1,1,50.15,50.15,1,0,0,0,0,0,0,0,0,0,1,0,0,0,0,0,0,0,0,0,0,1,1,1,50.15,0.0
1442-OKRJE,1,0,1,1,66,1,1,103.15,7031.3,0,0,0,1,0,0,1,0,1,0,1,0,0,0,1,0,1,1,0,0,0,0,5,0,106.53484848484848,-3.384848484848476
4737-AQCPU,1,0,1,1,72,1,0,72.1,5016.65,0,0,1,0,0,0,1,0,1,0,1,0,1,0,0,0,0,0,1,1,0,0,4,0,69.67569444444445,2.4243055555555486
9158-VCTQB,0,0,1,0,41,1,1,113.6,4594.95,1,0,1,1,0,0,1,0,1,0,1,0,1,0,1,0,1,0,0,0,0,0,6,0,112.07195121951219,1.5280487804878078
2808-CHTDM,0,0,1,1,23,1,0,25.1,611.45,0,0,1,0,1,1,0,1,0,1,0,1,0,1,0,1,0,0,1,0,0,1,0,0,26.584782608695654,-1.484782608695653
6311-UEUME,0,0,0,0,29,1,1,78.9,2384.15,1,0,0,1,0,0,0,0,0,0,0,0,0,0,1,0,0,0,0,0,1,0,1,0,82.21206896551725,-3.3120689655172413
0793-TWELN,0,0,0,0,4,1,1,80.15,319.85,0,0,1,1,0,0,1,0,0,0,0,0,0,0,0,0,0,0,0,0,1,0,1,1,79.9625,0.1875
3283-WCWXT,1,0,1,1,6,1,0,25.4,153.3,0,0,1,0,1,1,0,1,0,1,0,1,0,1,0,1,0,0,1,0,0,1,0,1,25.55,-0.15000000000000213
1060-ENTOF,0,1,1,0,67,1,1,105.4,7035.6,0,0,1,1,0,0,1,0,1,0,1,0,1,0,0,0,1,1,0,1,0,0,5,0,105.0089552238806,0.3910447761194007
0999-QXNSA,1,1,0,1,7,1,1,45.75,344.2,0,0,0,0,0,0,0,0,0,0,0,0,0,0,0,0,0,0,0,0,0,1,0,1,49.17142857142857,-3.421428571428571
5451-MHQOF,1,0,1,1,56,1,1,24.45,1431.65,0,0,1,0,1,1,0,1,0,1,0,1,0,1,0,1,0,1,0,0,0,1,0,0,25.56517857142857,-1.1151785714285722
4836-WNFNO,0,0,1,0,72,1,0,25.0,1849.2,0,0,1,0,1,1,0,1,0,1,0,1,0,1,0,1,0,0,1,1,0,0,0,0,25.683333333333334,-0.6833333333333336
9225-BZLNZ,1,0,1,0,72,1,1,85.25,6083.1,0,0,1,0,0,0,1,0,1,0,1,0,0,0,1,0,1,0,1,0,1,0,5,0,84.48750000000001,0.7624999999999886
0354-VXMJC,1,0,1,1,23,1,0,19.6,426.65,0,0,0,0,1,1,0,1,0,1,0,1,0,1,0,1,0,0,1,1,0,0,0,0,18.55,1.0500000000000007
4422-QVIJA,0,0,0,1,35,1,0,50.15,1655.35,0,0,1,0,0,0,0,0,0,0,0,0,0,0,0,0,0,0,0,0,0,1,0,0,47.29571428571428,2.854285714285716
9365-SRSZE,1,1,1,0,27,1,1,70.55,1943.9,0,0,0,1,0,0,0,0,0,0,0,0,0,0,0,0,0,0,0,0,1,0,0,0,71.9962962962963,-1.4462962962962962
6839-ITVZJ,0,0,1,1,26,1,1,60.05,1616.15,1,0,1,0,0,0,0,0,1,0,0,0,1,0,0,0,0,0,0,0,1,0,2,0,62.159615384615385,-2.1096153846153882
8332-OSJDW,1,0,1,1,12,1,0,26.4,314.95,0,0,1,0,1,1,0,1,0,1,0,1,0,1,0,1,0,1,0,0,0,1,0,1,26.245833333333334,0.154166666666665
4735-BJKOU,0,0,0,0,40,1,0,20.15,804.85,0,0,0,0,1,1,0,1,0,1,0,1,0,1,0,1,0,0,1,0,0,1,0,0,20.12125,0.02874999999999872
0274-JKUJR,1,0,1,1,7,0,0,58.85,465.7,0,1,0,0,0,0,1,0,1,0,1,0,0,0,1,0,1,0,0,0,0,1,5,1,66.52857142857142,-7.6785714285714235
5740-YHGTW,1,0,1,1,70,1,1,97.55,6669.05,0,0,1,1,0,0,1,0,1,0,0,0,0,0,1,0,0,0,0,1,0,0,3,0,95.27214285714285,2.277857142857144
8917-SZTTJ,1,0,1,1,60,1,0,19.65,1161.75,0,0,0,0,1,1,0,1,0,1,0,1,0,1,0,1,0,0,1,1,0,0,0,0,19.3625,0.28749999999999787
1696-MZVAU,1,0,1,1,39,0,1,25.25,947.75,0,1,0,0,0,0,0,0,0,0,0,0,0,0,0,0,0,1,0,1,0,0,0,0,24.30128205128205,0.9487179487179489
7359-WWYJV,1,0,1,0,72,1,0,114.45,8375.05,0,0,1,1,0,0,1,0,1,0,1,0,1,0,1,0,1,0,1,1,0,0,6,0,116.32013888888888,-1.8701388888888744
0375-HVGXO,0,0,0,0,1,0,1,34.7,34.7,1,1,0,0,0,0,0,0,0,0,0,0,0,0,1,0,0,0,0,0,1,0,1,1,34.7,0.0
4906-ZHGPK,1,0,1,1,54,1,1,70.7,3770.0,0,0,1,0,0,0,0,0,1,0,0,0,1,0,1,0,0,1,0,0,1,0,3,0,69.81481481481481,0.8851851851851933
8593-WHYHV,1,0,0,0,3,1,1,85.3,264.8,1,0,1,1,0,0,0,0,0,0,0,0,0,0,0,0,1,0,0,0,1,0,1,1,88.26666666666667,-2.9666666666666686
3795-GWTRD,0,0,1,1,63,1,0,75.55,4707.85,0,0,0,0,0,0,1,0,1,0,1,0,1,0,1,0,0,0,1,1,0,0,5,0,74.72777777777779,0.8222222222222086
1298-PHBTI,1,0,1,1,71,1,1,84.8,6152.4,0,0,1,1,0,0,0,0,1,0,0,0,1,0,0,0,0,0,1,0,1,0,2,0,86.65352112676055,-1.8535211267605547
6223-DHJGV,0,0,0,0,42,1,1,20.65,958.1,0,0,0,0,1,1,0,1,0,1,0,1,0,1,0,1,0,1,0,0,0,1,0,0,22.811904761904763,-2.161904761904765
6961-MJKBO,1,0,0,0,47,1,0,20.45,943.0,0,0,0,0,1,1,0,1,0,1,0,1,0,1,0,1,0,0,1,0,0,0,0,0,20.06382978723404,0.38617021276595764
6097-EQISJ,0,0,1,1,66,1,1,102.45,6615.15,1,0,1,1,0,0,0,0,1,0,1,0,0,0,1,0,1,1,0,1,0,0,4,0,100.22954545454544,2.220454545454558
4423-YLHDV,0,0,1,0,21,1,1,104.4,2200.25,1,0,1,1,0,0,1,0,0,0,1,0,0,0,1,0,1,0,0,0,0,0,4,0,104.77380952380952,-0.3738095238095127
8158-WPEZG,1,0,0,0,11,0,1,35.65,425.1,0,1,0,0,0,0,0,0,1,0,0,0,1,0,0,0,0,0,0,0,1,0,2,1,38.64545454545455,-2.9954545454545496
0107-YHINA,1,0,0,1,1,1,1,99.75,99.75,1,0,1,1,0,0,0,0,0,0,1,0,0,0,1,0,1,0,0,0,1,0,3,1,99.75,0.0
4918-FYJNT,0,1,1,0,55,1,0,90.45,5044.8,0,0,1,1,0,0,0,0,1,0,1,0,1,0,0,0,0,0,0,0,1,0,3,0,91.72363636363637,-1.2736363636363706
0727-BNRLG,1,0,0,0,69,1,1,97.65,6743.55,0,0,1,1,0,0,0,0,1,0,1,0,1,0,1,0,0,0,1,1,0,0,4,0,97.73260869565217,-0.08260869565216922
4854-CIDCF,0,1,0,0,3,1,0,73.85,196.4,0,0,0,1,0,0,0,0,0,0,1,0,0,0,0,0,0,0,0,0,1,0,1,1,65.46666666666667,8.383333333333326
8640-SDGKB,1,0,0,0,4,1,1,74.4,299.7,1,0,0,0,0,0,0,0,0,0,1,0,1,0,1,0,1,0,0,0,1,0,4,1,74.925,-0.5249999999999915
3280-MRDOF,1,1,0,0,30,1,1,69.1,2093.9,0,0,1,0,0,0,0,0,0,0,1,0,1,0,1,0,0,0,1,1,0,0,3,0,69.79666666666667,-0.6966666666666725
6435-SRWBJ,0,0,0,0,5,1,1,82.75,417.75,0,0,1,1,0,0,0,0,0,0,1,0,1,0,0,0,0,0,0,0,1,0,2,1,83.55,-0.7999999999999972
9964-WBQDJ,0,0,1,0,71,1,1,24.4,1725.4,0,0,1,0,1,1,0,1,0,1,0,1,0,1,0,1,0,0,1,1,0,0,0,0,24.301408450704226,0.0985915492957723
6303-KFWSL,0,0,0,0,29,1,1,55.25,1620.2,0,0,1,0,0,0,0,0,1,0,0,0,0,0,0,0,0,1,0,0,1,0,1,0,55.86896551724138,-0.6189655172413779
1702-CCFNJ,1,0,1,0,52,1,0,61.35,3169.55,0,0,1,0,0,0,0,0,1,0,0,0,1,0,0,0,0,0,0,0,0,0,2,0,60.95288461538462,0.39711538461538254
8932-CZHRQ,1,0,0,0,68,1,0,76.75,5233.25,0,0,1,0,0,0,1,0,1,0,1,0,0,0,0,0,1,1,0,1,0,0,4,0,76.9595588235294,-0.2095588235294059
0386-CWRGM,0,0,1,1,46,1,0,19.4,967.85,0,0,0,0,1,1,0,1,0,1,0,1,0,1,0,1,0,0,1,0,0,1,0,0,21.04021739130435,-1.6402173913043505
5515-RUGKN,1,0,0,0,8,1,1,54.75,438.05,0,0,0,0,0,0,0,0,0,0,0,0,0,0,0,0,1,0,0,1,0,0,1,1,54.75625,-0.006250000000001421
0404-AHASP,1,0,1,0,72,1,0,19.7,1421.9,0,0,0,0,1,1,0,1,0,1,0,1,0,1,0,1,0,0,1,1,0,0,0,0,19.748611111111114,-0.04861111111111427
7279-NMVJC,0,0,0,0,17,1,0,19.9,323.15,0,0,0,0,1,1,0,1,0,1,0,1,0,1,0,1,0,1,0,0,0,0,0,0,19.008823529411764,0.8911764705882348
2081-VEYEH,1,0,0,0,3,1,1,107.95,318.6,0,0,0,1,0,0,0,0,1,0,1,0,1,0,1,0,1,0,0,0,1,0,5,1,106.2,1.75
6407-UTSLV,0,1,0,0,2,1,1,83.8,163.7,0,0,0,1,0,0,0,0,1,0,0,0,0,0,1,0,0,0,0,0,0,0,2,1,81.85,1.9500000000000028
4116-TZAQJ,0,0,0,0,9,1,1,74.25,639.65,1,0,0,1,0,0,1,0,0,0,0,0,0,0,0,0,0,0,0,1,0,0,1,1,71.07222222222222,3.177777777777777
9060-HJJRW,0,0,0,0,51,0,1,56.4,2928.5,0,1,0,0,0,0,0,0,1,0,1,0,0,0,1,0,1,1,0,1,0,0,4,0,57.42156862745098,-1.021568627450982
2587-YNLES,0,0,1,1,6,1,0,20.1,100.35,0,0,0,0,1,1,0,1,0,1,0,1,0,1,0,1,0,0,1,0,0,1,0,1,16.724999999999998,3.3750000000000036
7398-SKNQZ,0,0,1,0,3,1,0,94.9,273.2,0,0,1,1,0,0,0,0,0,0,0,0,0,0,1,0,1,0,0,0,1,0,2,1,91.06666666666666,3.833333333333343
5935-FCCNB,0,1,0,0,17,1,1,94.2,1608.15,0,0,1,1,0,0,0,0,0,0,0,0,0,0,1,0,1,0,0,0,1,0,2,0,94.59705882352942,-0.3970588235294201
1958-RNRKS,1,0,1,0,30,1,0,49.9,1441.95,0,0,1,0,0,0,0,0,0,0,0,0,0,0,0,0,0,0,0,0,1,0,0,0,48.065000000000005,1.8349999999999937
5136-RGMZO,1,0,0,0,31,1,1,71.05,2168.15,0,0,1,0,0,0,0,0,1,0,0,0,1,0,1,0,0,0,0,0,1,0,3,0,69.94032258064516,1.1096774193548384
8345-MVDYC,0,0,0,0,45,1,0,81.65,3618.7,0,0,0,0,0,0,1,0,0,0,1,0,1,0,1,0,1,0,1,0,0,0,5,0,80.41555555555556,1.2344444444444491
8226-BXGES,1,0,1,0,64,1,0,89.45,5692.65,0,0,1,1,0,0,1,0,1,0,1,0,0,0,0,0,0,1,0,0,0,0,3,0,88.94765625,0.5023437500000085
3877-JRJIP,1,0,0,0,1,1,1,59.85,59.85,1,0,1,0,0,0,0,0,0,0,0,0,0,0,1,0,0,0,0,0,1,0,1,1,59.85,0.0
8375-DKEBR,0,1,0,0,1,1,1,69.6,69.6,1,0,0,1,0,0,0,0,0,0,0,0,0,0,0,0,0,0,0,0,1,0,0,1,69.6,0.0
9705-IOVQQ,1,1,1,1,61,1,0,99.0,5969.3,0,0,1,1,0,0,0,0,1,0,0,0,0,0,1,0,1,1,0,0,1,0,3,0,97.85737704918033,1.1426229508196712
1015-OWJKI,1,0,0,0,1,1,0,19.05,19.05,0,0,0,0,1,1,0,1,0,1,0,1,0,1,0,1,0,0,0,0,0,1,0,1,19.05,0.0
7511-YMXVQ,1,0,0,0,9,0,1,45.4,418.8,1,1,0,0,0,0,0,0,0,0,0,0,0,0,1,0,1,0,0,0,1,0,2,1,46.53333333333333,-1.1333333333333329
2040-XBAVJ,1,0,1,1,72,1,0,114.45,8100.55,0,0,1,1,0,0,1,0,1,0,1,0,1,0,1,0,1,0,1,0,0,0,6,0,112.50763888888889,1.9423611111111114
7551-JOHTI,0,0,0,0,1,1,0,19.5,19.5,1,0,0,0,1,1,0,1,0,1,0,1,0,1,0,1,0,0,0,0,0,1,0,1,19.5,0.0
8887-IPQNC,0,0,1,0,7,1,1,44.25,313.45,0,0,0,0,0,0,0,0,0,0,0,0,0,0,0,0,0,0,0,0,0,1,0,1,44.778571428571425,-0.5285714285714249
8646-JCOMS,0,0,1,0,66,1,1,90.55,6130.95,0,0,1,1,0,0,0,0,1,0,1,0,1,0,0,0,0,1,0,0,0,0,3,0,92.89318181818182,-2.3431818181818187
9804-ICWBG,1,0,0,0,1,1,1,69.9,69.9,1,0,0,1,0,0,0,0,0,0,0,0,0,0,0,0,0,0,0,0,1,0,0,1,69.9,0.0
1222-KJNZD,1,0,1,1,40,1,1,20.4,745.3,0,0,0,0,1,1,0,1,0,1,0,1,0,1,0,1,0,0,0,0,0,0,0,0,18.6325,1.7674999999999983
0106-GHRQR,1,0,0,0,16,1,1,71.4,1212.1,0,0,1,0,0,0,0,0,1,0,1,0,0,0,0,0,1,0,0,0,0,0,3,0,75.75625,-4.356249999999989
5318-IXUZF,0,0,0,0,2,1,1,87.15,183.75,1,0,0,1,0,0,0,0,1,0,0,0,0,0,1,0,0,0,0,0,0,0,2,1,91.875,-4.724999999999994
3768-VHXQO,1,0,1,0,67,1,0,24.85,1583.5,0,0,1,0,1,1,0,1,0,1,0,1,0,1,0,1,0,0,1,1,0,0,0,0,23.634328358208954,1.2156716417910474
8952-WCVCD,0,0,1,0,41,1,1,104.45,4162.05,0,0,0,1,0,0,1,0,1,0,1,0,0,0,1,0,1,1,0,0,0,0,5,0,101.51341463414634,2.9365853658536594
2418-TPEUN,0,0,1,1,56,1,1,19.8,1119.9,0,0,0,0,1,1,0,1,0,1,0,1,0,1,0,1,0,0,1,1,0,0,0,0,19.998214285714287,-0.19821428571428612
3963-RYFNS,0,0,0,0,72,1,1,116.45,8013.55,0,0,1,1,0,0,1,0,1,0,1,0,1,0,1,0,1,0,1,0,0,0,6,0,111.29930555555556,5.15069444444444
3198-VELRD,0,0,1,1,3,1,1,84.75,264.85,1,0,1,1,0,0,0,0,0,0,0,0,0,0,0,0,1,0,0,0,0,0,1,1,88.28333333333335,-3.5333333333333456
8540-ZQGEA,0,0,1,0,54,1,0,20.05,1102.4,0,0,0,0,1,1,0,1,0,1,0,1,0,1,0,1,0,0,1,1,0,0,0,0,20.414814814814818,-0.36481481481481737
1320-REHCS,1,1,0,0,52,1,1,110.75,5832.0,0,0,1,1,0,0,0,0,1,0,1,0,1,0,1,0,1,0,0,0,1,0,5,0,112.15384615384616,-1.4038461538461604
4137-JOPHL,0,0,0,0,50,1,1,89.7,4304.5,0,0,0,1,0,0,0,0,0,0,1,0,1,0,0,0,1,0,1,0,0,0,3,0,86.09,3.6099999999999994
9436-ZBZCT,1,0,0,0,14,1,1,89.95,1178.4,1,0,1,1,0,0,0,0,0,0,0,0,1,0,1,0,0,0,0,0,1,0,2,0,84.17142857142858,5.778571428571425
7801-CEDNV,1,0,1,0,27,1,0,48.7,1421.75,0,0,0,0,0,0,1,0,0,0,0,0,0,0,0,0,0,1,0,1,0,0,1,0,52.657407407407405,-3.957407407407402
2057-BOYKM,0,1,1,0,72,1,1,96.6,6827.5,0,0,1,1,0,0,1,0,1,0,1,0,1,0,0,0,0,0,1,0,0,0,4,0,94.82638888888889,1.7736111111111086
3658-QQJYD,1,0,0,0,62,1,1,74.3,4698.05,0,0,0,0,0,0,1,0,1,0,0,0,0,0,1,0,1,1,0,1,0,0,4,0,75.775,-1.4750000000000085
1803-BGNBD,0,0,0,0,12,1,1,54.3,654.5,0,0,0,0,0,0,0,0,1,0,0,0,1,0,0,0,0,0,0,0,1,0,2,1,54.541666666666664,-0.24166666666666714
0134-XWXCE,0,1,0,0,44,1,0,74.85,3268.05,0,0,0,0,0,0,0,0,0,0,1,0,1,0,1,0,1,1,0,0,0,0,4,0,74.27386363636364,0.5761363636363512
6950-TWMYB,1,0,1,1,54,1,1,79.95,4362.05,0,0,0,1,0,0,0,0,1,0,0,0,1,0,0,0,0,0,1,0,0,0,2,0,80.77870370370371,-0.8287037037037095
5848-FHRFC,0,0,0,0,68,1,0,20.05,1386.9,0,0,0,0,1,1,0,1,0,1,0,1,0,1,0,1,0,0,1,0,0,0,0,0,20.39558823529412,-0.34558823529411953
2243-FNMMI,1,0,0,0,20,1,0,19.4,415.4,0,0,0,0,1,1,0,1,0,1,0,1,0,1,0,1,0,0,0,0,0,1,0,0,20.77,-1.370000000000001
2511-MORQY,1,0,1,1,50,1,0,54.9,2614.1,0,0,1,0,0,0,0,0,0,0,1,0,0,0,0,0,0,1,0,0,0,0,1,0,52.282,2.618000000000002
5356-KZCKT,1,0,0,0,58,1,1,24.45,1513.6,0,0,1,0,1,1,0,1,0,1,0,1,0,1,0,1,0,0,1,1,0,0,0,0,26.096551724137928,-1.6465517241379288
9470-XCCEM,1,0,1,1,35,1,1,89.65,3161.6,0,0,1,1,0,0,0,0,1,0,0,0,0,0,1,0,0,0,0,0,0,0,2,0,90.33142857142857,-0.6814285714285688
6519-CFDBX,0,0,0,0,2,1,1,45.4,80.95,0,0,0,0,0,0,0,0,0,0,0,0,0,0,0,0,0,0,0,0,1,0,0,1,40.475,4.924999999999997
3902-MIVLE,1,0,1,1,63,1,0,75.7,4676.7,0,0,1,0,0,0,1,0,0,0,1,0,1,0,0,0,1,0,1,0,0,1,4,0,74.23333333333333,1.4666666666666686
0409-WTMPL,0,0,1,0,58,1,1,110.65,6526.65,0,0,1,1,0,0,1,0,1,0,1,0,0,0,1,0,1,1,0,1,0,0,5,0,112.52844827586206,-1.8784482758620555
8763-KIAFH,0,0,1,1,27,1,1,20.55,583.3,0,0,0,0,1,1,0,1,0,1,0,1,0,1,0,1,0,1,0,0,0,1,0,0,21.6037037037037,-1.0537037037037003
3669-WHAFY,0,0,1,0,71,1,1,115.15,8078.1,0,0,1,1,0,0,1,0,1,0,1,0,1,0,1,0,1,0,1,1,0,0,6,0,113.77605633802817,1.3739436619718361
3055-VTCGS,0,0,0,0,63,1,0,58.55,3503.5,0,0,0,0,0,0,0,0,0,0,1,0,0,0,0,0,1,1,0,1,0,0,2,0,55.611111111111114,2.938888888888883
3144-KMTWZ,1,0,1,0,71,1,1,93.25,6669.45,0,0,1,1,0,0,0,0,1,0,1,0,0,0,0,0,1,0,0,0,0,0,3,0,93.93591549295775,-0.6859154929577471
7279-BUYWN,0,1,0,0,41,1,1,113.2,4689.5,1,0,1,1,0,0,1,0,1,0,1,0,0,0,1,0,1,0,0,0,1,0,5,0,114.3780487804878,-1.1780487804877993
7156-MHUGY,1,1,0,0,13,1,1,90.5,1201.15,1,0,0,1,0,0,0,0,0,0,0,0,0,0,1,0,1,0,0,0,1,0,2,0,92.39615384615385,-1.896153846153851
7198-GLXTC,1,0,0,0,2,1,0,79.0,143.65,1,0,0,1,0,0,0,0,0,0,0,0,0,0,1,0,0,0,0,0,1,0,1,1,71.825,7.174999999999997
2007-QVGAW,0,0,1,1,68,1,1,19.35,1292.65,0,0,0,0,1,1,0,1,0,1,0,1,0,1,0,1,0,0,1,0,0,0,0,0,19.009558823529414,0.3404411764705877
5207-PLSTK,1,0,1,1,1,1,1,48.75,48.75,0,0,0,0,0,0,1,0,0,0,0,0,0,0,0,0,0,0,0,0,0,1,1,1,48.75,0.0
2307-FYNNL,1,1,0,0,65,1,1,109.05,7108.2,0,0,1,1,0,0,1,0,0,0,1,0,1,0,1,0,1,0,1,0,1,0,5,0,109.35692307692307,-0.30692307692306997
5605-XNWEN,1,1,1,0,72,1,1,25.0,1802.55,0,0,1,0,1,1,0,1,0,1,0,1,0,1,0,1,0,0,1,0,0,0,0,0,25.035416666666666,-0.03541666666666643
2155-AMQRX,0,0,0,0,28,1,1,54.9,1505.15,0,0,1,0,0,0,0,0,0,0,0,0,1,0,0,0,0,0,0,1,0,0,1,0,53.75535714285714,1.1446428571428555
6181-AXXYF,1,0,1,1,72,1,0,24.75,1859.1,0,0,1,0,1,1,0,1,0,1,0,1,0,1,0,1,0,0,1,1,0,0,0,0,25.820833333333333,-1.0708333333333329
5091-HFAZW,0,0,0,0,2,1,1,91.15,168.5,0,0,0,1,0,0,1,0,1,0,0,0,0,0,1,0,0,0,0,0,1,0,3,1,84.25,6.900000000000006
0516-VRYBW,0,0,0,1,18,1,0,20.15,390.85,1,0,0,0,1,1,0,1,0,1,0,1,0,1,0,1,0,1,0,0,0,0,0,0,21.71388888888889,-1.56388888888889
2519-LBNQL,1,1,1,0,60,1,1,104.35,6339.45,0,0,1,1,0,0,0,0,1,0,1,0,0,0,1,0,1,1,0,0,1,0,4,0,105.6575,-1.3075000000000045
8623-ULFNQ,0,1,0,0,26,1,1,66.05,1652.4,0,0,1,0,0,0,0,0,0,0,0,0,1,0,0,0,1,0,0,0,1,0,2,0,63.55384615384616,2.496153846153838
8380-PEFPE,1,0,0,1,1,1,1,71.65,71.65,1,0,0,1,0,0,0,0,0,0,0,0,0,0,0,0,0,0,0,0,1,0,0,1,71.65,0.0
5687-DKDTV,0,0,0,0,4,1,0,20.35,77.5,1,0,0,0,1,1,0,1,0,1,0,1,0,1,0,1,0,0,0,0,0,1,0,1,19.375,0.9750000000000014
1568-LJSZU,1,0,1,1,68,1,1,92.2,6392.85,0,0,1,0,0,0,1,0,1,0,1,0,1,0,1,0,1,0,1,1,0,0,6,0,94.0125,-1.8125
7530-HDYDS,0,0,0,0,38,1,1,84.25,3264.5,1,0,0,1,0,0,0,0,1,0,1,0,1,0,0,0,0,0,0,1,0,0,3,0,85.90789473684211,-1.6578947368421098
7789-HKSBS,0,1,1,0,42,1,1,105.2,4599.15,0,0,1,1,0,0,1,0,0,0,1,0,0,0,1,0,1,1,0,0,0,0,4,0,109.50357142857142,-4.303571428571416
7416-CKTEP,0,0,1,0,57,1,1,19.6,1134.25,0,0,0,0,1,1,0,1,0,1,0,1,0,1,0,1,0,0,1,0,0,0,0,0,19.899122807017545,-0.2991228070175431
2586-CWXVV,1,0,1,0,54,0,0,30.4,1621.35,0,1,0,0,0,0,0,0,1,0,0,0,0,0,0,0,0,0,0,0,1,0,1,0,30.025,0.375
3096-IZETN,0,0,0,0,12,1,0,78.1,947.3,1,0,0,1,0,0,0,0,0,0,0,0,0,0,0,0,1,0,0,0,0,0,1,1,78.94166666666666,-0.8416666666666686
2348-KCJLT,0,0,1,0,44,1,1,61.5,2722.2,0,0,0,0,0,0,1,0,1,0,1,0,0,0,0,0,0,1,0,0,0,1,3,0,61.86818181818182,-0.3681818181818173
8401-EMUWF,1,0,1,1,42,1,1,69.4,3058.3,0,0,1,0,0,0,1,0,1,0,0,0,0,0,1,0,0,0,0,0,0,0,3,0,72.81666666666668,-3.4166666666666714
4193-IBKSW,1,0,1,1,72,1,0,24.75,1769.6,0,0,1,0,1,1,0,1,0,1,0,1,0,1,0,1,0,0,1,0,0,0,0,0,24.577777777777776,0.17222222222222427
5377-NDTOU,0,0,1,1,71,1,0,91.05,6293.75,0,0,1,0,0,0,1,0,1,0,1,0,1,0,1,0,1,0,1,0,0,1,6,0,88.6443661971831,2.4056338028168938
5922-ABDVO,0,0,1,0,19,1,0,89.65,1761.05,1,0,1,1,0,0,0,0,0,0,1,0,0,0,0,0,1,0,0,0,0,1,2,0,92.68684210526315,-3.0368421052631476
2474-LCNUE,0,0,1,0,23,1,1,73.65,1642.75,0,0,1,0,0,0,0,0,0,0,0,0,1,0,1,0,1,0,0,1,0,0,3,0,71.42391304347827,2.2260869565217405
0839-QNXME,0,0,0,0,30,1,0,19.4,578.5,0,0,0,0,1,1,0,1,0,1,0,1,0,1,0,1,0,0,1,1,0,0,0,0,19.283333333333335,0.11666666666666359
3506-OVLKD,1,0,0,0,35,1,0,26.2,954.9,0,0,1,0,1,1,0,1,0,1,0,1,0,1,0,1,0,1,0,0,0,0,0,0,27.282857142857143,-1.0828571428571436
9172-ANCRX,0,0,0,0,10,1,1,98.7,973.25,1,0,1,1,0,0,1,0,0,0,0,0,0,0,1,0,1,0,0,0,1,0,3,1,97.325,1.375
6650-VJONK,1,0,0,0,1,1,1,43.85,43.85,0,0,0,0,0,0,0,0,0,0,0,0,0,0,0,0,0,0,0,0,0,0,0,1,43.85,0.0
2178-PMGCJ,1,0,0,0,22,1,1,69.7,1490.4,0,0,0,1,0,0,0,0,0,0,0,0,0,0,0,0,0,0,0,0,0,1,0,0,67.74545454545455,1.9545454545454533
7492-TAFJD,1,0,1,1,7,0,0,38.55,280.0,0,1,0,0,0,0,1,0,1,0,1,0,0,0,0,0,0,0,1,0,0,1,3,1,40.0,-1.4500000000000028
2773-MADBQ,0,0,0,0,36,0,1,53.1,1901.25,0,1,0,0,0,0,1,0,1,0,1,0,1,0,0,0,1,0,1,0,0,1,5,0,52.8125,0.2875000000000014
6016-LVTJQ,0,0,1,1,34,1,0,20.65,716.4,0,0,0,0,1,1,0,1,0,1,0,1,0,1,0,1,0,0,0,0,0,1,0,0,21.070588235294117,-0.4205882352941188
7860-KSUGX,1,0,1,1,72,1,0,64.45,4720.0,0,0,1,0,0,0,1,0,1,0,1,0,0,0,0,0,0,0,1,1,0,0,3,0,65.55555555555556,-1.1055555555555543
8966-KZXXA,1,0,1,1,36,1,0,25.1,930.95,0,0,1,0,1,1,0,1,0,1,0,1,0,1,0,1,0,0,1,1,0,0,0,0,25.859722222222224,-0.7597222222222229
6910-HADCM,0,0,0,0,1,1,0,76.35,76.35,1,0,0,1,0,0,0,0,0,0,1,0,0,0,0,0,0,0,0,0,1,0,1,1,76.35,0.0
4816-LXZYW,0,0,0,0,23,1,1,79.15,1676.95,1,0,1,1,0,0,0,0,1,0,0,0,0,0,0,0,0,0,0,0,1,0,1,0,72.9108695652174,6.239130434782609
9606-PBKBQ,1,1,1,0,32,1,1,85.0,2642.05,1,0,1,1,0,0,0,0,0,0,0,0,0,0,0,0,1,0,0,0,1,0,1,0,82.5640625,2.4359374999999943
5149-QYTTU,0,0,1,1,71,1,1,95.15,6770.85,0,0,1,1,0,0,1,0,1,0,1,0,1,0,0,0,0,1,0,1,0,0,4,0,95.36408450704226,-0.21408450704225856
2070-XYMFH,0,1,0,0,23,1,1,79.35,1835.3,0,0,1,1,0,0,0,0,0,0,1,0,0,0,0,0,0,0,0,0,0,1,1,0,79.79565217391304,-0.44565217391304657
2085-BOJKI,1,0,1,0,17,1,1,96.65,1588.25,0,0,0,1,0,0,0,0,0,0,1,0,0,0,1,0,1,1,0,0,0,0,3,0,93.42647058823529,3.2235294117647157
0817-HSUSE,1,0,0,0,1,1,1,75.5,75.5,0,0,0,0,0,0,0,0,0,0,1,0,1,0,1,0,1,0,0,0,1,0,4,1,75.5,0.0
5442-PPTJY,1,0,1,1,12,1,0,19.7,258.35,0,0,0,0,1,1,0,1,0,1,0,1,0,1,0,1,0,0,1,0,0,1,0,1,21.52916666666667,-1.8291666666666693
1927-QEWMY,0,0,1,0,72,1,0,20.5,1502.25,0,0,0,0,1,1,0,1,0,1,0,1,0,1,0,1,0,0,1,1,0,0,0,0,20.864583333333332,-0.36458333333333215
1663-MHLHE,1,0,0,0,1,1,0,19.2,19.2,0,0,0,0,1,1,0,1,0,1,0,1,0,1,0,1,0,0,0,0,0,1,0,1,19.2,0.0
5663-QBGIS,1,1,1,0,72,1,0,98.35,6929.4,0,0,1,1,0,0,0,0,1,0,0,0,0,0,1,0,1,0,1,0,0,0,3,0,96.24166666666666,2.1083333333333343
4450-MDZFX,1,0,1,1,60,1,0,74.35,4453.3,0,0,1,1,0,0,0,0,0,0,0,0,0,0,0,0,0,0,0,0,0,0,0,0,74.22166666666666,0.1283333333333303
6701-DHKWQ,0,0,1,1,61,0,0,51.35,3244.4,0,1,0,0,0,0,0,0,1,0,1,0,1,0,1,0,0,0,1,1,0,0,4,0,53.18688524590164,-1.836885245901641
7554-AKDQF,0,0,1,0,6,1,0,45.65,323.45,0,0,0,0,0,0,0,0,0,0,0,0,0,0,0,0,0,0,0,0,0,1,0,1,53.90833333333333,-8.258333333333333
3536-IQCTX,1,1,1,0,32,1,0,85.3,2661.1,1,0,1,1,0,0,0,0,0,0,0,0,0,0,0,0,1,0,0,0,1,0,1,0,83.159375,2.140625
4911-BANWH,0,0,0,1,31,1,1,86.55,2697.4,1,0,1,1,0,0,0,0,0,0,0,0,0,0,1,0,0,0,0,1,0,0,1,0,87.01290322580645,-0.46290322580645693
8496-EJAUI,1,0,0,0,19,1,1,73.85,1424.5,1,0,0,1,0,0,0,0,1,0,0,0,0,0,0,0,0,0,0,1,0,0,1,0,74.97368421052632,-1.1236842105263207
0794-YVSGE,1,0,1,1,72,1,0,20.3,1401.15,0,0,0,0,1,1,0,1,0,1,0,1,0,1,0,1,0,0,1,0,0,0,0,0,19.460416666666667,0.8395833333333336
5423-BHIXO,0,0,0,0,32,1,1,54.2,1739.6,0,0,1,0,0,0,0,0,1,0,0,0,0,0,0,0,0,0,0,0,1,0,1,0,54.3625,-0.16249999999999432
6908-VVYHM,1,0,1,0,65,1,1,90.65,5931.0,0,0,1,1,0,0,0,0,1,0,0,0,0,0,0,0,1,0,0,0,1,0,2,0,91.24615384615385,-0.5961538461538396
2959-EEXWB,0,0,1,1,45,0,1,50.9,2333.85,0,1,0,0,0,0,1,0,0,0,0,0,0,0,1,0,1,0,0,0,0,0,3,0,51.86333333333333,-0.9633333333333312
1839-UMACK,1,0,0,0,42,1,0,25.05,949.85,0,0,1,0,1,1,0,1,0,1,0,1,0,1,0,1,0,1,0,0,1,0,0,0,22.61547619047619,2.43452380952381
3030-YDNRM,1,0,0,0,8,1,1,74.85,572.45,0,0,1,1,0,0,0,0,0,0,0,0,0,0,0,0,0,0,0,0,1,0,0,1,71.55625,3.2937499999999886
7321-KKSDU,1,0,0,1,32,1,0,20.5,696.8,0,0,0,0,1,1,0,1,0,1,0,1,0,1,0,1,0,0,1,0,0,1,0,0,21.775,-1.2749999999999986
3402-XRIUO,0,1,1,0,22,1,1,63.55,1381.8,0,0,1,0,0,0,1,0,1,0,0,0,1,0,0,0,0,0,0,0,0,1,3,0,62.809090909090905,0.7409090909090921
3132-TVFDZ,1,1,1,0,57,0,1,44.85,2572.95,1,1,0,0,0,0,0,0,0,0,0,0,0,0,1,0,1,0,0,0,1,0,2,0,45.13947368421052,-0.28947368421052033
8286-AFUYI,1,0,0,0,1,1,0,47.95,47.95,0,0,0,0,0,0,1,0,0,0,0,0,0,0,0,0,0,0,0,0,1,0,1,1,47.95,0.0
8080-DDEMJ,1,1,0,0,1,1,0,45.1,45.1,1,0,0,0,0,0,0,0,0,0,0,0,0,0,0,0,0,0,0,0,1,0,0,1,45.1,0.0
8356-WUAOJ,0,0,1,0,1,1,1,45.0,45.0,0,0,0,0,0,0,0,0,0,0,0,0,0,0,0,0,0,0,0,0,1,0,0,1,45.0,0.0
6365-MTGZX,1,0,0,0,24,1,1,96.0,2122.45,1,0,0,1,0,0,0,0,0,0,0,0,1,0,1,0,1,0,0,0,1,0,3,0,88.43541666666665,7.564583333333346
1349-WXNGG,1,0,0,0,1,1,0,20.05,20.05,1,0,0,0,1,1,0,1,0,1,0,1,0,1,0,1,0,0,0,0,0,0,0,1,20.05,0.0
8058-DMYRU,1,1,0,0,54,1,1,90.05,4931.8,0,0,1,1,0,0,0,0,1,0,0,0,0,0,0,0,1,0,0,0,1,0,2,0,91.32962962962964,-1.279629629629639
9350-ZXYJC,0,0,0,0,4,1,1,25.3,116.95,0,0,1,0,1,1,0,1,0,1,0,1,0,1,0,1,0,0,1,1,0,0,0,1,29.2375,-3.9375
6990-YNRIO,1,0,1,1,65,1,0,108.65,6937.95,1,0,1,1,0,0,1,0,0,0,1,0,1,0,1,0,1,0,1,0,0,0,5,0,106.7376923076923,1.9123076923077065
8958-JPTRR,0,0,1,0,56,1,0,24.3,1261.7,0,0,1,0,1,1,0,1,0,1,0,1,0,1,0,1,0,1,0,0,1,0,0,0,22.530357142857145,1.7696428571428555
6959-GQEGV,1,0,0,0,45,1,1,75.95,3273.8,0,0,0,0,0,0,1,0,0,0,1,0,0,0,1,0,1,0,0,0,1,0,4,0,72.75111111111111,3.198888888888888
3173-WSSUE,0,0,1,1,71,1,0,19.7,1415.85,0,0,0,0,1,1,0,1,0,1,0,1,0,1,0,1,0,0,1,1,0,0,0,0,19.941549295774646,-0.24154929577464657
1265-HVPZB,1,0,1,0,59,1,0,66.4,3958.2,0,0,0,0,0,0,1,0,1,0,1,0,0,0,1,0,0,1,0,1,0,0,4,0,67.08813559322033,-0.6881355932203235
4115-UMJFQ,1,0,0,0,69,0,1,35.75,2492.25,0,1,0,0,0,0,0,0,1,0,1,0,0,0,0,0,0,1,0,0,0,0,2,0,36.119565217391305,-0.36956521739130466
7369-TRPFD,1,0,0,0,19,1,0,18.8,279.2,0,0,0,0,1,1,0,1,0,1,0,1,0,1,0,1,0,1,0,0,0,1,0,0,14.694736842105263,4.105263157894738
1098-KFQEC,0,0,1,1,55,1,0,19.4,1083.0,0,0,0,0,1,1,0,1,0,1,0,1,0,1,0,1,0,0,1,1,0,0,0,0,19.69090909090909,-0.2909090909090928
7190-XHTWJ,0,0,0,0,38,1,0,19.3,755.5,0,0,0,0,1,1,0,1,0,1,0,1,0,1,0,1,0,1,0,0,0,1,0,0,19.88157894736842,-0.5815789473684205
0621-TWIEM,1,0,0,0,10,1,1,45.55,402.6,1,0,0,0,0,0,0,0,0,0,0,0,0,0,0,0,0,0,0,0,1,0,0,1,40.260000000000005,5.289999999999992
3537-RYBHH,0,1,1,0,47,1,1,67.45,3252.0,0,0,1,0,0,0,1,0,1,0,1,0,0,0,0,0,0,0,0,1,0,0,3,0,69.19148936170212,-1.741489361702122
2485-ITVKB,0,0,1,0,2,0,1,35.1,68.75,1,1,0,0,0,0,0,0,0,0,0,0,0,0,0,0,1,0,0,0,1,0,1,1,34.375,0.7250000000000014
3669-OYSJI,1,0,0,0,1,1,0,46.2,46.2,1,0,0,0,0,0,0,0,0,0,0,0,0,0,0,0,0,0,0,1,0,0,0,1,46.2,0.0
1612-EOHDH,0,0,0,0,1,1,0,45.15,45.15,1,0,0,0,0,0,0,0,0,0,0,0,0,0,0,0,0,0,0,0,1,0,0,1,45.15,0.0
6702-OHFWR,1,1,0,0,1,0,1,43.3,43.3,1,1,0,0,0,0,0,0,1,0,1,0,0,0,0,0,1,0,0,0,1,0,3,1,43.3,0.0
5296-BFCYD,1,0,1,1,46,1,1,20.1,936.85,0,0,0,0,1,1,0,1,0,1,0,1,0,1,0,1,0,0,1,0,0,1,0,0,20.366304347826087,-0.26630434782608603
4510-PYUSH,0,1,0,0,38,1,1,57.15,2250.65,1,0,0,0,0,0,1,0,1,0,0,0,0,0,0,0,0,0,0,1,0,0,2,0,59.227631578947374,-2.0776315789473756
9359-JANWS,0,0,1,0,65,1,0,58.9,3857.1,0,0,0,0,0,0,1,0,0,0,1,0,1,0,0,0,0,0,1,1,0,0,3,0,59.339999999999996,-0.4399999999999977
7517-SAWMO,0,0,1,0,19,1,1,73.2,1441.1,1,0,0,1,0,0,1,0,0,0,0,0,0,0,0,0,0,0,0,0,1,0,1,0,75.84736842105262,-2.6473684210526187
4143-HHPMK,1,0,0,0,52,1,1,85.35,4338.6,1,0,0,1,0,0,0,0,1,0,0,0,0,0,0,0,1,0,0,0,1,0,2,0,83.4346153846154,1.9153846153845961
3279-DYZQM,1,0,1,1,71,1,0,19.45,1378.45,0,0,0,0,1,1,0,1,0,1,0,1,0,1,0,1,0,0,1,0,0,1,0,0,19.414788732394367,0.0352112676056322
7054-LGEQW,0,0,0,0,1,1,0,45.95,45.95,1,0,0,0,0,0,0,0,0,0,0,0,0,0,0,0,0,0,0,0,0,1,0,1,45.95,0.0
0523-VNGTF,0,1,0,0,52,0,1,50.5,2566.3,0,1,0,0,0,0,0,0,1,0,1,0,1,0,1,0,0,0,0,0,1,0,4,0,49.35192307692308,1.1480769230769212
9575-IWCAZ,1,0,1,0,6,1,0,25.1,171.0,0,0,1,0,1,1,0,1,0,1,0,1,0,1,0,1,0,1,0,0,0,1,0,1,28.5,-3.3999999999999986
7105-MXJLL,0,1,1,0,26,1,0,60.7,1597.4,0,0,0,0,0,0,0,0,0,0,1,0,0,0,0,0,1,1,0,0,0,1,2,0,61.43846153846154,-0.7384615384615358
7064-FRRSW,1,1,0,0,48,1,1,99.0,4744.35,0,0,1,1,0,0,0,0,1,0,0,0,0,0,1,0,1,1,0,0,1,0,3,0,98.840625,0.15937499999999716
7940-UQQUG,0,0,1,1,64,1,1,104.4,6721.6,0,0,1,1,0,0,1,0,0,0,0,0,1,0,1,0,1,1,0,0,0,0,4,0,105.025,-0.625
0923-PNFUB,0,0,0,0,3,1,0,83.75,247.25,1,0,0,1,0,0,0,0,1,0,0,0,0,0,1,0,0,0,0,0,1,0,2,1,82.41666666666667,1.3333333333333286
3961-SXAXY,1,0,0,0,1,1,1,44.05,44.05,0,0,0,0,0,0,0,0,0,0,0,0,0,0,0,0,0,0,0,0,0,0,0,1,44.05,0.0
7010-BRBUU,1,0,1,1,72,1,0,24.1,1734.65,0,0,1,0,1,1,0,1,0,1,0,1,0,1,0,1,0,0,1,1,0,0,0,0,24.092361111111114,0.0076388888888878625
3566-HJGPK,1,0,0,0,1,1,1,45.55,45.55,0,0,0,0,0,0,0,0,0,0,0,0,0,0,0,0,0,0,0,0,0,1,0,1,45.55,0.0
3062-ICYZQ,0,0,1,1,51,1,1,93.8,4539.35,0,0,1,1,0,0,1,0,1,0,0,0,0,0,0,0,1,0,0,0,1,0,3,0,89.00686274509805,4.79313725490195
9938-PRCVK,0,0,1,1,41,1,0,19.7,804.25,0,0,0,0,1,1,0,1,0,1,0,1,0,1,0,1,0,0,1,0,0,0,0,0,19.615853658536587,0.08414634146341271
0973-KYVNF,0,0,1,1,72,1,1,70.65,5011.15,0,0,0,0,0,0,1,0,1,0,1,0,0,0,1,0,0,0,1,1,0,0,4,0,69.59930555555555,1.05069444444446
5129-HHMZC,0,0,1,0,43,1,0,86.45,3574.5,0,0,1,0,0,0,1,0,1,0,0,0,1,0,1,0,1,0,1,1,0,0,5,0,83.12790697674419,3.3220930232558175
9637-CDTKZ,1,0,1,0,72,1,1,114.1,8086.4,0,0,1,1,0,0,1,0,1,0,1,0,1,0,1,0,1,0,1,1,0,0,6,0,112.3111111111111,1.7888888888888914
3946-JEWRQ,1,0,1,0,47,1,1,95.2,4563.0,0,0,1,1,0,0,0,0,0,0,0,0,0,0,1,0,1,1,0,1,0,0,2,0,97.08510638297872,-1.8851063829787194
7873-CVMAW,1,0,0,0,72,1,0,88.55,6362.35,0,0,1,0,0,0,1,0,1,0,1,0,1,0,1,0,1,0,1,1,0,0,6,0,88.36597222222223,0.18402777777777146
0463-WZZKO,1,0,0,0,3,1,1,20.75,67.1,0,0,0,0,1,1,0,1,0,1,0,1,0,1,0,1,0,0,0,1,0,0,0,1,22.366666666666664,-1.6166666666666636
3494-JCHRQ,1,0,0,0,1,1,1,70.05,70.05,1,0,0,1,0,0,0,0,0,0,0,0,0,0,0,0,0,0,0,0,1,0,0,1,70.05,0.0
6474-FVJLC,1,0,0,0,2,1,1,86.0,165.45,1,0,1,1,0,0,0,0,0,0,0,0,0,0,0,0,1,0,0,0,1,0,1,1,82.725,3.2750000000000057
4524-QCSSM,1,0,0,0,26,0,1,44.65,1156.55,0,1,0,0,0,0,1,0,1,0,0,0,0,0,0,0,1,0,0,0,0,0,3,0,44.482692307692304,0.16730769230769482
5832-EXGTT,1,0,1,1,29,1,1,60.2,1834.15,0,0,0,0,0,0,1,0,0,0,0,0,0,0,0,0,1,0,0,0,0,1,2,0,63.24655172413794,-3.0465517241379345
8840-DQLGN,0,1,1,0,35,1,1,100.5,3653.35,1,0,1,1,0,0,1,0,1,0,0,0,1,0,1,0,0,0,0,0,0,0,4,0,104.38142857142857,-3.8814285714285717
2039-JONDJ,1,0,0,0,27,1,0,55.45,1477.65,0,0,0,0,0,0,1,0,1,0,0,0,0,0,0,0,0,1,0,0,0,0,2,0,54.72777777777778,0.7222222222222214
7217-JYHOQ,1,0,1,1,24,1,1,70.3,1706.45,0,0,0,0,0,0,1,0,1,0,0,0,1,0,0,0,1,0,0,1,0,0,4,0,71.10208333333334,-0.8020833333333428
6695-FRVEC,1,0,1,1,67,1,1,60.4,3953.7,0,0,0,0,0,0,1,0,0,0,1,0,1,0,0,0,0,0,1,0,0,0,3,0,59.01044776119403,1.389552238805969
4547-LYTDD,0,0,0,0,16,1,0,72.65,1194.3,1,0,1,1,0,0,0,0,0,0,0,0,0,0,0,0,0,0,0,0,1,0,0,0,74.64375,-1.9937499999999915
9894-QMIMJ,0,0,0,0,23,1,0,55.8,1327.85,0,0,0,0,0,0,0,0,1,0,1,0,0,0,0,0,0,1,0,0,0,0,2,0,57.73260869565217,-1.9326086956521706
8069-YQQAJ,1,0,0,0,14,0,1,31.1,419.7,0,1,0,0,0,0,0,0,1,0,0,0,0,0,0,0,0,0,0,0,0,1,1,0,29.978571428571428,1.1214285714285737
6770-XUAGN,0,0,1,1,1,1,1,21.0,21.0,1,0,0,0,1,1,0,1,0,1,0,1,0,1,0,1,0,0,0,0,1,0,0,1,21.0,0.0
4193-ORFCL,0,1,0,0,1,1,0,45.1,45.1,1,0,0,0,0,0,0,0,0,0,0,0,0,0,0,0,0,0,0,0,0,1,0,1,45.1,0.0
1636-NTNCO,1,1,0,0,4,0,1,50.95,207.35,0,1,0,0,0,0,0,0,1,0,0,0,0,0,1,0,1,0,0,1,0,0,3,1,51.8375,-0.8874999999999957
3466-WAESX,1,0,0,1,16,1,1,69.1,1083.7,0,0,1,0,0,0,1,0,1,0,0,0,0,0,0,0,1,0,0,0,1,0,3,0,67.73125,1.3687499999999915
9281-PKKZE,0,0,1,0,46,0,1,43.95,2007.85,0,1,0,0,0,0,0,0,0,0,0,0,0,0,1,0,1,0,0,0,1,0,2,0,43.64891304347826,0.30108695652174333
3638-VBZTA,1,0,0,1,68,1,1,86.5,5882.75,0,0,1,0,0,0,1,0,1,0,0,0,1,0,1,0,1,0,1,0,0,0,5,0,86.51102941176471,-0.011029411764710062
7459-IMVYU,1,0,0,0,38,1,0,69.95,2657.55,0,0,1,0,0,0,1,0,1,0,1,0,1,0,0,0,0,0,0,0,1,0,4,0,69.93552631578947,0.014473684210528859
7776-QWNFX,1,1,1,0,30,1,1,50.4,1527.5,1,0,0,0,0,0,0,0,1,0,0,0,0,0,0,0,0,0,0,0,0,0,1,0,50.916666666666664,-0.5166666666666657
6689-TCZHQ,0,1,0,0,5,1,0,78.95,378.4,1,0,0,1,0,0,0,0,0,0,0,0,0,0,0,0,1,0,0,0,1,0,1,1,75.67999999999999,3.2700000000000102
8563-OYMQY,1,0,0,0,17,1,1,90.95,1612.2,0,0,0,1,0,0,0,0,1,0,1,0,0,0,0,0,1,0,0,1,0,0,3,0,94.83529411764707,-3.8852941176470637
0754-EEBDC,1,0,1,1,4,1,0,19.9,76.65,0,0,0,0,1,1,0,1,0,1,0,1,0,1,0,1,0,0,1,0,0,1,0,1,19.1625,0.7374999999999972
5777-ZPQNC,0,0,0,0,12,1,0,20.15,260.7,0,0,0,0,1,1,0,1,0,1,0,1,0,1,0,1,0,1,0,0,1,0,0,1,21.724999999999998,-1.5749999999999993
1951-IEYXM,1,0,1,1,72,1,1,90.6,6441.85,0,0,1,0,0,0,1,0,1,0,1,0,1,0,1,0,1,0,1,1,0,0,6,0,89.4701388888889,1.1298611111110972
3318-NMQXL,1,0,0,0,3,1,1,92.0,266.8,0,0,0,1,0,0,0,0,0,0,0,0,0,0,1,0,1,0,0,0,1,0,2,1,88.93333333333334,3.066666666666663
3143-ILDAL,1,0,0,0,56,1,1,94.45,5124.6,1,0,1,1,0,0,0,0,1,0,0,0,1,0,0,0,1,0,0,0,1,0,3,0,91.51071428571429,2.9392857142857167
1022-RKXDR,0,0,0,0,41,1,1,24.85,962.25,0,0,1,0,1,1,0,1,0,1,0,1,0,1,0,1,0,1,0,0,0,1,0,0,23.46951219512195,1.380487804878051
2361-FJWNO,1,0,0,0,40,0,0,36.0,1382.9,0,1,0,0,0,0,0,0,1,0,0,0,1,0,0,0,0,1,0,1,0,0,2,0,34.572500000000005,1.4274999999999949
2272-UOINI,0,0,0,0,7,1,1,78.5,571.05,0,0,0,0,0,0,1,0,1,0,0,0,1,0,1,0,1,0,0,0,1,0,5,1,81.57857142857142,-3.078571428571422
8232-UTFOZ,1,0,0,0,69,1,0,19.95,1399.35,0,0,0,0,1,1,0,1,0,1,0,1,0,1,0,1,0,0,1,1,0,0,0,0,20.280434782608694,-0.33043478260869463
3750-YHRYO,1,0,1,1,7,1,0,20.65,150.0,0,0,0,0,1,1,0,1,0,1,0,1,0,1,0,1,0,1,0,0,0,1,0,1,21.428571428571427,-0.7785714285714285
6637-KYRCV,0,0,1,1,5,0,1,30.5,167.2,0,1,0,0,0,0,0,0,1,0,0,0,0,0,0,0,0,0,0,0,1,0,1,1,33.44,-2.9399999999999977
5668-MEISB,0,0,1,1,72,1,0,106.1,7657.4,0,0,1,1,0,0,1,0,1,0,1,0,1,0,1,0,0,0,1,1,0,0,5,0,106.35277777777777,-0.25277777777778
0129-QMPDR,1,0,1,1,44,1,1,20.5,865.05,0,0,0,0,1,1,0,1,0,1,0,1,0,1,0,1,0,1,0,0,0,0,0,0,19.660227272727273,0.8397727272727273
7188-CBBBA,0,0,0,0,65,1,1,95.5,6153.85,0,0,1,1,0,0,0,0,1,0,1,0,0,0,1,0,0,1,0,0,1,0,3,0,94.6746153846154,0.825384615384607
5356-CSVSQ,0,0,0,0,3,1,0,64.6,174.2,0,0,1,0,0,0,0,0,0,0,0,0,1,0,1,0,0,0,0,0,1,0,2,1,58.06666666666666,6.533333333333331
3221-CJMSG,1,0,0,0,24,1,1,51.1,1269.6,0,0,0,0,0,0,0,0,0,0,0,0,1,0,0,0,0,0,0,1,0,0,1,0,52.9,-1.7999999999999972
4720-VSTSI,0,0,0,0,44,1,1,84.8,3862.55,1,0,1,1,0,0,0,0,1,0,1,0,0,0,0,0,0,0,0,0,0,0,2,0,87.78522727272728,-2.985227272727286
3219-JQRSL,0,1,1,0,72,1,0,89.1,6352.4,0,0,1,0,0,0,1,0,1,0,1,0,1,0,1,0,1,0,1,1,0,0,6,0,88.22777777777777,0.87222222222222
2801-NISEI,1,0,0,0,24,1,0,54.95,1348.5,0,0,0,0,0,0,1,0,0,0,0,0,1,0,0,0,0,0,0,0,1,0,2,0,56.1875,-1.2374999999999972
3946-MHCZW,1,0,0,0,1,1,0,50.9,50.9,1,0,0,0,0,0,0,0,0,0,1,0,0,0,0,0,0,0,0,0,0,1,1,1,50.9,0.0
4623-ZKHLY,1,0,1,0,22,1,1,20.45,471.55,0,0,0,0,1,1,0,1,0,1,0,1,0,1,0,1,0,0,0,0,0,0,0,0,21.43409090909091,-0.9840909090909093
6732-VAILE,1,0,1,1,70,1,1,85.95,5931.75,0,0,1,0,0,0,0,0,1,0,1,0,1,0,1,0,1,0,1,1,0,0,5,0,84.73928571428571,1.210714285714289
8201-AAXCB,1,0,1,1,25,1,0,60.35,1404.65,0,0,1,0,0,0,0,0,0,0,0,0,0,0,1,0,0,0,0,0,1,0,1,0,56.18600000000001,4.163999999999994
7696-CFTAT,1,0,1,1,37,1,0,19.8,726.1,0,0,0,0,1,1,0,1,0,1,0,1,0,1,0,1,0,0,1,0,0,0,0,0,19.624324324324323,0.1756756756756772
1845-CSBRZ,0,1,1,1,22,1,0,85.35,1961.6,0,0,1,1,0,0,0,0,0,0,0,0,0,0,1,0,0,0,0,0,0,0,1,0,89.16363636363636,-3.8136363636363626
2123-VSCOT,0,0,1,1,59,1,1,72.1,4194.85,0,0,1,0,0,0,0,0,0,0,1,0,1,0,1,0,0,0,1,0,0,0,3,0,71.09915254237289,1.0008474576271027
6651-AZVTJ,1,0,1,1,49,1,1,99.8,4872.45,1,0,1,1,0,0,0,0,0,0,1,0,0,0,1,0,1,0,0,0,1,0,3,0,99.43775510204081,0.3622448979591866
4566-GOLUK,1,0,1,1,47,1,1,107.35,5118.95,1,0,1,1,0,0,0,0,0,0,1,0,1,0,1,0,1,0,0,0,0,0,4,0,108.91382978723404,-1.5638297872340416
2484-DGXPZ,0,0,1,1,31,1,1,19.55,658.95,1,0,0,0,1,1,0,1,0,1,0,1,0,1,0,1,0,0,0,0,0,1,0,0,21.256451612903227,-1.7064516129032263
2018-QKYGT,1,0,1,1,1,1,1,81.05,81.05,0,0,0,1,0,0,0,0,0,0,0,0,0,0,0,0,1,0,0,0,1,0,1,1,81.05,0.0
2792-VPPET,1,0,0,0,3,1,1,20.5,76.95,0,0,0,0,1,1,0,1,0,1,0,1,0,1,0,1,0,0,0,0,1,0,0,1,25.650000000000002,-5.150000000000002
7409-JURKQ,0,0,1,0,53,1,1,111.8,5809.75,0,0,1,1,0,0,0,0,1,0,1,0,1,0,1,0,1,1,0,0,0,0,5,0,109.61792452830188,2.182075471698113
3247-MHJKM,1,0,0,0,1,1,0,20.2,20.2,0,0,0,0,1,1,0,1,0,1,0,1,0,1,0,1,0,0,0,0,0,1,0,1,20.2,0.0
1964-SVLEA,1,0,0,0,20,1,1,19.7,415.9,0,0,0,0,1,1,0,1,0,1,0,1,0,1,0,1,0,1,0,0,0,1,0,0,20.794999999999998,-1.0949999999999989
4587-NUKOX,0,0,0,0,3,1,1,79.1,246.5,1,0,0,1,0,0,1,0,1,0,0,0,0,0,0,0,0,0,0,0,1,0,2,1,82.16666666666667,-3.066666666666677
7297-DVYGA,0,0,0,0,51,1,1,19.85,996.95,0,0,0,0,1,1,0,1,0,1,0,1,0,1,0,1,0,1,0,0,0,0,0,0,19.548039215686277,0.3019607843137244
2239-CGBUZ,0,0,1,0,51,1,1,60.5,3145.15,0,0,0,0,0,0,1,0,1,0,0,0,1,0,0,0,0,1,0,0,0,0,3,0,61.66960784313726,-1.169607843137257
0854-UYHZD,0,0,1,1,13,1,0,19.55,265.3,0,0,0,0,1,1,0,1,0,1,0,1,0,1,0,1,0,0,1,0,0,1,0,0,20.407692307692308,-0.8576923076923073
7243-LCGGZ,0,0,0,0,1,1,0,20.9,20.9,0,0,0,0,1,1,0,1,0,1,0,1,0,1,0,1,0,0,0,0,0,1,0,1,20.9,0.0
8267-KFGYD,1,0,0,1,1,1,1,21.05,21.05,0,0,0,0,1,1,0,1,0,1,0,1,0,1,0,1,0,0,0,0,0,1,0,1,21.05,0.0
4890-VMUAV,1,0,0,0,63,1,0,71.5,4576.3,0,0,1,0,0,0,1,0,1,0,1,0,1,0,0,0,0,1,0,0,1,0,4,0,72.63968253968254,-1.1396825396825392
9261-WDCAF,1,0,0,0,3,1,0,54.65,189.1,0,0,0,0,0,0,0,0,0,0,0,0,0,0,0,0,1,0,0,0,0,1,1,1,63.03333333333333,-8.383333333333333
3764-MNMOI,1,0,0,0,46,1,0,19.2,908.15,0,0,0,0,1,1,0,1,0,1,0,1,0,1,0,1,0,0,1,1,0,0,0,0,19.742391304347827,-0.5423913043478272
7442-YGZFK,1,0,0,0,1,1,1,49.8,49.8,0,0,1,0,0,0,0,0,0,0,0,0,0,0,0,0,0,0,0,1,0,0,0,1,49.8,0.0
0420-BWTPW,1,0,0,1,8,0,0,25.5,215.2,1,1,0,0,0,0,0,0,0,0,0,0,0,0,0,0,0,0,0,0,0,1,0,1,26.9,-1.3999999999999986
8229-BUJHX,0,0,1,1,71,1,0,20.5,1500.95,0,0,0,0,1,1,0,1,0,1,0,1,0,1,0,1,0,0,1,0,0,0,0,0,21.140140845070423,-0.6401408450704231
7449-HVPIV,1,0,1,1,55,1,1,90.4,5099.15,0,0,1,1,0,0,0,0,0,0,1,0,0,0,1,0,0,0,0,1,0,0,2,0,92.71181818181817,-2.3118181818181682
5504-WSIUR,0,0,0,0,70,1,1,90.25,6385.95,0,0,1,1,0,0,0,0,1,0,1,0,1,0,0,0,0,1,0,0,0,0,3,0,91.22785714285715,-0.9778571428571468
8183-ONMXC,0,0,0,0,2,1,0,80.75,159.45,1,0,0,1,0,0,0,0,0,0,0,0,0,0,0,0,1,0,0,0,1,0,1,1,79.725,1.0250000000000057
8466-PZBLH,1,0,1,1,67,1,0,104.6,6885.75,0,0,1,1,0,0,1,0,0,0,0,0,1,0,1,0,1,0,1,0,0,0,4,0,102.7723880597015,1.827611940298496
9614-RMGHA,1,0,1,0,65,1,1,91.85,5940.85,1,0,1,1,0,0,0,0,1,0,0,0,0,0,1,0,0,0,0,0,0,0,2,0,91.39769230769231,0.4523076923076843
8735-IJJEG,1,0,1,0,14,1,0,50.2,668.85,0,0,0,0,0,0,0,0,0,0,1,0,0,0,0,0,0,0,0,1,0,0,1,0,47.775,2.4250000000000043
0564-MUUQK,0,0,1,1,20,1,1,95.5,1916.2,0,0,1,1,0,0,0,0,0,0,1,0,1,0,0,0,1,0,0,0,0,0,3,0,95.81,-0.3100000000000023
5054-IEXZT,1,0,0,1,1,1,1,75.35,75.35,1,0,0,1,0,0,0,0,1,0,0,0,0,0,0,0,0,0,0,0,1,0,1,1,75.35,0.0
5834-ASPWA,1,0,0,0,1,1,1,75.45,75.45,1,0,1,1,0,0,0,0,0,0,0,0,0,0,0,0,0,0,0,0,1,0,0,1,75.45,0.0
0701-RFGFI,0,0,1,1,49,1,1,95.4,4613.95,0,0,1,1,0,0,0,0,0,0,0,0,0,0,1,0,1,0,0,0,0,0,2,0,94.16224489795918,1.237755102040822
0019-EFAEP,0,0,0,0,72,1,1,101.3,7261.25,0,0,1,1,0,0,1,0,1,0,1,0,0,0,1,0,0,0,1,0,0,0,4,0,100.85069444444444,0.4493055555555543
5619-PTMIK,0,0,1,0,46,1,0,53.1,2459.8,0,0,1,0,0,0,1,0,0,0,0,0,0,0,0,0,0,0,0,0,1,0,1,0,53.47391304347826,-0.37391304347826093
3737-XBQDD,1,0,0,0,24,1,1,84.85,2048.8,0,0,1,1,0,0,0,0,1,0,1,0,0,0,0,0,0,0,0,0,0,0,2,0,85.36666666666667,-0.5166666666666799
5882-CMAZQ,0,0,1,1,5,0,0,34.25,163.55,0,1,0,0,0,0,0,0,1,0,0,0,1,0,0,0,0,0,0,0,1,0,2,1,32.71,1.5399999999999991
5846-QFDFI,0,0,1,1,33,1,0,88.6,2888.7,0,0,1,1,0,0,0,0,1,0,1,0,1,0,0,0,0,0,0,1,0,0,3,0,87.53636363636363,1.0636363636363626
4445-KWOKW,0,0,0,0,42,1,1,60.15,2421.6,0,0,1,0,0,0,1,0,1,0,0,0,0,0,0,0,0,1,0,0,0,0,2,0,57.65714285714286,2.49285714285714
3511-APPBJ,1,0,0,0,23,1,1,99.95,2292.75,0,0,0,1,0,0,1,0,0,0,1,0,0,0,1,0,1,1,0,1,0,0,4,0,99.68478260869566,0.26521739130434696
7967-HYCDE,1,0,0,0,8,1,0,70.7,553.4,0,0,0,1,0,0,0,0,0,0,0,0,0,0,0,0,0,0,0,0,0,0,0,1,69.175,1.5250000000000057
2430-RRYUW,1,0,0,0,66,1,1,54.8,3465.7,0,0,0,0,0,0,1,0,1,0,0,0,0,0,0,0,0,1,0,0,0,1,2,0,52.51060606060606,2.289393939393939
3948-XHGNA,1,0,0,0,24,1,1,49.55,1210.4,1,0,0,0,0,0,1,0,0,0,0,0,0,0,0,0,0,0,0,0,0,0,1,0,50.43333333333334,-0.88333333333334
3723-BFBGR,1,1,0,0,24,1,0,54.8,1291.3,0,0,1,0,0,0,0,0,1,0,0,0,0,0,0,0,0,0,0,1,0,0,1,0,53.80416666666667,0.99583333333333
0565-IYCGT,1,0,0,0,69,1,1,78.6,5356.45,1,0,1,0,0,0,1,0,1,0,1,0,1,0,0,0,1,1,0,1,0,0,5,0,77.62971014492753,0.9702898550724655
5447-WZAFP,0,0,0,0,53,1,1,100.3,5200.8,0,0,0,1,0,0,0,0,1,0,1,0,0,0,1,0,1,1,0,0,0,1,4,0,98.12830188679246,2.1716981132075404
5110-CHOPY,0,0,0,0,60,0,0,53.6,3237.05,0,1,0,0,0,0,1,0,0,0,1,0,0,0,1,0,1,0,1,0,1,0,4,0,53.950833333333335,-0.350833333333334
5445-UTODQ,0,0,1,0,7,1,1,81.1,576.65,1,0,0,1,0,0,0,0,0,0,0,0,0,0,1,0,0,0,0,0,1,0,1,1,82.37857142857142,-1.278571428571425
4425-OWHWB,0,0,0,0,20,1,1,19.35,433.75,0,0,0,0,1,1,0,1,0,1,0,1,0,1,0,1,0,1,0,1,0,0,0,0,21.6875,-2.3374999999999986
7892-QVYKW,0,0,1,1,23,1,0,85.6,1868.4,0,0,1,1,0,0,0,0,0,0,0,0,0,0,0,0,1,0,0,0,1,0,1,0,81.23478260869565,4.365217391304341
9675-ICXCT,1,0,1,1,72,1,1,80.8,5728.55,0,0,0,0,0,0,1,0,0,0,1,0,1,0,1,0,1,0,1,0,1,0,5,0,79.56319444444445,1.2368055555555486
1024-VRZHF,1,0,1,0,11,1,1,74.95,825.7,1,0,1,1,0,0,0,0,0,0,0,0,0,0,0,0,0,0,0,0,1,0,0,1,75.06363636363636,-0.11363636363635976
4703-MQYKT,1,0,0,0,21,1,0,19.6,390.4,0,0,0,0,1,1,0,1,0,1,0,1,0,1,0,1,0,0,1,0,0,1,0,0,18.59047619047619,1.009523809523813
9497-QCMMS,1,1,0,0,1,1,1,93.55,93.55,1,0,1,1,0,0,0,0,0,0,0,0,0,0,1,0,1,0,0,0,1,0,2,1,93.55,0.0
5692-ICXLW,1,1,0,0,31,1,1,90.7,2845.15,0,0,1,1,0,0,0,0,1,0,0,0,0,0,1,0,0,0,0,0,1,0,2,0,91.77903225806452,-1.0790322580645153
0602-DDUML,0,0,0,0,57,1,0,69.75,3894.4,0,0,0,0,0,0,0,0,1,0,1,0,1,0,1,0,0,0,1,0,0,1,4,0,68.32280701754387,1.427192982456134
2208-MPXIO,0,0,1,1,45,1,1,20.0,886.4,0,0,0,0,1,1,0,1,0,1,0,1,0,1,0,1,0,0,1,0,0,0,0,0,19.697777777777777,0.3022222222222233
1960-UYCNN,1,0,0,0,10,1,1,95.25,1021.55,0,0,1,1,0,0,0,0,1,0,1,0,0,0,0,0,1,0,0,0,1,0,3,1,102.155,-6.905000000000001
0348-SDKOL,0,0,1,0,58,1,1,102.1,5885.4,1,0,1,1,0,0,0,0,0,0,1,0,1,0,1,0,1,0,0,1,0,0,4,0,101.47241379310344,0.6275862068965523
3190-FZATL,1,0,0,1,14,1,0,19.95,268.4,0,0,0,0,1,1,0,1,0,1,0,1,0,1,0,1,0,0,0,0,0,1,0,0,19.17142857142857,0.7785714285714285
7336-RLLRH,1,0,1,0,27,1,0,80.85,2204.35,0,0,1,0,0,0,1,0,0,0,0,0,1,0,1,0,1,1,0,0,0,1,4,0,81.64259259259259,-0.7925925925925981
4373-MAVJG,0,0,1,1,14,1,1,90.9,1259.0,1,0,1,1,0,0,0,0,1,0,0,0,0,0,0,0,1,0,0,0,0,0,2,0,89.92857142857143,0.9714285714285751
8901-HJXTF,0,0,1,1,12,0,0,29.2,309.1,1,1,0,0,0,0,0,0,1,0,0,0,0,0,0,0,0,0,0,0,0,1,1,1,25.758333333333336,3.441666666666663
7710-JSYOA,0,0,1,1,69,1,1,93.3,6398.05,0,0,1,1,0,0,0,0,1,0,0,0,1,0,0,0,1,0,1,0,0,0,3,0,92.72536231884058,0.574637681159416
5419-KLXBN,0,0,1,1,25,1,1,89.15,2257.75,1,0,0,1,0,0,0,0,1,0,1,0,0,0,1,0,0,0,0,0,0,0,3,0,90.31,-1.1599999999999966
3424-NMNBO,1,1,1,0,58,1,1,108.85,6287.25,1,0,1,1,0,0,1,0,1,0,1,0,0,0,1,0,1,1,0,0,1,0,5,0,108.40086206896552,0.4491379310344712
9885-MFVSU,0,0,1,1,35,0,1,46.35,1662.05,0,1,0,0,0,0,1,0,0,0,0,0,1,0,1,0,0,0,1,1,0,0,3,0,47.48714285714286,-1.1371428571428552
4514-GFCFI,0,1,0,0,16,1,1,84.75,1350.15,1,0,1,1,0,0,0,0,0,0,0,0,0,0,1,0,0,0,0,0,1,0,1,0,84.384375,0.3656249999999943
0607-MVMGC,1,0,1,1,45,1,0,78.75,3600.65,0,0,1,0,0,0,0,0,1,0,1,0,0,0,1,0,1,1,0,1,0,0,4,0,80.01444444444445,-1.2644444444444503
3365-SAIGS,0,0,0,0,17,1,1,83.55,1329.15,0,0,0,1,0,0,0,0,1,0,0,0,0,0,1,0,0,0,0,0,1,0,2,0,78.18529411764706,5.364705882352936
9828-AOQLM,0,0,1,1,1,1,1,45.7,45.7,1,0,0,0,0,0,0,0,0,0,0,0,0,0,0,0,0,0,0,0,1,0,0,1,45.7,0.0
8022-BECSI,1,0,0,0,22,1,0,19.6,422.5,0,0,0,0,1,1,0,1,0,1,0,1,0,1,0,1,0,1,0,0,0,1,0,0,19.204545454545453,0.39545454545454817
8000-REIQB,0,1,0,0,1,1,1,69.95,69.95,1,0,0,1,0,0,0,0,0,0,0,0,0,0,0,0,0,0,0,0,1,0,0,1,69.95,0.0
9993-LHIEB,1,0,1,1,67,1,0,67.85,4627.65,0,0,0,0,0,0,1,0,0,0,1,0,1,0,0,0,1,0,1,0,0,1,4,0,69.06940298507462,-1.2194029850746233
0266-CLZKZ,0,0,1,1,67,1,1,105.65,6717.9,0,0,1,1,0,0,0,0,0,0,1,0,1,0,1,0,1,0,1,0,0,0,4,0,100.26716417910447,5.3828358208955365
7615-ESMYF,0,0,1,0,2,0,0,44.6,97.1,1,1,0,0,0,0,0,0,0,0,0,0,0,0,1,0,1,0,0,0,1,0,2,1,48.55,-3.9499999999999957
3858-VOBET,1,0,0,0,23,1,1,74.95,1710.45,1,0,1,1,0,0,0,0,0,0,0,0,0,0,0,0,0,0,0,0,1,0,0,0,74.36739130434783,0.5826086956521692
7020-OZKXZ,0,1,0,0,9,1,0,75.5,637.4,0,0,0,1,0,0,0,0,0,0,1,0,0,0,0,0,0,0,0,1,0,0,1,1,70.82222222222222,4.677777777777777
3977-QCRSL,0,0,0,0,5,1,0,20.15,117.95,0,0,0,0,1,1,0,1,0,1,0,1,0,1,0,1,0,0,0,0,0,1,0,1,23.59,-3.4400000000000013
0017-DINOC,1,0,0,0,54,0,0,45.2,2460.55,0,1,0,0,0,0,1,0,0,0,0,0,1,0,1,0,0,0,1,1,0,0,3,0,45.56574074074074,-0.3657407407407405
1447-PJGGA,0,0,0,0,57,1,1,95.25,5464.65,1,0,0,1,0,0,0,0,0,0,1,0,0,0,1,0,1,0,1,0,1,0,3,0,95.87105263157895,-0.621052631578948
8565-CLBZW,1,0,0,0,24,1,1,89.85,2165.05,1,0,1,1,0,0,0,0,0,0,1,0,0,0,1,0,0,0,0,0,0,1,2,0,90.21041666666667,-0.36041666666667993
9139-WQQDY,0,0,1,1,49,1,0,100.45,4941.8,1,0,1,1,0,0,0,0,1,0,0,0,0,0,1,0,1,1,0,0,0,1,3,0,100.8530612244898,-0.40306122448980375
0224-HJAPT,1,0,0,0,5,1,0,47.15,223.15,1,0,1,0,0,0,0,0,0,0,0,0,0,0,0,0,0,0,0,0,1,0,0,1,44.63,2.519999999999996
8086-OVPWV,1,0,0,0,2,1,1,80.2,181.1,1,0,0,1,0,0,0,0,0,0,0,0,0,0,0,0,1,0,0,0,1,0,1,1,90.55,-10.349999999999994
9430-FRQOC,0,0,0,1,4,1,1,87.1,341.45,1,0,1,1,0,0,0,0,0,0,1,0,1,0,0,0,0,0,0,0,0,1,2,1,85.3625,1.7374999999999972
7639-OPLNG,1,0,1,1,70,1,1,79.25,5731.85,0,0,1,0,0,0,1,0,1,0,1,0,1,0,1,0,0,0,1,0,0,0,5,0,81.88357142857143,-2.633571428571429
3074-GQWYX,1,0,0,0,5,1,1,75.9,357.75,1,0,1,1,0,0,0,0,0,0,0,0,0,0,0,0,0,0,0,0,0,0,0,1,71.55,4.3500000000000085
1492-QGCLU,1,0,1,1,53,1,0,85.7,4616.1,0,0,1,0,0,0,1,0,0,0,1,0,1,0,1,0,1,0,0,0,1,0,5,0,87.09622641509435,-1.3962264150943469
6845-RGTYS,0,0,1,0,47,1,1,98.75,4533.7,1,0,1,1,0,0,1,0,1,0,1,0,0,0,1,0,0,0,0,0,1,0,4,0,96.46170212765956,2.2882978723404364
7328-OWMOM,0,0,0,1,31,1,0,20.1,589.25,0,0,0,0,1,1,0,1,0,1,0,1,0,1,0,1,0,1,0,1,0,0,0,0,19.008064516129032,1.0919354838709694
4418-LZMSV,1,0,1,1,13,1,0,61.8,750.1,0,0,0,0,0,0,0,0,1,0,1,0,1,0,0,0,0,0,0,0,0,0,3,0,57.7,4.099999999999994
5155-AZQPB,0,0,1,1,28,1,0,49.9,1410.25,0,0,1,0,0,0,0,0,0,0,0,0,0,0,0,0,0,0,0,0,0,1,0,0,50.36607142857143,-0.466071428571432
8861-HGGKB,0,0,0,0,10,1,0,86.45,830.85,1,0,1,1,0,0,0,0,0,0,0,0,0,0,0,0,1,0,0,0,1,0,1,1,83.08500000000001,3.364999999999995
1087-GRUYI,1,0,1,0,38,1,0,20.4,743.5,0,0,0,0,1,1,0,1,0,1,0,1,0,1,0,1,0,0,1,0,0,0,0,0,19.56578947368421,0.8342105263157897
7065-YUNRY,0,0,0,0,1,1,1,45.3,45.3,1,0,0,0,0,0,0,0,0,0,0,0,0,0,0,0,0,0,0,0,0,1,0,1,45.3,0.0
7694-VLBWQ,1,0,1,0,67,1,0,104.1,7040.85,1,0,1,1,0,0,0,0,1,0,1,0,0,0,1,0,1,1,0,0,1,0,4,0,105.08731343283583,-0.9873134328358333
2546-KZAAT,1,0,1,0,52,1,1,75.4,3865.45,0,0,0,0,0,0,1,0,1,0,0,0,0,0,1,0,1,1,0,0,0,1,4,0,74.33557692307691,1.0644230769230916
0181-RITDD,1,0,1,1,62,1,0,108.15,6825.65,0,0,0,1,0,0,1,0,1,0,1,0,1,0,1,0,1,0,1,0,0,1,6,0,110.09112903225805,-1.941129032258047
5989-PGKJB,0,0,0,0,16,1,1,86.25,1340.1,0,0,0,1,0,0,0,0,1,0,0,0,0,0,0,0,1,0,0,0,1,0,2,0,83.75625,2.4937500000000057
4795-KTRTH,0,1,1,0,5,1,1,81.0,371.65,1,0,1,1,0,0,0,0,1,0,0,0,0,0,0,0,0,0,0,0,1,0,1,1,74.33,6.670000000000002
8272-ONJLV,1,0,0,0,12,1,0,95.7,1184.0,0,0,0,1,0,0,0,0,0,0,1,0,0,0,1,0,1,1,0,0,1,0,3,1,98.66666666666667,-2.9666666666666686
1488-PBLJN,0,0,1,1,72,1,1,116.85,8477.7,0,0,1,1,0,0,1,0,1,0,1,0,1,0,1,0,1,0,1,0,0,0,6,0,117.74583333333334,-0.8958333333333428
0308-GIQJT,1,1,0,0,71,1,0,105.75,7382.85,0,0,1,1,0,0,0,0,1,0,0,0,1,0,1,0,1,1,0,0,0,0,4,0,103.98380281690142,1.7661971830985834
3778-FOAQW,0,0,1,0,24,1,0,20.15,456.85,0,0,0,0,1,1,0,1,0,1,0,1,0,1,0,1,0,1,0,0,0,1,0,0,19.035416666666666,1.1145833333333321
4452-ROHMO,0,0,0,0,15,1,0,19.6,331.6,0,0,0,0,1,1,0,1,0,1,0,1,0,1,0,1,0,0,1,0,0,1,0,0,22.10666666666667,-2.5066666666666677
6481-OGDOO,1,0,1,0,67,1,1,90.6,6056.15,1,0,0,1,0,0,1,0,1,0,0,0,0,0,0,0,1,1,0,1,0,0,3,0,90.39029850746267,0.20970149253732018
3090-LETTY,1,0,0,1,2,1,0,60.95,134.6,0,0,1,0,0,0,1,0,1,0,0,0,0,0,0,0,0,0,0,0,0,0,2,1,67.3,-6.349999999999994
5349-AZPEW,0,0,1,1,5,0,0,25.05,125.5,0,1,0,0,0,0,0,0,0,0,0,0,0,0,0,0,0,0,0,0,0,1,0,1,25.1,-0.05000000000000071
3753-TSEMP,0,0,1,0,15,1,0,88.15,1390.6,1,0,0,1,0,0,0,0,0,0,0,0,0,0,1,0,1,0,0,0,1,0,2,0,92.70666666666666,-4.556666666666658
8305-VHZBZ,1,0,0,0,1,1,1,20.2,20.2,1,0,0,0,1,1,0,1,0,1,0,1,0,1,0,1,0,0,0,0,0,1,0,1,20.2,0.0
9720-JJJOR,1,0,1,1,41,1,1,60.3,2511.3,0,0,0,0,0,0,1,0,1,0,1,0,0,0,0,0,0,1,0,0,0,0,3,0,61.25121951219513,-0.9512195121951308
8100-HZZLJ,0,0,0,1,43,1,1,63.95,2737.05,0,0,0,0,0,0,1,0,1,0,0,0,0,0,0,0,1,0,0,0,1,0,3,0,63.65232558139535,0.29767441860465027
8775-ERLNB,1,1,1,0,1,1,0,74.3,74.3,0,0,1,1,0,0,0,0,0,0,0,0,0,0,0,0,0,0,0,0,1,0,0,1,74.3,0.0
8309-IEYJD,0,1,0,0,1,1,1,70.6,70.6,0,0,0,1,0,0,0,0,0,0,0,0,0,0,0,0,0,0,0,0,0,1,0,1,70.6,0.0
9172-JITSM,0,0,1,1,26,1,1,90.8,2361.8,1,0,0,1,0,0,0,0,0,0,0,0,0,0,1,0,1,0,0,0,1,0,2,0,90.83846153846154,-0.03846153846154721
6298-QDFNH,1,0,0,0,22,1,1,79.35,1730.35,1,0,1,1,0,0,0,0,1,0,0,0,0,0,0,0,0,0,0,0,1,0,1,0,78.65227272727272,0.6977272727272776
7398-HPYZQ,1,0,1,0,71,1,0,90.55,6404.0,0,0,1,0,0,0,1,0,1,0,1,0,1,0,1,0,1,0,1,0,0,0,6,0,90.19718309859155,0.35281690140844546
3546-GHEAE,1,0,0,0,7,1,0,19.45,165.35,0,0,0,0,1,1,0,1,0,1,0,1,0,1,0,1,0,0,1,0,0,1,0,1,23.62142857142857,-4.171428571428571
7361-YPXFS,0,1,0,0,28,1,0,64.45,1867.6,0,0,1,0,0,0,0,0,1,0,1,0,1,0,0,0,0,0,0,0,0,0,3,0,66.7,-2.25
6557-BZXLQ,1,1,0,0,16,1,0,69.65,1043.3,0,0,0,1,0,0,0,0,0,0,0,0,0,0,0,0,0,0,0,0,1,0,0,0,65.20625,4.4437500000000085
2550-QHZGP,1,0,0,0,7,1,0,19.5,128.6,0,0,0,0,1,1,0,1,0,1,0,1,0,1,0,1,0,1,0,0,0,1,0,1,18.37142857142857,1.12857142857143
7519-JTWQH,0,0,0,0,69,1,1,110.5,7455.45,0,0,1,1,0,0,0,0,1,0,1,0,1,0,1,0,1,0,1,0,0,0,5,0,108.05,2.450000000000003
2538-OIMXF,0,0,0,1,1,0,0,24.7,24.7,0,1,0,0,0,0,0,0,0,0,0,0,0,0,0,0,0,0,0,0,0,1,0,1,24.7,0.0
8543-MSDMF,1,0,0,0,3,1,1,77.4,206.15,0,0,0,0,0,0,1,0,0,0,1,0,0,0,1,0,1,0,0,0,1,0,4,1,68.71666666666667,8.683333333333337
9961-JBNMK,1,1,0,0,21,1,1,96.8,2030.3,1,0,0,1,0,0,0,0,0,0,1,0,0,0,1,0,1,0,0,0,0,0,3,0,96.68095238095238,0.1190476190476204
1170-SASML,0,0,1,0,69,1,1,85.4,5869.4,0,0,1,1,0,0,0,0,1,0,1,0,0,0,0,0,0,0,0,0,0,0,2,0,85.06376811594203,0.3362318840579803
4872-JCVCA,0,0,1,0,71,0,1,47.6,3377.8,0,1,0,0,0,0,1,0,1,0,1,0,1,0,0,0,0,0,1,0,0,0,4,0,47.57464788732395,0.025352112676053196
5346-BZCHP,0,0,1,1,69,1,0,19.4,1346.2,0,0,0,0,1,1,0,1,0,1,0,1,0,1,0,1,0,0,1,0,0,1,0,0,19.51014492753623,-0.11014492753623273
2038-LLMLM,0,0,0,0,48,1,1,103.85,4946.05,0,0,1,1,0,0,0,0,0,0,1,0,1,0,1,0,1,0,0,0,1,0,4,0,103.04270833333334,0.8072916666666572
6173-ITPWD,1,0,1,0,47,1,1,83.35,4065.0,1,0,1,1,0,0,0,0,1,0,1,0,0,0,0,0,0,0,0,0,0,0,2,0,86.48936170212765,-3.1393617021276583
9734-UYXQI,0,0,0,0,2,1,1,49.4,106.55,1,0,1,0,0,0,0,0,0,0,0,0,0,0,0,0,0,0,0,0,1,0,0,1,53.275,-3.875
1216-BGTSP,1,0,0,0,45,1,1,108.45,4964.7,0,0,1,1,0,0,1,0,0,0,1,0,1,0,1,0,1,0,0,1,0,0,5,0,110.32666666666667,-1.8766666666666652
4138-NAXED,1,0,0,0,51,1,0,81.0,4085.75,0,0,1,1,0,0,0,0,1,0,0,0,0,0,0,0,0,0,0,0,0,0,1,0,80.11274509803921,0.8872549019607874
2189-UXTKY,0,0,1,0,22,1,1,79.2,1742.75,1,0,1,0,0,0,1,0,0,0,0,0,1,0,1,0,1,0,0,0,1,0,4,0,79.2159090909091,-0.01590909090909065
0744-BIKKF,1,0,0,0,72,1,0,86.65,6224.8,0,0,1,0,0,0,1,0,1,0,1,0,1,0,1,0,1,0,1,0,0,0,6,0,86.45555555555556,0.19444444444444287
7483-IQWIB,1,0,1,1,37,1,1,92.95,3415.25,0,0,1,1,0,0,0,0,1,0,1,0,0,0,1,0,0,0,0,0,1,0,3,0,92.30405405405405,0.6459459459459538
5248-KWLAR,1,0,1,1,71,1,0,90.35,6325.25,0,0,1,0,0,0,1,0,1,0,1,0,1,0,1,0,1,0,1,0,1,0,6,0,89.08802816901408,1.2619718309859138
4958-GZWIY,1,0,1,1,7,1,0,48.7,340.25,1,0,0,0,0,0,0,0,0,0,1,0,0,0,0,0,0,0,0,0,1,0,1,1,48.607142857142854,0.09285714285714874
7996-MHXLW,0,0,0,0,66,1,1,25.15,1683.6,0,0,1,0,1,1,0,1,0,1,0,1,0,1,0,1,0,0,1,1,0,0,0,0,25.509090909090908,-0.35909090909090935
7833-PKIHD,1,0,1,1,51,1,1,76.4,3966.3,0,0,0,0,0,0,1,0,0,0,0,0,1,0,1,0,1,1,0,0,0,0,4,0,77.77058823529413,-1.3705882352941217
7061-OVMIM,0,0,1,1,30,1,0,19.55,608.5,0,0,0,0,1,1,0,1,0,1,0,1,0,1,0,1,0,1,0,0,0,0,0,0,20.283333333333335,-0.7333333333333343
5153-RTHKF,0,0,0,0,34,1,0,85.35,2896.6,0,0,1,1,0,0,0,0,0,0,0,0,0,0,1,0,0,0,0,0,1,0,1,0,85.19411764705882,0.1558823529411768
1852-QSWCD,1,0,1,1,64,1,1,24.8,1514.85,0,0,1,0,1,1,0,1,0,1,0,1,0,1,0,1,0,0,1,0,0,1,0,0,23.66953125,1.1304687500000021
4832-VRBMR,1,1,1,0,65,1,1,103.15,6792.45,0,0,1,1,0,0,0,0,1,0,1,0,0,0,1,0,1,1,0,0,0,0,4,0,104.49923076923076,-1.3492307692307577
9079-LWTFD,1,0,0,0,47,1,0,100.75,4669.2,0,0,1,1,0,0,1,0,1,0,0,0,1,0,1,0,0,0,0,0,0,1,4,0,99.34468085106383,1.4053191489361723
6356-ELRKD,0,0,0,0,1,1,1,95.6,95.6,1,0,0,1,0,0,1,0,0,0,0,0,0,0,1,0,1,0,0,0,1,0,3,1,95.6,0.0
8624-GIOUT,0,0,0,0,49,1,1,59.75,2934.3,1,0,1,0,0,0,1,0,1,0,0,0,0,0,0,0,0,0,0,1,0,0,2,0,59.88367346938776,-0.13367346938775881
3392-EHMNK,0,0,1,1,67,1,0,94.1,6302.8,0,0,1,1,0,0,0,0,1,0,0,0,1,0,1,0,0,0,1,1,0,0,3,0,94.07164179104478,0.02835820895521124
5986-WWXDV,1,0,0,1,39,1,0,19.35,779.2,0,0,0,0,1,1,0,1,0,1,0,1,0,1,0,1,0,1,0,0,0,0,0,0,19.97948717948718,-0.6294871794871781
3061-BCKYI,1,0,0,0,14,1,0,19.9,283.75,0,0,0,0,1,1,0,1,0,1,0,1,0,1,0,1,0,0,0,0,0,1,0,0,20.267857142857142,-0.36785714285714377
6179-GJPSO,0,1,0,0,43,1,1,108.15,4600.7,1,0,0,1,0,0,1,0,1,0,0,0,1,0,1,0,1,0,0,1,0,0,5,0,106.99302325581395,1.1569767441860535
7901-TBKJX,1,1,0,0,56,1,1,101.05,5594.0,0,0,1,1,0,0,0,0,0,0,1,0,0,0,1,0,1,0,0,0,1,0,3,0,99.89285714285714,1.1571428571428584
7228-PAQPD,0,0,0,0,14,1,0,59.1,772.85,0,0,0,0,0,0,0,0,0,0,0,0,1,0,0,0,1,1,0,1,0,0,2,0,55.20357142857143,3.8964285714285722
3177-LASXD,0,0,0,0,1,1,0,71.35,71.35,1,0,0,1,0,0,0,0,0,0,0,0,0,0,0,0,0,0,0,0,1,0,0,1,71.35,0.0
7746-QYVCO,1,0,1,1,16,1,1,55.85,857.8,0,0,0,0,0,0,1,0,1,0,0,0,0,0,0,0,0,1,0,0,0,1,2,0,53.6125,2.2375000000000043
5804-HYIEZ,1,0,1,1,70,1,1,106.05,7554.05,0,0,1,1,0,0,1,0,1,0,0,0,0,0,1,0,1,0,0,0,1,0,4,0,107.915,-1.865000000000009
9919-FZDED,1,1,1,0,72,1,1,84.1,5981.65,0,0,1,0,0,0,1,0,1,0,1,0,0,0,1,0,1,0,1,1,0,0,5,0,83.07847222222222,1.0215277777777771
5934-TSSAU,0,0,1,1,23,1,1,75.3,1702.9,0,0,0,1,0,0,0,0,0,0,1,0,0,0,0,0,0,0,0,1,0,0,1,0,74.0391304347826,1.2608695652173907
3486-KHMLI,1,0,0,1,21,1,0,24.7,467.15,0,0,1,0,1,1,0,1,0,1,0,1,0,1,0,1,0,0,0,0,0,1,0,0,22.245238095238093,2.454761904761906
4897-QSUYC,0,0,0,0,1,1,1,20.15,20.15,1,0,0,0,1,1,0,1,0,1,0,1,0,1,0,1,0,0,0,0,0,1,0,1,20.15,0.0
1084-UQCHV,1,0,0,1,1,1,0,69.75,69.75,1,0,0,1,0,0,0,0,0,0,0,0,0,0,0,0,0,0,0,0,0,0,0,1,69.75,0.0
8290-YWKHZ,0,1,1,0,32,1,1,93.2,2931.0,1,0,1,1,0,0,0,0,0,0,0,0,0,0,1,0,1,0,0,0,1,0,2,0,91.59375,1.6062500000000028
2955-BJZHG,1,0,1,1,17,1,0,80.85,1400.85,1,0,0,1,0,0,0,0,0,0,0,0,0,0,1,0,0,0,0,0,1,0,1,0,82.40294117647058,-1.5529411764705827
3806-DXQOM,0,0,0,0,4,0,1,33.65,137.85,1,1,0,0,0,0,1,0,1,0,0,0,0,0,0,0,0,0,0,0,1,0,2,1,34.4625,-0.8125
6784-XYJAE,0,0,0,0,36,1,0,55.8,1941.5,0,0,1,0,0,0,0,0,0,0,1,0,0,0,0,0,0,1,0,0,1,0,1,0,53.93055555555556,1.86944444444444
3933-DQPWX,0,0,0,0,50,0,0,39.7,1932.75,0,1,0,0,0,0,0,0,1,0,1,0,1,0,0,0,0,0,1,1,0,0,3,0,38.655,1.0450000000000017
6661-EIPZC,0,0,1,1,48,0,1,29.5,1423.05,0,1,0,0,0,0,0,0,0,0,0,0,1,0,0,0,0,0,0,1,0,0,1,0,29.646874999999998,-0.14687499999999787
8957-THMOA,0,0,0,1,50,1,0,20.15,970.85,0,0,0,0,1,1,0,1,0,1,0,1,0,1,0,1,0,0,1,1,0,0,0,0,19.417,0.732999999999997
2251-PYLPB,1,0,1,0,72,1,0,79.55,5810.9,0,0,1,0,0,0,1,0,1,0,1,0,1,0,0,0,1,0,1,1,0,0,5,0,80.70694444444445,-1.1569444444444485
5555-RNPGT,1,0,0,1,10,1,0,24.8,223.9,0,0,1,0,1,1,0,1,0,1,0,1,0,1,0,1,0,0,0,1,0,0,0,1,22.39,2.41
1057-FOGLZ,0,0,0,0,18,1,0,19.65,391.7,0,0,0,0,1,1,0,1,0,1,0,1,0,1,0,1,0,0,0,0,0,1,0,0,21.76111111111111,-2.1111111111111107
9300-RENDD,1,0,0,0,1,1,1,79.95,79.95,1,0,0,1,0,0,0,0,0,0,0,0,0,0,1,0,0,0,0,0,1,0,1,1,79.95,0.0
0761-AETCS,0,0,0,0,1,1,0,19.3,19.3,1,0,0,0,1,1,0,1,0,1,0,1,0,1,0,1,0,0,0,0,1,0,0,1,19.3,0.0
8087-LGYHQ,1,0,0,0,9,1,1,94.05,811.65,0,0,0,1,0,0,0,0,0,0,1,0,0,0,1,0,1,0,0,0,1,0,3,1,90.18333333333334,3.86666666666666
4137-BTIKL,1,0,0,0,2,1,0,90.75,174.75,0,0,1,1,0,0,1,0,0,0,0,0,0,0,0,0,1,0,0,0,0,1,2,1,87.375,3.375
2190-BCXEC,0,0,1,0,40,1,1,78.85,3126.85,0,0,1,1,0,0,0,0,0,0,0,0,1,0,0,0,0,0,0,1,0,0,1,0,78.17125,0.6787499999999937
6227-FBDXH,1,0,1,0,69,1,0,99.5,6841.45,0,0,1,1,0,0,0,0,0,0,1,0,0,0,1,0,1,1,0,0,0,0,3,0,99.15144927536231,0.34855072463768977
2153-MREFK,0,0,1,0,37,1,1,99.2,3754.6,1,0,1,1,0,0,1,0,0,0,1,0,1,0,0,0,1,1,0,0,1,0,4,0,101.47567567567567,-2.2756756756756715
2911-WDXMV,1,0,0,1,18,1,1,80.55,1406.65,0,0,1,1,0,0,0,0,0,0,1,0,0,0,0,0,0,0,0,1,0,0,1,0,78.14722222222223,2.4027777777777715
7206-PQBBZ,1,1,1,0,11,1,1,70.2,834.7,0,0,0,1,0,0,0,0,0,0,0,0,0,0,0,0,0,0,0,0,1,0,0,1,75.88181818181819,-5.681818181818187
3106-ULWFW,0,0,1,0,8,1,1,85.2,627.4,1,0,1,1,0,0,0,0,0,0,0,0,0,0,0,0,1,0,0,1,0,0,1,1,78.425,6.775000000000006
0925-VYDLG,0,0,0,0,3,1,0,75.25,242.0,1,0,1,1,0,0,0,0,0,0,0,0,0,0,0,0,0,0,0,0,1,0,0,1,80.66666666666667,-5.416666666666671
4547-FZJWE,1,0,1,1,55,1,0,59.45,3157.0,0,0,0,0,0,0,1,0,0,0,0,0,0,0,0,0,1,1,0,1,0,0,2,0,57.4,2.0500000000000043
7422-WNBTY,1,0,1,0,33,1,1,93.35,3092.0,0,0,1,1,0,0,0,0,1,0,1,0,0,0,0,0,1,0,0,0,1,0,3,0,93.6969696969697,-0.34696969696970825
0842-IWYCP,0,0,0,0,46,1,0,44.95,2168.9,0,0,0,0,0,0,0,0,0,0,0,0,0,0,0,0,0,0,0,0,0,0,0,0,47.15,-2.1999999999999957
3521-HTQTV,1,0,0,0,34,1,0,26.1,980.35,0,0,1,0,1,1,0,1,0,1,0,1,0,1,0,1,0,0,1,0,0,0,0,0,28.833823529411767,-2.733823529411765
3744-ZBHON,0,0,0,0,3,1,0,20.2,65.95,0,0,0,0,1,1,0,1,0,1,0,1,0,1,0,1,0,0,0,0,1,0,0,1,21.983333333333334,-1.783333333333335
3373-DIUUN,1,0,1,1,30,1,0,21.25,711.9,0,0,0,0,1,1,0,1,0,1,0,1,0,1,0,1,0,0,1,0,0,1,0,0,23.73,-2.4800000000000004
8383-SGHJU,0,0,0,0,33,1,0,59.4,1952.8,0,0,1,0,0,0,1,0,0,0,0,0,1,0,0,0,0,1,0,0,1,0,2,0,59.17575757575757,0.22424242424242635
7607-QKKTJ,1,0,1,1,45,1,1,95.0,4368.85,0,0,1,1,0,0,0,0,1,0,1,0,0,0,0,0,1,1,0,1,0,0,3,0,97.08555555555556,-2.0855555555555583
7707-PYBBH,1,0,0,0,40,1,1,61.9,2647.1,0,0,0,0,0,0,1,0,1,0,0,0,1,0,0,0,0,0,0,0,0,1,3,0,66.1775,-4.277499999999996
8984-HPEMB,0,0,0,0,71,1,1,118.65,8477.6,0,0,1,1,0,0,1,0,1,0,1,0,1,0,1,0,1,0,1,0,1,0,6,0,119.40281690140846,-0.7528169014084511
4349-GFQHK,1,0,0,0,1,1,0,54.35,54.35,1,0,1,0,0,0,0,0,0,0,1,0,0,0,0,0,0,0,0,0,1,0,1,1,54.35,0.0
4139-DETXS,0,0,1,1,72,0,0,64.45,4528.0,0,1,0,0,0,0,1,0,1,0,1,0,1,0,1,0,1,0,1,0,0,0,6,0,62.888888888888886,1.5611111111111171
9779-DPNEJ,0,0,1,1,22,1,1,80.15,1790.65,0,0,0,1,0,0,0,0,0,0,0,0,0,0,0,0,1,0,0,0,1,0,1,0,81.39318181818182,-1.2431818181818102
9805-FILKB,1,0,1,1,46,1,1,20.2,845.6,0,0,0,0,1,1,0,1,0,1,0,1,0,1,0,1,0,1,0,0,0,0,0,0,18.382608695652173,1.8173913043478258
5793-YOLJN,0,0,1,1,55,1,0,21.0,1210.3,0,0,0,0,1,1,0,1,0,1,0,1,0,1,0,1,0,0,1,0,0,1,0,0,22.005454545454544,-1.005454545454544
0673-IGUQO,1,0,0,0,1,1,0,20.45,20.45,0,0,0,0,1,1,0,1,0,1,0,1,0,1,0,1,0,0,0,0,0,1,0,1,20.45,0.0
4123-FCVCB,0,0,0,0,12,1,1,75.85,854.45,0,0,1,0,0,0,0,0,0,0,0,0,1,0,1,0,1,1,0,0,0,1,3,1,71.20416666666667,4.645833333333329
8819-IMISP,1,0,0,0,31,1,1,80.45,2429.1,0,0,1,1,0,0,0,0,1,0,0,0,0,0,0,0,0,0,0,0,1,0,1,0,78.35806451612903,2.0919354838709694
7802-EFKNY,1,0,1,0,5,0,1,24.95,100.4,1,1,0,0,0,0,0,0,0,0,0,0,0,0,0,0,0,0,0,0,1,0,0,1,20.080000000000002,4.869999999999997
8311-UEUAB,0,0,1,1,67,1,1,75.5,5229.45,0,0,1,0,0,0,1,0,0,0,0,0,0,0,1,0,1,0,1,0,1,0,3,0,78.05149253731344,-2.551492537313436
5858-EAFCZ,1,0,0,0,1,1,0,44.45,44.45,0,0,0,0,0,0,0,0,0,0,0,0,0,0,0,0,0,0,0,0,0,1,0,1,44.45,0.0
8035-BUYVG,1,0,1,0,40,0,1,42.35,1716.45,1,1,0,0,0,0,1,0,1,0,1,0,0,0,0,0,0,1,0,0,1,0,3,0,42.91125,-0.5612500000000011
1163-ONYEY,1,0,1,1,41,1,1,74.55,3023.55,0,0,1,0,0,0,1,0,1,0,1,0,0,0,1,0,0,0,0,1,0,0,4,0,73.74512195121952,0.8048780487804805
9787-XVQIU,1,0,0,0,1,1,1,75.3,75.3,1,0,1,1,0,0,0,0,0,0,0,0,0,0,0,0,0,0,0,0,1,0,0,1,75.3,0.0
8945-MUQUF,1,0,0,0,51,1,1,94.8,4837.6,1,0,1,1,0,0,1,0,1,0,0,0,0,0,1,0,0,1,0,0,1,0,3,0,94.85490196078432,-0.054901960784320636
5656-MJEFC,1,0,1,1,42,0,0,48.15,2032.3,0,1,0,0,0,0,1,0,0,0,1,0,1,0,1,0,0,0,1,1,0,0,4,0,48.38809523809524,-0.2380952380952408
6082-OQFBA,1,0,1,1,23,1,0,19.65,436.9,0,0,0,0,1,1,0,1,0,1,0,1,0,1,0,1,0,1,0,0,0,1,0,0,18.995652173913044,0.6543478260869549
8051-HJRLT,0,1,0,0,1,1,1,70.55,70.55,1,0,0,1,0,0,0,0,0,0,0,0,0,0,0,0,0,0,0,0,1,0,0,1,70.55,0.0
8974-OVACP,0,0,0,0,1,1,0,20.15,20.15,0,0,0,0,1,1,0,1,0,1,0,1,0,1,0,1,0,0,0,0,0,1,0,1,20.15,0.0
4010-YLMVT,0,0,0,0,56,1,1,106.6,5893.95,0,0,1,1,0,0,1,0,1,0,0,0,0,0,1,0,1,0,0,1,0,0,4,0,105.24910714285714,1.3508928571428527
1379-FRVEB,1,0,0,1,15,1,1,91.0,1430.05,0,0,1,1,0,0,0,0,1,0,0,0,0,0,1,0,0,0,0,0,1,0,2,0,95.33666666666666,-4.336666666666659
8612-GXIDD,1,0,1,1,12,1,1,25.4,313.0,0,0,1,0,1,1,0,1,0,1,0,1,0,1,0,1,0,0,1,0,0,0,0,1,26.083333333333332,-0.6833333333333336
6288-CHQJB,0,0,1,1,54,1,0,69.95,3871.85,0,0,0,0,0,0,1,0,0,0,1,0,1,0,0,0,1,0,1,0,0,0,4,0,71.70092592592593,-1.7509259259259267
8160-HOWOX,0,0,0,0,7,1,1,66.85,458.1,0,0,0,0,0,0,0,0,0,0,0,0,0,0,1,0,1,0,0,0,1,0,2,1,65.44285714285715,1.4071428571428442
3023-GFLBR,0,0,1,1,33,1,0,86.15,2745.7,1,0,1,1,0,0,0,0,0,0,0,0,0,0,0,0,1,0,0,1,0,0,1,0,83.2030303030303,2.9469696969697026
6648-INWPS,1,0,1,1,16,1,0,20.15,341.35,0,0,0,0,1,1,0,1,0,1,0,1,0,1,0,1,0,0,0,0,1,0,0,0,21.334375,-1.1843750000000028
4223-BKEOR,0,0,0,1,21,1,0,64.85,1336.8,0,0,0,0,0,0,1,0,0,0,1,0,0,0,0,0,1,1,0,0,0,1,3,0,63.65714285714286,1.192857142857136
4079-VTGLK,1,1,1,0,30,1,0,74.85,2181.75,0,0,1,0,0,0,0,0,0,0,1,0,0,0,1,0,1,0,1,0,1,0,3,0,72.725,2.125
1763-WQFUK,1,0,0,0,3,1,1,50.5,147.75,0,0,0,0,0,0,0,0,0,0,0,0,1,0,0,0,0,0,0,0,0,1,1,1,49.25,1.25
1391-UBDAR,1,0,0,0,11,1,0,72.9,818.45,0,0,0,1,0,0,0,0,0,0,1,0,0,0,0,0,0,0,0,0,1,0,1,1,74.40454545454546,-1.5045454545454504
8894-JVDCV,0,0,0,0,62,1,1,115.05,7133.45,0,0,1,1,0,0,1,0,1,0,1,0,1,0,1,0,1,1,0,1,0,0,6,0,115.05564516129031,-0.005645161290317446
2023-VQFDL,1,0,0,0,18,1,0,19.0,348.8,0,0,0,0,1,1,0,1,0,1,0,1,0,1,0,1,0,0,0,0,1,0,0,0,19.37777777777778,-0.37777777777778
1345-GKDZZ,1,0,0,1,6,1,0,19.55,128.6,0,0,0,0,1,1,0,1,0,1,0,1,0,1,0,1,0,0,0,0,0,1,0,1,21.433333333333334,-1.8833333333333329
2014-MKGMH,0,0,0,0,46,1,1,101.1,4674.4,0,0,1,1,0,0,0,0,0,0,1,0,0,0,1,0,1,1,0,0,1,0,3,0,101.61739130434782,-0.5173913043478251
5628-FCGYG,1,0,0,0,21,1,1,84.1,1737.45,0,0,1,1,0,0,0,0,0,0,0,0,0,0,0,0,1,0,0,0,1,0,1,0,82.7357142857143,1.3642857142856997
2560-WBWXF,1,0,0,0,68,1,1,24.15,1498.85,0,0,1,0,1,1,0,1,0,1,0,1,0,1,0,1,0,0,1,0,0,0,0,0,22.04191176470588,2.108088235294119
0248-IPDFW,0,0,0,0,1,1,1,50.1,50.1,0,0,1,0,0,0,0,0,0,0,0,0,0,0,0,0,0,0,0,0,1,0,0,1,50.1,0.0
7978-DKUQH,0,0,1,0,25,1,1,74.6,1797.75,0,0,0,1,0,0,0,0,0,0,1,0,0,0,0,0,0,0,0,0,1,0,1,0,71.91,2.6899999999999977
4335-UPJSI,0,0,0,1,24,1,0,19.75,498.1,0,0,0,0,1,1,0,1,0,1,0,1,0,1,0,1,0,0,1,0,0,1,0,0,20.754166666666666,-1.0041666666666664
0524-IAVZO,0,0,1,0,30,1,1,85.0,2624.25,1,0,1,1,0,0,0,0,0,0,0,0,0,0,0,0,1,0,0,0,1,0,1,0,87.475,-2.4749999999999943
2737-YNGYW,0,0,0,0,2,1,0,80.55,184.1,1,0,0,1,0,0,0,0,0,0,0,0,0,0,0,0,1,0,0,0,1,0,1,1,92.05,-11.5
1784-EZDKJ,1,0,1,0,51,1,1,106.8,5498.8,0,0,1,1,0,0,0,0,1,0,1,0,0,0,1,0,1,1,0,0,0,0,4,0,107.81960784313726,-1.0196078431372655
9297-FVVDH,0,0,1,1,57,1,1,84.5,4845.4,0,0,1,0,0,0,1,0,0,0,1,0,1,0,1,0,1,0,1,0,1,0,5,0,85.00701754385965,-0.5070175438596465
8007-YYPWD,0,0,0,0,15,1,0,25.05,369.1,0,0,1,0,1,1,0,1,0,1,0,1,0,1,0,1,0,0,1,0,0,0,0,0,24.60666666666667,0.4433333333333316
7101-HRBLJ,0,0,1,1,72,1,1,83.7,6096.9,0,0,0,0,0,0,1,0,1,0,1,0,1,0,1,0,1,0,1,0,0,0,6,0,84.67916666666666,-0.9791666666666572
5159-YFPKQ,0,0,0,0,2,1,1,75.8,160.75,1,0,0,1,0,0,0,0,0,0,1,0,0,0,0,0,0,0,0,0,1,0,1,1,80.375,-4.575000000000003
6635-CPNUN,1,0,1,0,28,1,0,96.6,2684.35,0,0,1,1,0,0,0,0,1,0,1,0,0,0,1,0,0,0,0,1,0,0,3,0,95.86964285714285,0.7303571428571445
4021-RQSNY,1,1,1,0,29,1,1,98.5,3004.15,1,0,1,1,0,0,0,0,0,0,1,0,0,0,1,0,1,0,0,0,1,0,3,0,103.59137931034483,-5.091379310344834
5453-YBTWV,1,0,1,1,70,1,1,101.1,6994.8,0,0,0,1,0,0,1,0,1,0,1,0,1,0,1,0,0,0,1,1,0,0,5,0,99.92571428571429,1.174285714285702
5039-LZRQT,0,0,0,0,13,1,0,20.2,273.25,0,0,0,0,1,1,0,1,0,1,0,1,0,1,0,1,0,1,0,0,0,1,0,0,21.01923076923077,-0.8192307692307708
2931-VUVJN,0,1,1,0,59,1,1,94.05,5483.9,0,0,1,1,0,0,1,0,1,0,1,0,1,0,0,0,0,1,0,0,1,0,4,0,92.94745762711864,1.1025423728813593
9061-TIHDA,1,1,1,0,13,1,1,95.25,1233.65,1,0,1,1,0,0,0,0,0,0,0,0,0,0,1,0,1,0,0,0,1,0,2,0,94.89615384615385,0.35384615384614904
8699-ASUFO,1,1,1,0,7,1,1,74.4,527.9,1,0,1,1,0,0,0,0,0,0,0,0,0,0,0,0,0,0,0,0,0,1,0,1,75.41428571428571,-1.0142857142857054
6418-PIQSP,0,0,1,0,62,1,0,81.0,4985.9,0,0,0,0,0,0,1,0,0,0,1,0,1,0,1,0,1,0,1,0,0,1,5,0,80.41774193548386,0.5822580645161395
8220-OCUFY,0,0,0,0,21,1,1,60.25,1258.35,0,0,0,0,0,0,1,0,0,0,1,0,1,0,0,0,0,1,0,0,1,0,3,0,59.921428571428564,0.3285714285714363
3995-WFCSM,0,0,0,0,2,1,0,60.85,111.4,0,0,0,0,0,0,0,0,0,0,1,0,0,0,0,0,1,0,0,0,1,0,2,1,55.7,5.149999999999999
1895-QTKDO,0,0,0,0,1,1,0,43.95,43.95,0,0,0,0,0,0,0,0,0,0,0,0,0,0,0,0,0,0,0,1,0,0,0,1,43.95,0.0
2038-OEQZH,1,0,0,0,4,1,0,86.05,308.1,0,0,0,1,0,0,0,0,0,0,1,0,0,0,0,0,1,0,0,0,1,0,2,1,77.025,9.024999999999991
1178-PZGAB,0,0,0,0,19,1,0,20.25,383.65,0,0,0,0,1,1,0,1,0,1,0,1,0,1,0,1,0,1,0,1,0,0,0,0,20.192105263157895,0.05789473684210478
7927-AUXBZ,0,0,0,0,30,1,0,85.15,2555.9,1,0,0,1,0,0,0,0,0,0,0,0,1,0,1,0,0,0,0,0,1,0,2,0,85.19666666666667,-0.046666666666666856
2626-VEEWG,1,0,1,1,67,1,1,19.4,1284.2,0,0,0,0,1,1,0,1,0,1,0,1,0,1,0,1,0,0,1,1,0,0,0,0,19.16716417910448,0.23283582089552013
2878-RMWXY,1,1,1,0,72,1,1,102.65,7550.3,0,0,1,1,0,0,1,0,1,0,1,0,0,0,0,0,1,0,1,1,0,0,4,0,104.86527777777778,-2.2152777777777715
1657-DYMBM,1,0,1,0,53,1,0,19.9,1110.05,0,0,0,0,1,1,0,1,0,1,0,1,0,1,0,1,0,0,1,1,0,0,0,0,20.944339622641508,-1.044339622641509
7311-MQJCH,0,0,0,0,5,1,0,19.55,99.6,0,0,0,0,1,1,0,1,0,1,0,1,0,1,0,1,0,1,0,0,1,0,0,1,19.919999999999998,-0.36999999999999744
7375-WMVMT,1,1,1,0,71,1,1,95.5,6707.15,0,0,0,1,0,0,0,0,1,0,1,0,1,0,0,0,1,0,1,1,0,0,4,0,94.4669014084507,1.0330985915493045
1136-XGEQU,0,0,1,1,50,1,1,84.15,4164.4,0,0,1,0,0,0,0,0,1,0,1,0,1,0,1,0,1,1,0,1,0,0,5,0,83.288,0.862000000000009
2530-FMFXO,1,0,1,1,56,1,1,103.2,5873.75,0,0,1,1,0,0,0,0,0,0,1,0,1,0,1,0,1,0,1,0,1,0,4,0,104.88839285714286,-1.6883928571428584
6844-DZKRF,1,0,0,0,2,1,1,50.2,109.25,0,0,0,0,0,0,0,0,0,0,0,0,1,0,0,0,0,0,0,1,0,0,1,1,54.625,-4.424999999999997
4695-WJZUE,0,1,0,0,2,1,1,88.55,179.25,1,0,1,1,0,0,0,0,0,0,1,0,0,0,0,0,1,0,0,0,1,0,2,1,89.625,-1.0750000000000028
7619-ODSGN,1,0,1,1,24,1,0,54.75,1338.15,1,0,1,0,0,0,1,0,0,0,0,0,0,0,0,0,0,0,0,0,1,0,1,0,55.75625,-1.0062500000000014
5970-GHJAW,1,0,1,1,46,1,0,19.95,862.4,0,0,0,0,1,1,0,1,0,1,0,1,0,1,0,1,0,0,1,1,0,0,0,0,18.747826086956522,1.2021739130434774
8879-XUAHX,1,0,1,0,71,1,1,116.25,8564.75,0,0,1,1,0,0,1,0,1,0,1,0,1,0,1,0,1,0,1,0,1,0,6,0,120.63028169014085,-4.380281690140848
3689-MOZGR,0,0,0,0,29,0,1,31.2,926.2,0,1,0,0,0,0,0,0,0,0,0,0,1,0,0,0,0,0,0,0,1,0,1,0,31.93793103448276,-0.7379310344827594
4195-PNGZS,1,0,1,1,69,1,0,24.45,1718.2,0,0,1,0,1,1,0,1,0,1,0,1,0,1,0,1,0,0,1,0,0,0,0,0,24.90144927536232,-0.4514492753623216
5003-XZWWO,1,0,1,0,71,1,0,84.2,5956.85,0,0,1,0,0,0,0,0,1,0,1,0,1,0,1,0,1,0,1,1,0,0,5,0,83.8992957746479,0.3007042253521064
3988-RQIXO,0,1,0,0,1,1,1,91.3,91.3,1,0,0,1,0,0,0,0,0,0,0,0,0,0,1,0,1,0,0,0,1,0,2,1,91.3,0.0
7622-FWGEW,1,1,1,0,56,1,1,85.65,4824.45,0,0,0,0,0,0,1,0,1,0,1,0,1,0,1,0,1,0,1,0,0,0,6,0,86.15089285714285,-0.5008928571428442
6922-NCEDI,1,0,0,1,56,1,1,21.2,1238.65,0,0,0,0,1,1,0,1,0,1,0,1,0,1,0,1,0,1,0,0,0,1,0,0,22.118750000000002,-0.9187500000000028
2514-GINMM,1,0,0,0,1,1,1,79.5,79.5,1,0,0,1,0,0,0,0,0,0,0,0,0,0,1,0,0,0,0,0,1,0,1,1,79.5,0.0
9891-NQDBD,0,0,1,0,28,1,0,25.55,672.2,0,0,1,0,1,1,0,1,0,1,0,1,0,1,0,1,0,1,0,0,0,1,0,0,24.00714285714286,1.542857142857141
6131-IUNXN,0,0,1,1,19,1,0,20.2,382.2,0,0,0,0,1,1,0,1,0,1,0,1,0,1,0,1,0,0,0,0,0,1,0,0,20.11578947368421,0.08421052631578974
8548-AWOFC,1,0,1,0,66,1,0,63.85,4264.6,0,0,1,0,0,0,0,0,0,0,0,0,1,0,0,0,1,0,0,0,1,0,2,0,64.61515151515152,-0.7651515151515227
9798-DRYDS,0,0,1,1,17,1,1,61.95,1070.7,0,0,1,0,0,0,0,0,0,0,1,0,1,0,0,0,0,1,0,0,0,1,2,0,62.98235294117647,-1.0323529411764696
8532-UEFWH,1,0,1,1,52,1,0,25.75,1345.85,0,0,1,0,1,1,0,1,0,1,0,1,0,1,0,1,0,0,1,0,0,1,0,0,25.881730769230767,-0.1317307692307672
6296-DDOOR,0,0,0,0,19,1,0,58.2,1045.25,0,0,0,0,0,0,0,0,1,0,0,0,0,0,1,0,0,1,0,0,1,0,2,0,55.01315789473684,3.1868421052631604
7951-VRDVK,0,0,0,0,36,1,0,85.85,3003.55,0,0,0,0,0,0,1,0,1,0,1,0,1,0,1,0,1,1,0,0,0,0,6,0,83.43194444444445,2.41805555555554
5931-FLJJF,1,1,1,0,7,1,1,70.1,467.55,1,0,0,1,0,0,0,0,0,0,0,0,0,0,0,0,0,0,0,0,0,1,0,1,66.79285714285714,3.30714285714285
4815-YOSUK,1,0,1,1,72,1,1,104.9,7537.5,0,0,1,1,0,0,1,0,1,0,1,0,1,0,0,0,1,1,0,1,0,0,5,0,104.6875,0.21250000000000568
2659-VXMWZ,1,0,1,1,67,1,1,111.3,7482.1,1,0,1,1,0,0,1,0,1,0,1,0,0,0,1,0,1,1,0,0,1,0,5,0,111.67313432835822,-0.37313432835821914
0380-NEAVX,1,1,0,0,34,1,1,99.85,3343.15,0,0,0,1,0,0,0,0,1,0,1,0,0,0,1,0,1,1,0,0,1,0,4,0,98.32794117647059,1.522058823529406
3207-OYBWH,1,1,1,0,57,1,1,95.25,5427.05,1,0,1,1,0,0,0,0,1,0,1,0,0,0,0,0,1,0,0,0,0,0,3,0,95.21140350877194,0.038596491228062746
4285-GYRQC,0,0,1,0,7,1,1,86.25,587.1,1,0,0,1,0,0,0,0,0,0,1,0,0,0,1,0,0,0,0,0,1,0,2,1,83.87142857142858,2.3785714285714192
7216-EWTRS,0,1,1,0,1,1,1,100.8,100.8,1,0,1,1,0,0,0,0,0,0,1,0,0,0,1,0,1,0,0,0,1,0,3,1,100.8,0.0
4365-MSDYN,1,0,1,0,8,1,1,19.55,161.15,0,0,0,0,1,1,0,1,0,1,0,1,0,1,0,1,0,0,0,0,0,0,0,1,20.14375,-0.59375
7036-TYDEC,0,0,0,0,69,1,0,104.0,7028.5,0,0,1,1,0,0,0,0,0,0,1,0,1,0,1,0,1,0,1,0,1,0,4,0,101.8623188405797,2.1376811594202962
5802-ADBRC,0,0,1,0,50,1,1,104.4,5232.9,0,0,1,1,0,0,1,0,0,0,1,0,0,0,1,0,1,1,0,0,0,1,4,0,104.65799999999999,-0.25799999999998136
8076-FEZKJ,1,0,0,0,10,1,0,19.5,225.85,0,0,0,0,1,1,0,1,0,1,0,1,0,1,0,1,0,1,0,0,0,1,0,1,22.585,-3.085000000000001
5197-YPYBZ,0,0,1,1,12,1,0,25.25,274.7,0,0,1,0,1,1,0,1,0,1,0,1,0,1,0,1,0,0,1,1,0,0,0,1,22.891666666666666,2.3583333333333343
8337-MSSXB,0,0,0,0,14,1,1,86.3,1180.95,1,0,0,1,0,0,0,0,1,0,0,0,0,0,0,0,1,0,0,0,1,0,2,0,84.35357142857143,1.9464285714285694
4312-GVYNH,0,0,1,0,70,0,1,49.85,3370.2,0,1,0,0,0,0,1,0,0,0,1,0,1,0,0,0,1,0,1,0,0,0,4,0,48.145714285714284,1.7042857142857173
8495-LJDFO,0,1,0,0,64,1,1,108.95,7111.3,0,0,1,1,0,0,1,0,0,0,1,0,1,0,1,0,1,0,0,0,0,0,5,0,111.1140625,-2.1640625
0839-JTCUD,0,0,1,1,66,1,0,89.9,5958.85,0,0,1,0,0,0,1,0,1,0,1,0,1,0,1,0,1,0,1,1,0,0,6,0,90.28560606060607,-0.38560606060606517
5494-WOZRZ,0,0,1,1,71,1,1,82.0,5999.85,0,0,0,0,0,0,1,0,0,0,1,0,1,0,1,0,1,0,1,1,0,0,5,0,84.5049295774648,-2.504929577464793
1302-UHBDD,1,1,0,0,20,1,0,89.95,1648.45,0,0,0,1,0,0,0,0,0,0,0,0,0,0,1,0,1,0,0,0,1,0,2,0,82.4225,7.527500000000003
2234-EOFPT,1,0,1,0,72,1,1,79.35,5753.25,0,0,0,0,0,0,1,0,1,0,0,0,1,0,1,0,1,0,1,0,0,0,5,0,79.90625,-0.5562500000000057
8619-IJNDK,0,0,1,1,71,1,0,64.05,4492.9,0,0,0,0,0,0,1,0,1,0,1,0,1,0,0,0,0,0,1,1,0,0,4,0,63.28028169014084,0.769718309859158
8378-LKJAF,1,0,1,1,38,1,1,101.15,3956.7,0,0,1,1,0,0,0,0,0,0,1,0,0,0,1,0,1,0,0,1,0,0,3,0,104.1236842105263,-2.973684210526301
8182-BJDSI,0,0,0,0,28,1,1,89.95,2625.55,1,0,1,1,0,0,0,0,1,0,0,0,0,0,0,0,1,0,0,0,1,0,2,0,93.76964285714287,-3.819642857142867
2528-HFYZX,1,1,1,0,17,1,1,76.45,1233.4,1,0,0,1,0,0,0,0,1,0,0,0,0,0,0,0,0,0,0,0,1,0,1,0,72.5529411764706,3.897058823529406
1153-GNOLC,1,0,0,0,33,0,1,39.1,1309.0,0,1,0,0,0,0,0,0,1,0,0,0,0,0,1,0,0,1,0,0,1,0,2,0,39.666666666666664,-0.5666666666666629
3298-QEICA,0,0,1,1,23,0,0,34.6,813.45,0,1,0,0,0,0,1,0,0,0,0,0,1,0,0,0,0,0,1,0,0,1,2,0,35.36739130434783,-0.7673913043478251
0788-DXBFY,1,0,1,1,58,1,1,19.55,1108.8,0,0,0,0,1,1,0,1,0,1,0,1,0,1,0,1,0,1,0,0,1,0,0,0,19.117241379310343,0.43275862068965765
3597-YASZG,0,1,1,0,70,1,1,104.45,7349.35,0,0,1,1,0,0,0,0,1,0,0,0,1,0,1,0,1,0,1,0,0,0,4,0,104.99071428571429,-0.5407142857142873
3496-LFSZU,1,0,1,0,4,1,0,70.5,294.2,0,0,0,1,0,0,0,0,0,0,0,0,0,0,0,0,0,0,0,0,1,0,0,1,73.55,-3.049999999999997
5242-UOWHD,1,0,1,1,45,1,0,20.35,929.2,0,0,0,0,1,1,0,1,0,1,0,1,0,1,0,1,0,0,1,0,0,1,0,0,20.64888888888889,-0.2988888888888894
2482-CZGBB,1,0,0,0,10,1,1,70.0,740.0,1,0,0,1,0,0,0,0,0,0,0,0,0,0,0,0,0,0,0,0,1,0,0,1,74.0,-4.0
6479-SZPLM,1,0,1,1,36,1,0,19.45,754.5,0,0,0,0,1,1,0,1,0,1,0,1,0,1,0,1,0,0,1,1,0,0,0,0,20.958333333333332,-1.5083333333333329
8097-VBQTZ,1,0,0,0,54,1,1,69.9,3883.3,0,0,0,0,0,0,1,0,1,0,0,0,1,0,1,0,0,0,0,0,0,1,4,0,71.91296296296296,-2.012962962962959
4500-HKANN,1,0,1,1,23,1,0,59.7,1414.2,0,0,1,0,0,0,0,0,1,0,0,0,1,0,0,0,0,0,1,0,0,1,2,0,61.48695652173913,-1.7869565217391283
9917-KWRBE,0,0,1,1,41,1,1,78.35,3211.2,0,0,1,0,0,0,1,0,1,0,1,0,0,0,1,0,0,1,0,1,0,0,4,0,78.32195121951219,0.02804878048780779
3420-ZDBMA,1,1,0,0,5,1,1,71.45,371.6,0,0,0,1,0,0,0,0,0,0,0,0,0,0,0,0,0,0,0,0,0,1,0,1,74.32000000000001,-2.8700000000000045
2212-LYASK,1,0,1,1,27,0,1,45.85,1246.4,0,1,0,0,0,0,0,0,1,0,1,0,0,0,0,0,1,1,0,1,0,0,3,0,46.162962962962965,-0.31296296296296333
1393-IMKZG,0,0,0,0,1,1,1,95.85,95.85,0,0,0,1,0,0,0,0,0,0,0,0,1,0,1,0,1,0,0,0,1,0,3,1,95.85,0.0
8069-RHUXK,0,0,1,1,67,0,0,35.7,2545.7,0,1,0,0,0,0,1,0,0,0,0,0,1,0,0,0,0,0,1,1,0,0,2,0,37.9955223880597,-2.2955223880596947
3398-GCPMU,0,1,1,1,72,1,1,89.55,6448.85,0,0,1,0,0,0,1,0,1,0,1,0,1,0,1,0,1,0,1,1,0,0,6,0,89.56736111111111,-0.01736111111111427
2908-WGAXL,0,0,1,1,56,1,1,24.95,1468.9,0,0,1,0,1,1,0,1,0,1,0,1,0,1,0,1,0,0,1,1,0,0,0,0,26.230357142857144,-1.2803571428571452
3378-AJRAO,1,0,1,1,44,1,0,24.85,1013.6,0,0,1,0,1,1,0,1,0,1,0,1,0,1,0,1,0,1,0,0,1,0,0,0,23.036363636363635,1.8136363636363662
1013-QCWAM,0,1,1,0,66,1,1,100.8,6690.75,0,0,1,1,0,0,0,0,1,0,0,0,0,0,1,0,1,0,0,0,1,0,3,0,101.375,-0.5750000000000028
0866-QLSIR,0,0,0,0,34,1,1,64.4,2088.75,1,0,1,0,0,0,1,0,1,0,0,0,1,0,0,0,0,1,0,0,0,1,3,0,61.43382352941177,2.9661764705882376
6050-FFXES,0,0,1,0,69,1,0,105.35,7240.65,0,0,1,1,0,0,0,0,0,0,1,0,1,0,1,0,1,0,1,0,0,0,4,0,104.93695652173912,0.4130434782608745
7181-BQYBV,0,0,1,1,1,1,1,102.45,102.45,1,0,1,1,0,0,1,0,0,0,1,0,0,0,1,0,1,0,0,0,1,0,4,1,102.45,0.0
0362-RAOQO,0,0,0,0,40,1,0,19.65,830.25,0,0,0,0,1,1,0,1,0,1,0,1,0,1,0,1,0,0,1,1,0,0,0,0,20.75625,-1.1062500000000028
9554-DFKIC,1,0,1,1,30,1,1,54.45,1588.7,0,0,1,0,0,0,1,0,0,0,0,0,0,0,0,0,0,0,0,0,0,0,1,0,52.95666666666667,1.4933333333333323
5527-ACHSO,0,0,0,0,11,1,0,70.5,829.3,0,0,0,0,0,0,0,0,0,0,0,0,1,0,1,0,1,0,0,0,0,1,3,1,75.39090909090909,-4.890909090909091
0829-DDVLK,0,0,0,0,15,1,0,20.1,302.45,0,0,0,0,1,1,0,1,0,1,0,1,0,1,0,1,0,1,0,1,0,0,0,0,20.163333333333334,-0.06333333333333258
1399-UBQIU,1,0,0,0,11,1,1,69.35,712.25,0,0,0,0,0,0,0,0,0,0,1,0,0,0,1,0,1,0,0,0,1,0,3,1,64.75,4.599999999999994
1813-JLKWR,0,0,1,1,64,1,0,19.8,1336.65,0,0,0,0,1,1,0,1,0,1,0,1,0,1,0,1,0,1,0,0,0,0,0,0,20.88515625,-1.0851562500000007
0336-PIKEI,1,1,1,0,72,1,0,74.4,5360.75,0,0,0,0,0,0,1,0,1,0,1,0,1,0,1,0,0,0,1,0,0,0,5,0,74.45486111111111,-0.054861111111108585
7322-OCWHC,1,1,1,0,72,1,1,93.05,6735.05,0,0,1,1,0,0,1,0,1,0,1,0,1,0,0,0,0,0,1,0,0,0,4,0,93.54236111111112,-0.4923611111111228
9537-VHDTA,0,0,0,1,1,1,0,51.2,51.2,0,0,0,0,0,0,1,0,0,0,0,0,0,0,0,0,0,0,0,0,0,1,1,1,51.2,0.0
4957-TIALW,0,0,0,1,15,1,0,65.6,1010.0,0,0,0,0,0,0,1,0,1,0,1,0,1,0,0,0,0,1,0,1,0,0,4,0,67.33333333333333,-1.7333333333333343
2054-PJOCK,0,0,0,0,60,1,0,80.55,4847.05,0,0,1,0,0,0,0,0,0,0,1,0,1,0,1,0,1,1,0,1,0,0,4,0,80.78416666666666,-0.23416666666666686
9150-HEPMB,1,0,0,0,56,1,0,52.7,3019.7,0,0,0,0,0,0,1,0,0,0,1,0,0,0,0,0,0,1,0,0,0,1,2,0,53.92321428571428,-1.2232142857142776
9030-QGZNL,0,0,0,0,8,1,0,20.85,161.65,0,0,0,0,1,1,0,1,0,1,0,1,0,1,0,1,0,0,1,0,0,1,0,1,20.20625,0.6437500000000007
6204-IEUXJ,0,0,0,0,3,1,0,80.1,217.55,1,0,0,1,0,0,0,0,0,0,1,0,1,0,0,0,0,0,0,1,0,0,2,1,72.51666666666667,7.583333333333329
3126-WQMGH,0,0,1,0,49,1,1,52.15,2583.75,0,0,1,0,0,0,0,0,0,0,0,0,0,0,0,0,0,0,0,1,0,0,0,0,52.72959183673469,-0.5795918367346928
4529-CKBCL,0,0,0,0,2,1,1,80.2,146.05,1,0,0,1,0,0,0,0,0,0,0,0,0,0,1,0,0,0,0,0,1,0,1,1,73.025,7.174999999999997
2506-CLAKW,0,0,0,0,6,1,1,98.15,567.45,1,0,0,1,0,0,1,0,1,0,1,0,1,0,0,0,1,0,0,0,0,0,5,1,94.575,3.575000000000003
7176-WRTNX,1,0,0,0,70,1,1,114.95,7711.25,0,0,1,1,0,0,1,0,1,0,1,0,1,0,1,0,1,0,1,0,0,0,6,0,110.16071428571429,4.789285714285711
1583-IHQZE,1,0,0,0,12,1,1,112.95,1384.75,1,0,1,1,0,0,0,0,1,0,1,0,1,0,1,0,1,0,0,0,0,1,5,1,115.39583333333333,-2.4458333333333258
5732-IKGQH,1,1,1,0,52,1,1,104.45,5481.25,0,0,0,1,0,0,1,0,0,0,1,0,1,0,1,0,1,1,0,0,0,0,5,0,105.40865384615384,-0.9586538461538368
9239-GZHZE,0,0,1,0,72,1,1,113.65,8124.2,0,0,1,1,0,0,1,0,1,0,1,0,1,0,1,0,1,0,1,1,0,0,6,0,112.83611111111111,0.8138888888888971
7205-BAIAD,0,0,0,0,40,1,1,20.6,827.3,0,0,0,0,1,1,0,1,0,1,0,1,0,1,0,1,0,0,1,0,0,0,0,0,20.682499999999997,-0.08249999999999602
0151-ONTOV,0,0,0,0,1,1,0,70.9,70.9,1,0,0,1,0,0,0,0,0,0,0,0,0,0,0,0,0,0,0,0,0,1,0,1,70.9,0.0
4140-MUHUG,0,1,0,0,3,1,1,86.85,220.95,1,0,0,1,0,0,0,0,0,0,1,0,0,0,1,0,0,0,0,0,1,0,2,1,73.64999999999999,13.200000000000003
0093-EXYQL,0,1,0,0,40,1,1,91.55,3673.6,0,0,0,1,0,0,0,0,0,0,0,0,0,0,1,0,1,0,0,0,1,0,2,0,91.84,-0.29000000000000625
8064-RAVOH,1,0,0,1,1,1,1,49.85,49.85,0,0,0,0,0,0,0,0,0,0,1,0,0,0,0,0,0,0,0,0,1,0,1,1,49.85,0.0
0219-QAERP,1,0,1,0,30,1,0,19.8,576.65,0,0,0,0,1,1,0,1,0,1,0,1,0,1,0,1,0,1,0,1,0,0,0,0,19.221666666666668,0.5783333333333331
0320-JDNQG,1,0,1,1,23,1,1,99.85,2331.3,1,0,0,1,0,0,1,0,0,0,0,0,1,0,1,0,1,0,0,0,1,0,4,0,101.3608695652174,-1.510869565217405
7180-PISOG,1,0,1,1,1,1,1,74.5,74.5,1,0,1,1,0,0,0,0,0,0,0,0,0,0,0,0,0,0,0,0,1,0,0,1,74.5,0.0
9168-INPSZ,0,1,1,0,44,1,0,104.15,4495.65,0,0,1,1,0,0,0,0,0,0,1,0,1,0,1,0,1,0,0,0,1,0,4,0,102.17386363636363,1.9761363636363711
3571-RFHAR,1,0,0,0,65,1,1,109.15,6941.2,1,0,1,1,0,0,0,0,1,0,1,0,1,0,1,0,1,0,0,0,1,0,5,0,106.78769230769231,2.362307692307695
0015-UOCOJ,0,1,0,0,7,1,1,48.2,340.35,0,0,0,0,0,0,1,0,0,0,0,0,0,0,0,0,0,0,0,0,1,0,1,1,48.621428571428574,-0.4214285714285708
5334-AFQJB,1,1,0,0,72,1,1,25.1,1789.9,0,0,1,0,1,1,0,1,0,1,0,1,0,1,0,1,0,0,1,1,0,0,0,0,24.859722222222224,0.24027777777777715
2754-SDJRD,0,1,0,0,8,1,1,100.15,908.55,0,0,1,1,0,0,0,0,0,0,0,0,1,0,1,0,1,0,0,1,0,0,3,1,113.56875,-13.418749999999989
9578-VRMNM,0,0,0,0,16,1,1,65.2,1043.35,1,0,1,0,0,0,0,0,0,0,1,0,0,0,0,0,1,0,0,1,0,0,2,0,65.209375,-0.009374999999991473
1587-FKLZB,1,1,1,1,66,1,1,99.5,6822.15,1,0,1,1,0,0,0,0,0,0,1,0,0,0,1,0,1,0,0,1,0,0,3,0,103.36590909090908,-3.865909090909085
6140-QNRQQ,1,0,0,0,1,1,1,71.55,71.55,1,0,0,1,0,0,0,0,0,0,0,0,0,0,0,0,0,0,0,0,0,1,0,1,71.55,0.0
8963-JLGJT,1,0,0,1,3,1,0,55.9,157.55,0,0,0,0,0,0,1,0,0,0,1,0,0,0,0,0,0,0,0,0,0,1,2,1,52.51666666666667,3.3833333333333258
4307-KTUMW,1,0,1,0,53,1,0,93.9,5029.2,1,0,1,1,0,0,1,0,0,0,1,0,0,0,0,0,1,0,0,0,1,0,3,0,94.89056603773585,-0.9905660377358458
1465-LNTLJ,1,1,1,0,8,1,1,64.4,581.7,0,0,0,0,0,0,0,0,0,0,1,0,1,0,0,0,1,0,0,1,0,0,3,1,72.7125,-8.3125
5440-FLBQG,1,1,1,0,69,1,1,108.4,7318.2,1,0,1,1,0,0,0,0,1,0,1,0,1,0,1,0,1,0,1,0,0,0,5,0,106.06086956521739,2.339130434782618
2135-DQWAQ,0,0,0,0,5,1,1,85.3,420.45,0,0,0,1,0,0,0,0,1,0,0,0,0,0,1,0,0,0,0,0,0,1,2,1,84.09,1.2099999999999937
4056-QHXHZ,0,0,1,1,72,1,0,107.45,7576.7,0,0,1,1,0,0,1,0,0,0,1,0,1,0,1,0,1,0,1,0,0,1,5,0,105.23194444444444,2.2180555555555657
7470-MCQTK,0,0,1,0,13,0,1,48.75,633.4,1,1,0,0,0,0,0,0,0,0,1,0,0,0,1,0,1,0,0,0,0,0,3,0,48.723076923076924,0.02692307692307594
7488-MXJIV,0,0,0,0,4,1,1,85.65,321.65,1,0,1,1,0,0,0,0,0,0,0,0,0,0,1,0,0,0,0,0,1,0,1,1,80.4125,5.237500000000011
7401-JIXNM,0,0,1,1,54,1,0,91.3,4965.0,0,0,1,0,0,0,1,0,1,0,1,0,1,0,1,0,1,0,1,1,0,0,6,0,91.94444444444444,-0.6444444444444457
9339-FIIJL,1,0,1,0,72,1,0,85.95,6151.9,0,0,1,0,0,0,0,0,1,0,1,0,1,0,1,0,1,0,1,0,0,0,5,0,85.44305555555555,0.5069444444444571
2027-FECZV,1,0,0,0,12,1,1,106.7,1253.9,1,0,1,1,0,0,0,0,1,0,1,0,0,0,1,0,1,0,0,0,1,0,4,1,104.49166666666667,2.2083333333333286
2672-DZUOY,1,0,0,0,1,0,1,25.15,25.15,1,1,0,0,0,0,0,0,0,0,0,0,0,0,0,0,0,0,0,0,1,0,0,1,25.15,0.0
4706-DGAHW,1,1,0,0,1,1,0,45.2,45.2,0,0,0,0,0,0,0,0,0,0,0,0,0,0,0,0,0,0,0,0,1,0,0,1,45.2,0.0
3870-MQAMG,0,0,1,0,54,1,0,110.35,5893.15,1,0,1,1,0,0,0,0,1,0,1,0,1,0,1,0,1,1,0,0,1,0,5,0,109.1324074074074,1.2175925925925952
6670-MFRPK,1,0,1,1,69,1,1,79.2,5420.65,0,0,1,1,0,0,0,0,0,0,1,0,0,0,0,0,0,0,1,1,0,0,1,0,78.56014492753623,0.6398550724637744
6177-PEVRA,0,0,0,0,48,1,0,55.5,2627.35,0,0,0,0,0,0,1,0,1,0,0,0,0,0,0,0,0,0,1,1,0,0,2,0,54.73645833333333,0.7635416666666686
4800-CZMPC,0,0,1,1,48,1,1,103.25,5037.55,1,0,1,1,0,0,1,0,1,0,0,0,0,0,1,0,1,1,0,1,0,0,4,0,104.94895833333334,-1.6989583333333371
4813-HQMGZ,0,0,1,0,8,1,1,90.25,743.75,0,0,1,1,0,0,0,0,0,0,0,0,1,0,0,0,1,0,0,0,1,0,2,1,92.96875,-2.71875
7579-KKLOE,1,0,1,1,71,1,1,91.25,6589.6,0,0,1,0,0,0,1,0,1,0,1,0,1,0,1,0,1,0,1,0,0,1,6,0,92.8112676056338,-1.5612676056338017
7377-DMMRI,1,0,0,0,2,1,1,47.8,92.45,1,0,0,0,0,0,1,0,0,0,0,0,0,0,0,0,0,0,0,0,1,0,1,1,46.225,1.5749999999999957
8402-EIVQS,1,0,1,0,67,1,1,100.9,6733.15,0,0,0,1,0,0,1,0,1,0,0,0,0,0,1,0,1,1,0,1,0,0,4,0,100.49477611940299,0.4052238805970205
4947-DSMXK,1,0,1,1,34,1,1,97.7,3410.0,0,0,1,1,0,0,0,0,1,0,0,0,0,0,1,0,1,0,0,0,0,0,3,0,100.29411764705883,-2.594117647058823
7245-NIIWQ,0,0,0,0,3,1,1,69.85,199.85,0,0,0,1,0,0,0,0,0,0,0,0,0,0,0,0,0,0,0,0,1,0,0,1,66.61666666666666,3.2333333333333343
0002-ORFBO,0,0,1,1,9,1,1,65.6,593.3,0,0,0,0,0,0,0,0,1,0,0,0,1,0,1,0,0,1,0,0,0,1,3,1,65.92222222222222,-0.32222222222222285
3324-OIRTO,1,0,1,1,71,1,1,104.65,7288.4,0,0,0,1,0,0,1,0,1,0,1,0,0,0,1,0,1,1,0,0,0,0,5,0,102.65352112676055,1.9964788732394538
5414-OFQCB,1,0,0,0,57,1,1,90.45,5229.8,0,0,1,1,0,0,0,0,0,0,0,0,1,0,1,0,0,0,1,1,0,0,2,0,91.75087719298246,-1.3008771929824547
4967-WPNCF,1,0,0,0,72,0,1,63.7,4464.8,0,1,0,0,0,0,1,0,1,0,1,0,1,0,1,0,1,0,1,0,0,0,6,0,62.01111111111111,1.68888888888889
8552-OBVRU,0,1,1,1,48,1,1,104.5,5068.05,0,0,0,1,0,0,1,0,0,0,1,0,1,0,1,0,1,0,0,0,1,0,5,0,105.58437500000001,-1.0843750000000085
8499-BRXTD,1,0,0,0,18,1,0,20.1,401.85,0,0,0,0,1,1,0,1,0,1,0,1,0,1,0,1,0,1,0,0,0,1,0,0,22.325000000000003,-2.2250000000000014
9154-QDGTH,1,0,1,1,43,1,1,104.3,4451.85,0,0,1,1,0,0,0,0,0,0,1,0,1,0,1,0,1,1,0,1,0,0,4,0,103.53139534883722,0.7686046511627751
8197-BFWVU,0,0,1,1,72,1,1,93.25,6688.95,0,0,1,0,0,0,1,0,1,0,1,0,1,0,1,0,1,0,1,0,0,0,6,0,92.90208333333334,0.3479166666666629
2577-GVSIL,1,0,1,1,35,1,1,73.45,2661.1,0,0,1,0,0,0,0,0,0,0,0,0,1,0,1,0,1,1,0,0,0,0,3,0,76.03142857142856,-2.5814285714285603
9367-OIUXP,1,0,0,0,4,1,0,20.7,73.05,0,0,0,0,1,1,0,1,0,1,0,1,0,1,0,1,0,0,0,0,0,1,0,1,18.2625,2.4375
6770-UAYGJ,0,0,1,1,49,1,0,25.25,1211.65,0,0,1,0,1,1,0,1,0,1,0,1,0,1,0,1,0,0,1,0,0,1,0,0,24.727551020408164,0.5224489795918359
6463-HHXJR,0,0,1,1,71,1,0,100.5,7030.65,0,0,1,1,0,0,1,0,1,0,1,0,0,0,1,0,0,0,1,0,0,0,4,0,99.02323943661972,1.4767605633802816
7928-VJYAB,1,0,1,1,11,1,0,90.6,1020.2,0,0,0,1,0,0,0,0,0,0,0,0,0,0,1,0,1,0,0,0,1,0,2,1,92.74545454545455,-2.1454545454545553
1187-WILMM,1,0,1,1,63,1,1,89.4,5597.65,0,0,1,0,0,0,1,0,1,0,1,0,1,0,1,0,1,0,1,1,0,0,6,0,88.8515873015873,0.5484126984127045
9776-OJUZI,0,1,0,0,65,1,1,95.45,6223.3,0,0,1,1,0,0,0,0,1,0,1,0,0,0,1,0,0,0,0,0,0,0,3,0,95.74307692307693,-0.29307692307692434
1306-RPWXZ,0,0,0,1,49,1,0,20.45,1024.65,0,0,0,0,1,1,0,1,0,1,0,1,0,1,0,1,0,0,1,1,0,0,0,0,20.91122448979592,-0.4612244897959208
8949-JTMAY,0,0,0,0,29,1,1,98.6,2933.2,1,0,1,1,0,0,0,0,0,0,1,0,0,0,1,0,1,0,0,1,0,0,3,0,101.14482758620689,-2.5448275862068925
2774-LVQUS,0,1,1,0,15,1,1,83.05,1258.3,1,0,1,1,0,0,0,0,0,0,1,0,1,0,0,0,0,0,0,0,1,0,2,0,83.88666666666667,-0.8366666666666731
3097-PYWXL,0,0,1,1,4,1,1,19.95,82.9,0,0,0,0,1,1,0,1,0,1,0,1,0,1,0,1,0,0,0,0,1,0,0,1,20.725,-0.7750000000000021
2266-SJNAT,0,0,1,0,72,1,0,109.15,7789.6,0,0,1,1,0,0,0,0,1,0,1,0,1,0,1,0,1,1,0,1,0,0,5,0,108.1888888888889,0.9611111111111086
0869-PAPRP,0,1,1,0,26,1,1,85.7,2067.0,0,0,0,1,0,0,0,0,0,0,1,0,0,0,1,0,0,0,0,1,0,0,2,0,79.5,6.200000000000003
4238-JSSWH,0,1,1,0,35,1,0,102.05,3452.55,0,0,1,1,0,0,0,0,0,0,1,0,0,0,1,0,1,0,0,0,0,0,3,0,98.64428571428572,3.405714285714282
2972-YDYUW,0,0,0,0,57,1,0,94.7,5468.95,0,0,1,1,0,0,0,0,1,0,0,0,1,0,0,0,1,1,0,0,1,0,3,0,95.94649122807017,-1.2464912280701697
1104-FEJAM,1,0,1,1,28,1,0,64.4,1802.15,0,0,1,0,0,0,0,0,1,0,0,0,0,0,0,0,1,0,0,0,1,0,2,0,64.3625,0.037500000000008527
2809-ILCYT,0,0,1,0,25,1,1,26.8,733.55,0,0,1,0,1,1,0,1,0,1,0,1,0,1,0,1,0,1,0,0,0,1,0,0,29.342,-2.541999999999998
5499-ECUTN,0,0,1,0,47,1,1,66.05,3021.45,0,0,0,0,0,0,1,0,0,0,1,0,0,0,1,0,0,1,0,1,0,0,3,0,64.28617021276595,1.7638297872340445
4981-FLTMF,0,0,1,1,57,1,0,65.2,3687.85,0,0,1,0,0,0,1,0,1,0,0,0,1,0,0,0,0,0,0,0,0,0,3,0,64.69912280701755,0.5008771929824576
9121-PHQSR,1,1,1,0,16,1,1,85.05,1391.15,0,0,1,1,0,0,0,0,0,0,0,0,0,0,1,0,0,0,0,1,0,0,1,0,86.946875,-1.8968750000000085
3113-IWHLC,1,0,0,0,5,1,1,55.8,274.35,0,0,0,0,0,0,1,0,0,0,1,0,0,0,0,0,0,0,0,0,0,1,2,1,54.870000000000005,0.9299999999999926
3211-ILJTT,1,0,1,0,17,1,1,70.4,1214.05,1,0,0,1,0,0,0,0,0,0,0,0,0,0,0,0,0,0,0,0,0,0,0,0,71.41470588235293,-1.0147058823529278
4612-THJBS,0,1,0,0,56,1,1,104.75,5510.65,1,0,1,1,0,0,0,0,1,0,1,0,0,0,1,0,1,1,0,0,0,0,4,0,98.40446428571428,6.345535714285717
4277-BWBML,1,0,1,1,72,1,0,19.95,1322.85,0,0,0,0,1,1,0,1,0,1,0,1,0,1,0,1,0,0,1,0,0,0,0,0,18.372916666666665,1.5770833333333343
4094-NSEDU,0,1,0,0,21,1,1,94.25,1973.75,1,0,1,1,0,0,0,0,0,0,0,0,0,0,1,0,1,0,0,0,1,0,2,0,93.98809523809524,0.2619047619047592
0234-TEVTT,0,0,1,1,48,0,0,45.0,2196.3,0,1,0,0,0,0,1,0,0,0,1,0,0,0,0,0,1,1,0,1,0,0,3,0,45.75625,-0.7562500000000014
4304-TSPVK,0,0,1,0,68,1,0,114.9,7843.55,0,0,1,1,0,0,1,0,1,0,1,0,1,0,1,0,1,0,1,0,0,0,6,0,115.34632352941176,-0.4463235294117567
1552-AAGRX,0,0,0,0,30,1,0,106.4,3211.9,0,0,1,1,0,0,1,0,0,0,0,0,1,0,1,0,1,0,0,0,0,0,4,0,107.06333333333333,-0.6633333333333269
2637-FKFSY,0,0,1,0,3,1,1,46.1,130.15,0,0,0,0,0,0,0,0,0,0,0,0,0,0,0,0,0,0,0,0,0,1,0,1,43.38333333333333,2.7166666666666686
9796-MVYXX,0,1,0,0,14,0,0,39.7,692.35,0,1,0,0,0,0,1,0,0,0,1,0,1,0,0,0,0,0,1,0,0,1,3,0,49.45357142857143,-9.753571428571426
7874-ECPQJ,0,0,0,1,4,1,1,20.05,85.5,0,0,0,0,1,1,0,1,0,1,0,1,0,1,0,1,0,0,0,0,0,0,0,1,21.375,-1.3249999999999993
0020-INWCK,0,0,1,1,71,1,1,95.75,6849.4,0,0,1,1,0,0,0,0,1,0,1,0,0,0,0,0,1,0,1,1,0,0,3,0,96.47042253521126,-0.7204225352112559
7089-RKVSZ,1,0,1,1,8,1,0,24.4,203.95,0,0,1,0,1,1,0,1,0,1,0,1,0,1,0,1,0,1,0,0,0,1,0,1,25.49375,-1.09375
2683-JXWQQ,1,0,1,1,61,0,0,33.6,2117.2,0,1,0,0,0,0,1,0,0,0,1,0,0,0,0,0,0,0,0,0,0,0,2,0,34.708196721311474,-1.1081967213114723
9548-ZMVTX,1,0,1,1,72,1,0,90.45,6565.85,0,0,1,1,0,0,0,0,1,0,1,0,1,0,0,0,0,0,1,0,0,0,3,0,91.19236111111111,-0.7423611111111086
8739-XNIKG,0,0,0,0,5,1,1,84.0,424.75,0,0,1,1,0,0,0,0,0,0,0,0,0,0,1,0,0,0,0,0,1,0,1,1,84.95,-0.9500000000000028
9755-JHNMN,0,0,0,0,49,1,0,67.4,3306.85,0,0,0,0,0,0,1,0,1,0,1,0,1,0,0,0,0,0,1,0,0,0,4,0,67.48673469387755,-0.08673469387754551
3981-QSVQI,1,0,0,0,8,1,1,19.7,168.9,0,0,0,0,1,1,0,1,0,1,0,1,0,1,0,1,0,0,0,0,0,0,0,1,21.1125,-1.4125000000000014
2789-HQBOU,1,0,0,0,3,1,1,80.35,253.8,0,0,0,1,0,0,0,0,0,0,0,0,0,0,0,0,1,0,0,0,1,0,1,1,84.60000000000001,-4.250000000000014
9424-CMPOG,1,0,1,1,9,1,0,19.6,197.4,0,0,0,0,1,1,0,1,0,1,0,1,0,1,0,1,0,0,1,0,0,1,0,1,21.933333333333334,-2.333333333333332
5067-WJEUN,1,0,1,1,67,1,1,54.2,3838.2,0,0,0,0,0,0,1,0,1,0,0,0,0,0,0,0,0,0,1,0,0,0,2,0,57.286567164179104,-3.086567164179101
3450-WXOAT,1,0,0,0,46,1,1,45.2,2065.15,0,0,0,0,0,0,0,0,0,0,0,0,0,0,0,0,0,0,0,1,0,0,0,0,44.8945652173913,0.3054347826086996
9251-WNSOD,0,0,1,0,67,1,0,75.1,5064.45,0,0,1,0,0,0,1,0,1,0,1,0,0,0,0,0,1,1,0,0,0,1,4,0,75.58880597014925,-0.488805970149258
6974-DAFLI,0,0,1,0,55,1,0,19.7,1140.05,0,0,0,0,1,1,0,1,0,1,0,1,0,1,0,1,0,1,0,0,1,0,0,0,20.728181818181817,-1.0281818181818174
2616-UUTFK,1,0,1,0,33,1,1,72.75,2447.45,0,0,1,0,0,0,1,0,1,0,1,0,0,0,1,0,0,0,0,0,0,0,4,0,74.1651515151515,-1.415151515151507
7064-JHXCE,1,0,1,1,62,1,0,20.05,1263.9,0,0,0,0,1,1,0,1,0,1,0,1,0,1,0,1,0,0,1,1,0,0,0,0,20.385483870967743,-0.33548387096774235
5103-MHMHY,0,0,0,1,1,1,0,45.95,45.95,1,0,0,0,0,0,0,0,0,0,0,0,0,0,0,0,0,0,0,0,0,1,0,1,45.95,0.0
7989-AWGEH,1,0,1,1,49,0,1,39.2,1838.15,0,1,0,0,0,0,1,0,0,0,0,0,0,0,0,0,1,0,0,0,1,0,2,0,37.51326530612245,1.686734693877554
4373-VVHQL,1,0,0,0,1,1,1,44.75,44.75,0,0,0,0,0,0,0,0,0,0,0,0,0,0,0,0,0,0,0,0,1,0,0,1,44.75,0.0
4559-UWIHT,1,0,1,0,14,1,1,82.65,1185.0,0,0,1,1,0,0,0,0,1,0,1,0,0,0,0,0,0,0,0,0,1,0,2,0,84.64285714285714,-1.9928571428571331
7268-IGMFD,1,1,0,0,18,1,0,93.9,1743.9,0,0,1,1,0,0,0,0,0,0,1,0,1,0,1,0,0,0,0,0,0,0,3,0,96.88333333333334,-2.9833333333333343
1846-XWOQN,0,1,0,0,1,1,1,70.15,70.15,1,0,0,1,0,0,0,0,0,0,0,0,0,0,0,0,0,0,0,0,1,0,0,1,70.15,0.0
0235-KGSLC,0,0,0,0,1,1,1,85.55,85.55,1,0,0,1,0,0,0,0,0,0,1,0,0,0,1,0,0,0,0,1,0,0,2,1,85.55,0.0
6650-BWFRT,0,0,1,0,72,1,1,117.15,8529.5,0,0,1,1,0,0,1,0,1,0,1,0,1,0,1,0,1,0,1,1,0,0,6,0,118.46527777777777,-1.3152777777777658
9570-KYEUA,1,0,0,0,64,1,0,99.25,6549.45,0,0,1,1,0,0,1,0,0,0,1,0,1,0,0,0,1,0,1,1,0,0,4,0,102.33515625,-3.085156249999997
6993-YGFJV,1,0,1,0,69,1,1,112.55,7806.5,0,0,1,1,0,0,1,0,1,0,1,0,1,0,1,0,1,0,1,0,0,0,6,0,113.1376811594203,-0.5876811594202991
2712-SYWAY,0,0,0,0,1,1,1,25.7,25.7,0,0,1,0,1,1,0,1,0,1,0,1,0,1,0,1,0,0,0,0,1,0,0,1,25.7,0.0
0730-BGQGF,1,0,1,1,71,1,0,90.3,6287.3,0,0,1,0,0,0,1,0,1,0,1,0,1,0,1,0,1,0,1,1,0,0,6,0,88.55352112676057,1.7464788732394254
5498-IBWPI,0,0,1,1,66,1,1,49.4,3251.85,0,0,0,0,0,0,0,0,0,0,0,0,1,0,0,0,0,1,0,1,0,0,1,0,49.27045454545454,0.12954545454545752
9101-NTIXF,1,0,0,0,2,1,0,19.4,50.6,0,0,0,0,1,1,0,1,0,1,0,1,0,1,0,1,0,0,0,0,0,1,0,1,25.3,-5.900000000000002
0013-SMEOE,0,1,1,0,71,1,1,109.7,7904.25,0,0,0,1,0,0,1,0,1,0,1,0,1,0,1,0,1,0,1,0,0,0,6,0,111.3274647887324,-1.6274647887323965
9314-QDMDW,1,0,0,0,11,1,1,61.25,729.95,0,0,0,0,0,0,0,0,1,0,0,0,0,0,1,0,0,1,0,0,1,0,2,1,66.35909090909091,-5.109090909090909
9308-ANMVE,1,0,0,1,47,1,1,55.3,2654.05,0,0,0,0,0,0,1,0,1,0,0,0,0,0,0,0,0,0,0,0,1,0,2,0,56.469148936170214,-1.1691489361702168
2884-GBPFB,0,0,1,0,35,1,1,70.3,2416.55,1,0,0,1,0,0,0,0,0,0,0,0,0,0,0,0,0,0,0,0,1,0,0,0,69.04428571428572,1.2557142857142765
3757-NJYBX,1,1,1,0,32,1,0,106.35,3520.75,1,0,1,1,0,0,0,0,1,0,1,0,0,0,1,0,1,0,0,0,0,0,4,0,110.0234375,-3.6734375000000057
3413-DHLPB,1,0,1,1,60,1,1,103.75,5969.95,0,0,1,1,0,0,0,0,1,0,0,0,1,0,1,0,1,0,0,0,0,0,4,0,99.49916666666667,4.250833333333333
7649-PHJVR,1,0,0,0,11,1,0,19.5,226.8,0,0,0,0,1,1,0,1,0,1,0,1,0,1,0,1,0,1,0,0,0,1,0,1,20.61818181818182,-1.1181818181818208
6114-TCFID,0,0,0,0,29,0,0,39.5,1082.75,0,1,0,0,0,0,1,0,1,0,0,0,1,0,0,0,0,1,0,1,0,0,3,0,37.33620689655172,2.1637931034482776
3787-TRIAL,1,0,1,1,21,0,1,26.05,565.75,0,1,0,0,0,0,0,0,0,0,0,0,0,0,0,0,0,0,0,0,1,0,0,0,26.94047619047619,-0.8904761904761891
2573-GYRUU,1,1,1,0,48,1,1,91.05,4370.75,0,0,1,1,0,0,0,0,0,0,1,0,0,0,0,0,1,0,0,1,0,0,2,0,91.05729166666667,-0.007291666666674246
5156-UMKOW,0,0,0,1,3,0,0,29.65,90.05,0,1,0,0,0,0,0,0,1,0,0,0,0,0,0,0,0,0,0,0,0,1,1,1,30.016666666666666,-0.36666666666666714
1247-QBVSH,0,0,1,1,43,1,0,50.2,2169.4,0,0,0,0,0,0,0,0,1,0,0,0,0,0,0,0,0,0,0,0,0,1,1,0,50.45116279069768,-0.251162790697677
6734-GMPVK,1,0,0,0,5,1,0,105.3,550.6,0,0,1,1,0,0,0,0,1,0,1,0,0,0,1,0,1,0,0,0,1,0,4,1,110.12,-4.820000000000007
9822-OAOVB,0,0,0,0,1,1,1,55.45,55.45,0,0,0,0,0,0,0,0,0,0,0,0,0,0,0,0,1,0,0,0,1,0,1,1,55.45,0.0
6161-ERDGD,1,0,1,1,71,1,0,85.45,6300.85,0,0,1,0,0,0,1,0,0,0,1,0,1,0,1,0,1,1,0,0,1,0,5,0,88.7443661971831,-3.294366197183095
1226-JZNKR,0,0,1,1,8,1,0,19.8,160.05,0,0,0,0,1,1,0,1,0,1,0,1,0,1,0,1,0,1,0,0,1,0,0,1,20.00625,-0.2062500000000007
7318-EIVKO,1,0,0,0,8,1,1,59.25,436.6,0,0,1,0,0,0,0,0,0,0,0,0,0,0,1,0,0,0,0,0,1,0,1,1,54.575,4.674999999999997
3771-PZOBW,1,0,0,0,20,1,1,90.7,1781.35,0,0,1,1,0,0,0,0,0,0,1,0,0,0,1,0,0,0,0,1,0,0,2,0,89.0675,1.6325000000000074
5136-KCKGI,0,0,1,1,33,1,1,103.7,3467.0,1,0,1,1,0,0,1,0,0,0,1,0,0,0,1,0,1,1,0,0,0,1,4,0,105.06060606060606,-1.3606060606060595
8231-BSWXX,1,0,0,0,71,1,1,79.05,5552.5,0,0,1,1,0,0,0,0,1,0,0,0,0,0,0,0,0,1,0,1,0,0,1,0,78.20422535211267,0.8457746478873247
6486-LHTMA,0,1,1,0,31,1,1,90.7,2835.5,0,0,1,1,0,0,0,0,0,0,1,0,0,0,1,0,0,1,0,0,1,0,2,0,91.46774193548387,-0.767741935483869
4083-BFNYK,0,1,1,0,38,1,0,95.0,3591.25,0,0,1,1,0,0,1,0,1,0,0,0,0,0,0,0,1,1,0,1,0,0,3,0,94.50657894736842,0.4934210526315752
3722-WPXTK,1,0,0,0,1,1,1,88.35,88.35,1,0,0,1,0,0,0,0,0,0,0,0,0,0,1,0,1,0,0,0,1,0,2,1,88.35,0.0
7389-KBFIT,0,0,1,1,2,0,1,30.25,63.75,0,1,0,0,0,0,0,0,1,0,0,0,0,0,0,0,0,0,0,0,0,1,1,1,31.875,-1.625
7176-WIONM,0,0,1,0,12,0,1,49.85,617.15,0,1,0,0,0,0,0,0,0,0,1,0,0,0,1,0,1,0,0,0,0,0,3,1,51.42916666666667,-1.5791666666666657
5141-ZUVBH,0,0,0,1,9,1,0,93.0,870.25,0,0,0,1,0,0,1,0,0,0,1,0,1,0,0,0,1,0,0,0,0,0,4,1,96.69444444444444,-3.694444444444443
1089-HDMKP,1,1,0,1,11,1,1,54.55,601.25,0,0,0,0,0,0,0,0,1,0,0,0,1,0,0,0,0,0,0,0,1,0,2,1,54.65909090909091,-0.10909090909090935
7623-HKYRK,1,0,0,1,6,1,0,19.7,111.65,0,0,0,0,1,1,0,1,0,1,0,1,0,1,0,1,0,0,0,0,0,1,0,1,18.608333333333334,1.091666666666665
0310-SUCIN,0,0,1,0,71,1,1,84.8,6046.1,0,0,0,0,0,0,1,0,1,0,1,0,1,0,1,0,1,1,0,0,0,0,6,0,85.15633802816902,-0.35633802816902005
5197-PYEPU,0,0,1,1,42,1,1,94.45,3923.8,0,0,1,1,0,0,1,0,1,0,0,0,0,0,1,0,0,1,0,1,0,0,3,0,93.42380952380952,1.0261904761904788
2929-ERCFZ,0,0,1,1,8,1,1,94.2,777.3,1,0,0,1,0,0,0,0,0,0,1,0,0,0,1,0,1,0,0,0,1,0,3,1,97.1625,-2.9624999999999915
7548-SEPYI,0,0,0,0,5,1,1,96.25,512.45,1,0,0,1,0,0,0,0,1,0,0,0,0,0,1,0,1,0,0,0,1,0,3,1,102.49000000000001,-6.240000000000009
8835-VSDSE,0,0,1,0,2,1,1,70.7,141.45,1,0,0,1,0,0,0,0,0,0,0,0,0,0,0,0,0,0,0,0,1,0,0,1,70.725,-0.024999999999991473
6619-RPLQZ,0,0,1,1,45,1,0,20.85,892.15,0,0,0,0,1,1,0,1,0,1,0,1,0,1,0,1,0,0,1,0,0,1,0,0,19.825555555555557,1.0244444444444447
3275-RHRNE,1,0,1,1,28,0,1,60.0,1682.05,0,1,0,0,0,0,0,0,1,0,1,0,1,0,1,0,1,1,0,1,0,0,5,0,60.073214285714286,-0.07321428571428612
3503-TYDAY,0,0,1,0,43,1,0,80.45,3398.9,0,0,1,1,0,0,0,0,1,0,0,0,0,0,0,0,0,0,0,0,1,0,1,0,79.04418604651163,1.4058139534883765
6901-GOGZG,1,0,0,1,60,1,1,84.95,4984.85,0,0,1,0,0,0,1,0,0,0,1,0,1,0,1,0,1,0,1,0,1,0,5,0,83.08083333333335,1.8691666666666578
1623-NLDOT,0,0,1,0,42,0,0,33.55,1445.3,1,1,0,0,0,0,0,0,1,0,0,0,1,0,0,0,0,1,0,0,0,1,2,0,34.41190476190476,-0.8619047619047606
7021-XSNYE,1,0,1,1,7,0,0,49.65,305.55,0,1,0,0,0,0,1,0,0,0,1,0,1,0,0,0,1,0,1,1,0,0,4,1,43.65,6.0
9621-OUPYD,0,0,1,0,25,1,1,20.2,507.9,0,0,0,0,1,1,0,1,0,1,0,1,0,1,0,1,0,1,0,0,0,0,0,0,20.316,-0.11599999999999966
9898-KZQDZ,0,1,1,1,40,1,1,94.55,3640.45,1,0,1,1,0,0,0,0,0,0,0,0,0,0,1,0,1,0,0,1,0,0,2,0,91.01124999999999,3.5387500000000074
8982-NHAVY,1,0,0,0,27,1,1,100.5,2673.45,0,0,1,1,0,0,0,0,0,0,1,0,0,0,1,0,1,1,0,0,0,0,3,0,99.01666666666667,1.4833333333333343
4307-KWMXE,1,0,0,0,10,0,0,35.75,389.8,0,1,0,0,0,0,0,0,1,0,0,0,1,0,0,0,0,0,0,0,1,0,2,1,38.980000000000004,-3.230000000000004
0141-YEAYS,0,1,0,0,27,1,1,86.45,2401.05,0,0,1,1,0,0,0,0,1,0,1,0,0,0,0,0,0,0,0,0,0,0,2,0,88.92777777777779,-2.4777777777777885
2450-ZKEED,0,0,0,0,11,1,0,53.8,651.55,0,0,0,0,0,0,0,0,0,0,1,0,1,0,0,0,0,1,0,0,0,0,2,1,59.23181818181818,-5.43181818181818
3694-DELSO,1,0,1,1,4,0,0,38.55,156.1,0,1,0,0,0,0,1,0,0,0,0,0,0,0,1,0,0,0,0,1,0,0,2,1,39.025,-0.4750000000000014
3893-JRNFS,1,0,0,0,68,0,1,39.9,2796.35,0,1,0,0,0,0,0,0,0,0,1,0,0,0,0,0,1,0,0,0,0,0,2,0,41.12279411764706,-1.2227941176470623
9603-OAIHC,1,1,0,0,1,1,1,70.05,70.05,0,0,0,1,0,0,0,0,0,0,0,0,0,0,0,0,0,0,0,0,1,0,0,1,70.05,0.0
1133-KXCGE,0,0,0,0,18,1,0,20.1,407.05,0,0,0,0,1,1,0,1,0,1,0,1,0,1,0,1,0,1,0,0,0,1,0,0,22.61388888888889,-2.5138888888888893
5236-PERKL,0,0,0,0,57,1,1,112.95,6465.0,1,0,1,1,0,0,1,0,1,0,1,0,0,0,1,0,1,0,1,0,0,0,5,0,113.42105263157895,-0.4710526315789423
0142-GVYSN,1,0,0,0,26,1,1,20.3,511.25,0,0,0,0,1,1,0,1,0,1,0,1,0,1,0,1,0,0,0,0,1,0,0,0,19.66346153846154,0.6365384615384606
1049-FYSYG,0,0,1,0,17,0,1,35.65,646.05,0,1,0,0,0,0,0,0,1,0,1,0,0,0,0,0,0,0,0,1,0,0,2,0,38.002941176470586,-2.352941176470587
7854-FOKSF,1,0,0,0,1,0,0,35.9,35.9,1,1,0,0,0,0,0,0,0,0,0,0,0,0,0,0,1,0,0,0,1,0,1,1,35.9,0.0
2519-FAKOD,1,0,0,1,38,1,1,99.25,3777.15,1,0,1,1,0,0,0,0,0,0,1,0,0,0,1,0,1,0,0,0,0,0,3,0,99.39868421052631,-0.1486842105263122
8406-LNMHF,1,1,1,0,59,1,1,82.95,4903.15,0,0,0,1,0,0,1,0,1,0,1,0,0,0,0,0,0,1,0,1,0,0,3,0,83.1042372881356,-0.15423728813559023
1821-BUCWY,1,0,0,0,30,1,1,55.65,1653.85,0,0,0,0,0,0,1,0,0,0,1,0,0,0,0,0,0,0,1,0,0,1,2,0,55.12833333333333,0.5216666666666683
8263-JQAIK,1,1,0,0,2,0,1,24.45,47.5,1,1,0,0,0,0,0,0,0,0,0,0,0,0,0,0,0,0,0,0,0,1,0,1,23.75,0.6999999999999993
0023-UYUPN,0,1,1,0,50,1,0,25.2,1306.3,0,0,1,0,1,1,0,1,0,1,0,1,0,1,0,1,0,1,0,0,1,0,0,0,26.125999999999998,-0.9259999999999984
8314-DPQHL,1,0,0,0,9,0,0,50.8,463.6,0,1,0,0,0,0,1,0,0,0,1,0,1,0,0,0,1,1,0,0,0,1,4,1,51.51111111111111,-0.7111111111111157
1465-WCZVT,0,0,1,1,3,1,0,19.65,60.65,0,0,0,0,1,1,0,1,0,1,0,1,0,1,0,1,0,0,0,0,0,1,0,1,20.216666666666665,-0.5666666666666664
9481-SFCQY,0,0,0,1,14,1,1,59.8,824.85,0,0,0,0,0,0,0,0,0,0,1,0,0,0,1,0,0,0,0,1,0,0,2,0,58.917857142857144,0.8821428571428527
6360-SVNWV,0,1,0,0,31,1,1,73.55,2094.65,0,0,0,1,0,0,1,0,0,0,0,0,0,0,0,0,0,0,0,1,0,0,1,0,67.56935483870969,5.980645161290312
0567-GGCAC,0,0,0,0,7,1,0,61.4,438.9,0,0,0,0,0,0,1,0,1,0,1,0,0,0,0,0,0,0,0,0,1,0,3,1,62.699999999999996,-1.2999999999999972
7089-IVVAZ,0,0,0,0,8,1,1,103.35,847.3,1,0,1,1,0,0,1,0,0,0,0,0,1,0,1,0,1,0,0,0,0,0,4,1,105.9125,-2.5625
8884-MRNSU,1,0,1,1,17,1,0,19.9,329.75,0,0,0,0,1,1,0,1,0,1,0,1,0,1,0,1,0,1,0,0,0,0,0,0,19.397058823529413,0.5029411764705856
2171-UDMFD,1,0,1,1,32,1,1,19.45,674.55,0,0,0,0,1,1,0,1,0,1,0,1,0,1,0,1,0,0,0,1,0,0,0,0,21.0796875,-1.6296874999999993
9050-IKDZA,0,1,0,0,2,1,0,81.5,162.55,0,0,0,1,0,0,0,0,0,0,0,0,0,0,1,0,0,0,0,0,0,1,1,1,81.275,0.22499999999999432
2205-YMZZJ,1,1,0,0,7,1,1,84.8,546.95,1,0,1,1,0,0,0,0,0,0,0,0,0,0,1,0,0,0,0,0,1,0,1,1,78.13571428571429,6.664285714285711
9802-CAQUT,0,0,1,1,72,1,0,109.55,7887.25,0,0,1,1,0,0,1,0,1,0,1,0,0,0,1,0,1,0,1,1,0,0,5,0,109.54513888888889,0.004861111111111427
1254-IZEYF,0,1,0,0,31,1,1,99.95,3186.65,1,0,1,1,0,0,0,0,1,0,0,0,0,0,1,0,1,0,0,0,1,0,3,0,102.79516129032258,-2.8451612903225794
0187-WZNAB,0,0,1,1,27,1,0,74.4,1972.35,0,0,0,1,0,0,1,0,0,0,0,0,0,0,0,0,0,0,0,0,0,1,1,0,73.05,1.3500000000000085
9492-TOKRI,0,0,0,0,18,1,1,90.0,1527.35,1,0,1,1,0,0,0,0,1,0,0,0,0,0,1,0,0,0,0,1,0,0,2,0,84.85277777777777,5.147222222222226
1475-VWVDO,1,0,0,0,7,1,1,74.9,490.55,0,0,0,1,0,0,0,0,0,0,1,0,0,0,0,0,0,0,0,0,1,0,1,1,70.07857142857144,4.821428571428569
9221-OTIVJ,0,1,0,0,14,1,1,104.85,1531.4,1,0,1,1,0,0,0,0,1,0,1,0,0,0,1,0,1,0,0,0,1,0,4,0,109.38571428571429,-4.535714285714292
1357-MVDOZ,1,0,1,1,11,1,1,59.65,683.25,0,0,0,0,0,0,0,0,0,0,1,0,0,0,1,0,0,0,0,0,0,0,2,1,62.11363636363637,-2.4636363636363683
7602-MVRMB,0,0,1,1,72,1,1,110.45,8058.85,0,0,1,1,0,0,1,0,0,0,1,0,1,0,1,0,1,0,1,0,0,0,5,0,111.92847222222223,-1.4784722222222229
3325-FUYCG,1,0,1,1,28,1,0,106.1,2847.4,1,0,1,1,0,0,1,0,1,0,0,0,0,0,1,0,1,1,0,0,1,0,4,0,101.69285714285715,4.407142857142844
5908-QMGOE,1,1,0,0,15,1,1,74.2,1133.9,1,0,1,1,0,0,0,0,0,0,0,0,0,0,0,0,0,0,0,1,0,0,0,0,75.59333333333333,-1.3933333333333309
1197-BVMVG,0,1,0,0,4,1,1,74.45,294.45,0,0,1,1,0,0,0,0,0,0,0,0,0,0,0,0,0,0,0,0,1,0,0,1,73.6125,0.8375000000000057
5406-KGRMX,0,0,0,0,71,1,0,24.55,1719.15,0,0,1,0,1,1,0,1,0,1,0,1,0,1,0,1,0,0,1,0,1,0,0,0,24.213380281690142,0.3366197183098585
8481-YYXWG,0,0,0,0,5,1,1,89.35,461.7,1,0,0,1,0,0,0,0,1,0,0,0,1,0,0,0,1,0,0,0,1,0,3,1,92.34,-2.990000000000009
5968-HYJRZ,1,0,1,1,47,1,0,24.55,1160.45,0,0,1,0,1,1,0,1,0,1,0,1,0,1,0,1,0,0,1,0,0,1,0,0,24.690425531914894,-0.14042553191489304
5198-EFNBM,1,1,1,0,57,1,1,90.65,5199.8,0,0,0,1,0,0,0,0,1,0,1,0,0,0,1,0,0,1,0,0,1,0,3,0,91.22456140350877,-0.5745614035087669
7516-GMHUV,1,1,1,0,50,1,1,105.05,5163.3,0,0,1,1,0,0,1,0,0,0,1,0,0,0,1,0,1,0,1,1,0,0,4,0,103.266,1.7839999999999918
7140-ADSMJ,1,0,0,0,8,1,1,20.45,162.3,0,0,0,0,1,1,0,1,0,1,0,1,0,1,0,1,0,0,0,1,0,0,0,1,20.2875,0.16249999999999787
2230-XTUWL,0,0,1,1,48,1,0,19.55,883.35,0,0,0,0,1,1,0,1,0,1,0,1,0,1,0,1,0,0,1,0,0,1,0,0,18.403125,1.1468750000000014
7706-YLMQA,0,0,0,0,70,1,0,19.7,1341.5,0,0,0,0,1,1,0,1,0,1,0,1,0,1,0,1,0,1,0,0,0,0,0,0,19.164285714285715,0.5357142857142847
2585-KTFRE,1,0,0,1,1,1,1,70.45,70.45,0,0,0,0,0,0,1,0,1,0,0,0,1,0,0,0,1,0,0,0,0,0,4,1,70.45,0.0
7994-UYIVZ,1,0,1,0,8,1,1,85.65,659.45,0,0,1,1,0,0,0,0,0,0,0,0,0,0,0,0,1,0,0,0,0,0,1,1,82.43125,3.21875
2609-IAICY,0,0,0,0,1,1,1,77.15,77.15,1,0,1,1,0,0,0,0,0,0,0,0,0,0,0,0,0,0,0,0,1,0,0,1,77.15,0.0
1740-CSDJP,1,0,0,0,1,0,1,35.25,35.25,1,1,0,0,0,0,0,0,0,0,0,0,0,0,0,0,1,0,0,0,0,0,1,1,35.25,0.0
7717-BICXI,1,0,1,1,60,1,0,20.55,1205.05,0,0,0,0,1,1,0,1,0,1,0,1,0,1,0,1,0,0,1,0,0,1,0,0,20.084166666666665,0.465833333333336
6559-RAKOZ,1,0,1,1,49,1,1,97.95,4917.9,0,0,1,1,0,0,0,0,0,0,0,0,1,0,1,0,1,1,0,0,1,0,3,0,100.36530612244897,-2.4153061224489676
2636-OHFMN,1,0,1,0,4,0,1,48.55,201.0,1,1,0,0,0,0,0,0,1,0,0,0,0,0,1,0,1,0,0,0,1,0,3,1,50.25,-1.7000000000000028
4716-MRVEN,0,0,0,0,29,1,0,20.0,599.3,0,0,0,0,1,1,0,1,0,1,0,1,0,1,0,1,0,1,0,0,0,1,0,0,20.66551724137931,-0.6655172413793089
2143-LJULT,0,0,1,0,67,1,1,25.25,1733.15,0,0,1,0,1,1,0,1,0,1,0,1,0,1,0,1,0,0,1,1,0,0,0,0,25.867910447761194,-0.6179104477611936
1323-OOEPC,0,0,1,0,53,1,1,98.4,5149.5,1,0,1,1,0,0,0,0,1,0,0,0,0,0,1,0,1,0,0,1,0,0,3,0,97.16037735849056,1.2396226415094418
3200-MNQTF,1,0,1,0,67,1,0,70.9,4677.1,0,0,1,0,0,0,1,0,1,0,1,0,1,0,0,0,0,0,1,1,0,0,4,0,69.80746268656716,1.0925373134328424
6164-HXUGH,0,0,1,1,6,1,0,19.85,119.3,0,0,0,0,1,1,0,1,0,1,0,1,0,1,0,1,0,0,0,0,0,1,0,1,19.883333333333333,-0.03333333333333144
5630-IXDXV,0,0,0,0,47,1,1,106.35,4849.1,0,0,1,1,0,0,0,0,1,0,1,0,0,0,1,0,1,0,0,0,1,0,4,0,103.17234042553193,3.1776595744680662
0320-DWVTU,0,0,0,0,53,1,0,99.5,5424.25,0,0,0,1,0,0,1,0,1,0,1,0,1,0,0,0,1,0,1,0,0,1,5,0,102.34433962264151,-2.844339622641513
9135-MGVPY,1,0,1,0,69,1,1,84.7,5878.9,0,0,0,0,0,0,1,0,1,0,1,0,1,0,1,0,1,0,1,0,0,1,6,0,85.20144927536231,-0.5014492753623045
1212-GLHMD,1,0,0,0,3,1,1,86.05,244.85,0,0,0,1,0,0,1,0,0,0,0,0,0,0,0,0,1,0,0,0,0,1,2,1,81.61666666666666,4.433333333333337
7878-JGDKK,1,0,0,0,4,1,0,44.55,220.75,0,0,0,0,0,0,0,0,0,0,0,0,0,0,0,0,0,0,0,0,0,1,0,1,55.1875,-10.637500000000003
1088-AUUZZ,1,0,1,1,56,1,1,75.85,4261.2,0,0,1,0,0,0,1,0,1,0,0,0,1,0,0,0,1,0,1,1,0,0,4,0,76.09285714285714,-0.24285714285714732
0397-GZBBC,1,1,1,0,59,1,1,93.85,5574.75,1,0,1,1,0,0,0,0,0,0,0,0,0,0,1,0,1,0,0,0,0,0,2,0,94.48728813559322,-0.6372881355932236
6614-YWYSC,1,1,1,0,61,1,0,25.0,1501.75,0,0,1,0,1,1,0,1,0,1,0,1,0,1,0,1,0,0,1,0,0,0,0,0,24.618852459016395,0.3811475409836049
9588-OZDMQ,0,0,1,0,2,1,1,45.0,89.75,0,0,0,0,0,0,0,0,0,0,0,0,0,0,0,0,0,0,0,0,1,0,0,1,44.875,0.125
7641-EUYET,1,1,1,1,46,1,1,100.7,4541.2,1,0,1,1,0,0,1,0,1,0,1,0,0,0,1,0,0,0,0,0,1,0,4,0,98.72173913043478,1.9782608695652186
6476-EPYZR,1,0,1,1,12,1,0,20.5,255.5,0,0,0,0,1,1,0,1,0,1,0,1,0,1,0,1,0,0,0,0,0,1,0,1,21.291666666666668,-0.7916666666666679
9921-ZVRHG,0,0,0,0,14,1,1,80.45,1072.0,1,0,1,1,0,0,0,0,0,0,1,0,0,0,0,0,0,0,0,0,1,0,1,0,76.57142857142857,3.8785714285714334
1174-FGIFN,0,0,1,1,28,1,1,90.45,2509.25,0,0,1,1,0,0,0,0,0,0,0,0,1,0,0,0,1,1,0,0,1,0,2,0,89.61607142857143,0.8339285714285722
6620-HVDUJ,1,0,0,0,24,1,0,60.45,1440.75,0,0,0,0,0,0,1,0,1,0,0,0,1,0,0,0,0,0,0,0,0,0,3,0,60.03125,0.41875000000000284
4701-MLJPN,1,0,0,0,31,1,1,55.25,1715.65,1,0,0,0,0,0,0,0,0,0,1,0,1,0,0,0,0,0,0,0,1,0,2,0,55.343548387096774,-0.09354838709677438
1032-MAELW,0,0,1,1,68,1,1,78.45,5333.35,0,0,1,0,0,0,1,0,1,0,1,0,1,0,0,0,1,1,0,0,1,0,5,0,78.43161764705883,0.018382352941173963
7641-TQFHN,1,0,0,1,39,1,0,100.55,3895.35,0,0,1,1,0,0,0,0,0,0,0,0,1,0,1,0,1,0,1,0,0,1,3,0,99.88076923076923,0.6692307692307651
1552-TKMXS,0,0,1,0,42,1,0,20.35,869.9,0,0,0,0,1,1,0,1,0,1,0,1,0,1,0,1,0,0,0,1,0,0,0,0,20.711904761904762,-0.3619047619047606
9206-GVPEQ,1,0,1,0,13,0,1,54.45,706.85,1,1,0,0,0,0,1,0,0,0,0,0,1,0,1,0,1,0,0,0,1,0,4,0,54.37307692307692,0.0769230769230802
8622-ZLFKO,0,0,1,0,6,1,1,90.75,512.25,0,0,1,1,0,0,0,0,1,0,0,0,0,0,0,0,1,0,0,0,1,0,2,1,85.375,5.375
1596-BBVTG,1,0,0,0,35,1,0,75.35,2636.05,1,0,1,1,0,0,0,0,0,0,0,0,0,0,0,0,0,0,0,1,0,0,0,0,75.3157142857143,0.034285714285701374
6188-UXBBR,0,0,1,0,38,1,1,20.25,814.75,0,0,0,0,1,1,0,1,0,1,0,1,0,1,0,1,0,1,0,1,0,0,0,0,21.44078947368421,-1.1907894736842088
2333-KWEWW,1,0,0,0,18,1,0,20.05,388.6,0,0,0,0,1,1,0,1,0,1,0,1,0,1,0,1,0,0,1,1,0,0,0,0,21.58888888888889,-1.5388888888888879
5702-SKUOB,0,0,1,0,4,1,0,19.6,93.45,0,0,0,0,1,1,0,1,0,1,0,1,0,1,0,1,0,0,0,0,0,1,0,1,23.3625,-3.7624999999999993
1134-YWTYF,1,0,1,0,27,1,1,53.8,1389.85,0,0,0,0,0,0,0,0,1,0,0,0,1,0,0,0,0,0,0,0,1,0,2,0,51.47592592592592,2.324074074074076
6061-GWWAV,1,0,0,1,41,1,0,70.2,2894.55,0,0,0,0,0,0,1,0,1,0,1,0,0,0,1,0,0,1,0,0,0,1,4,0,70.59878048780489,-0.39878048780488484
0679-TDGAK,1,0,1,1,50,1,0,75.5,4025.6,0,0,0,0,0,0,1,0,0,0,0,0,1,0,1,0,1,1,0,0,1,0,4,0,80.512,-5.0120000000000005
6585-WCEWR,1,0,1,1,72,1,0,20.35,1354.4,0,0,0,0,1,1,0,1,0,1,0,1,0,1,0,1,0,0,1,0,1,0,0,0,18.811111111111114,1.5388888888888879
9067-YGSCA,0,0,0,0,70,1,0,26.05,1856.4,0,0,1,0,1,1,0,1,0,1,0,1,0,1,0,1,0,1,0,1,0,0,0,0,26.52,-0.46999999999999886
9067-SQTNS,1,0,1,1,44,1,0,20.6,926.0,0,0,0,0,1,1,0,1,0,1,0,1,0,1,0,1,0,1,0,0,0,0,0,0,21.045454545454547,-0.4454545454545453
8433-WXGNA,1,0,0,0,2,1,1,75.7,189.2,1,0,0,1,0,0,1,0,0,0,0,0,0,0,0,0,0,0,0,0,1,0,1,1,94.6,-18.89999999999999
1776-SPBWV,0,0,1,1,34,1,1,20.1,682.1,0,0,0,0,1,1,0,1,0,1,0,1,0,1,0,1,0,1,0,0,0,0,0,0,20.061764705882354,0.03823529411764781
8735-SDUFN,0,1,1,0,72,1,0,24.3,1778.7,0,0,1,0,1,1,0,1,0,1,0,1,0,1,0,1,0,0,1,0,0,0,0,0,24.704166666666666,-0.404166666666665
9668-PUGNU,1,0,1,0,71,1,1,24.5,1816.2,0,0,1,0,1,1,0,1,0,1,0,1,0,1,0,1,0,0,1,0,1,0,0,0,25.580281690140847,-1.080281690140847
9405-GPBBG,0,0,0,0,64,1,1,110.5,7069.25,0,0,1,1,0,0,0,0,1,0,1,0,1,0,1,0,1,0,1,1,0,0,5,0,110.45703125,0.04296875
1926-QUZNN,0,0,1,0,72,1,1,25.25,1841.2,0,0,1,0,1,1,0,1,0,1,0,1,0,1,0,1,0,0,1,0,0,0,0,0,25.572222222222223,-0.32222222222222285
3707-GNWHM,1,0,0,0,1,1,1,74.25,74.25,1,0,1,1,0,0,0,0,0,0,0,0,0,0,0,0,0,0,0,0,0,1,0,1,74.25,0.0
7016-NVRIC,1,1,1,0,29,1,0,90.1,2656.7,0,0,0,1,0,0,1,0,0,0,1,0,0,0,0,0,1,1,0,0,0,0,3,0,91.6103448275862,-1.5103448275862092
5829-NVSQN,0,0,1,0,23,1,1,68.75,1689.45,0,0,0,0,0,0,1,0,0,0,1,0,1,0,0,0,1,1,0,0,0,0,4,0,73.45434782608696,-4.704347826086959
9565-AXSMR,1,0,1,1,52,1,0,19.2,1054.75,0,0,0,0,1,1,0,1,0,1,0,1,0,1,0,1,0,0,1,0,0,1,0,0,20.283653846153847,-1.0836538461538474
8922-LIEGH,0,1,0,0,25,1,1,89.7,2187.55,1,0,1,1,0,0,0,0,1,0,0,0,0,0,0,0,1,0,0,0,1,0,2,0,87.50200000000001,2.1979999999999933
8869-LIHMK,0,0,0,0,64,1,1,115.1,7334.05,0,0,1,1,0,0,1,0,1,0,1,0,1,0,1,0,1,0,1,0,0,0,6,0,114.59453125,0.5054687499999915
8245-UMPYT,0,1,0,0,16,1,1,96.4,1581.2,1,0,1,1,0,0,0,0,0,0,0,0,0,0,1,0,1,0,0,0,1,0,2,0,98.825,-2.424999999999997
5186-SAMNZ,1,1,0,0,1,1,1,69.5,69.5,1,0,0,1,0,0,0,0,0,0,0,0,0,0,0,0,0,0,0,0,0,0,0,1,69.5,0.0
0447-RXSGD,1,0,0,0,24,1,1,99.65,2404.85,0,0,1,1,0,0,0,0,1,0,0,0,0,0,1,0,1,0,0,0,0,0,3,0,100.20208333333333,-0.5520833333333286
4927-WWOOZ,1,0,1,0,2,1,1,91.45,171.45,0,0,1,1,0,0,0,0,0,0,1,0,0,0,1,0,0,0,0,0,1,0,2,1,85.725,5.7250000000000085
5788-YPOEG,0,0,1,1,34,1,0,84.75,2839.45,0,0,0,0,0,0,1,0,1,0,1,0,1,0,1,0,1,0,1,0,0,1,6,0,83.51323529411764,1.236764705882365
5373-SFODM,1,1,1,0,36,1,1,85.25,3132.75,1,0,1,1,0,0,0,0,0,0,0,0,0,0,0,0,1,0,0,1,0,0,1,0,87.02083333333333,-1.7708333333333286
0661-KBKPA,1,0,1,1,53,1,1,78.75,3942.45,0,0,1,0,0,0,0,0,0,0,1,0,1,0,1,0,1,1,0,0,0,1,4,0,74.38584905660377,4.364150943396226
9081-WWXKP,0,0,1,1,47,1,0,20.25,873.4,0,0,0,0,1,1,0,1,0,1,0,1,0,1,0,1,0,0,1,1,0,0,0,0,18.582978723404256,1.6670212765957437
0784-ZQJZX,1,0,0,1,72,1,0,19.9,1529.65,0,0,0,0,1,1,0,1,0,1,0,1,0,1,0,1,0,0,1,1,0,0,0,0,21.24513888888889,-1.34513888888889
3133-PZNSR,1,0,1,1,72,1,1,97.75,6991.6,0,0,1,1,0,0,1,0,1,0,0,0,1,0,0,0,1,0,1,1,0,0,4,0,97.10555555555555,0.6444444444444457
5766-ZJYBB,1,0,0,0,1,1,0,19.4,19.4,1,0,0,0,1,1,0,1,0,1,0,1,0,1,0,1,0,0,0,0,0,1,0,1,19.4,0.0
8931-GJJIQ,0,0,0,0,9,1,1,83.3,803.3,1,0,1,1,0,0,0,0,0,0,0,0,0,0,0,0,1,0,0,0,1,0,1,1,89.25555555555555,-5.955555555555549
4277-PVRAN,0,0,0,0,8,1,1,80.1,679.3,1,0,0,1,0,0,0,0,0,0,0,0,0,0,1,0,0,0,0,0,0,0,1,1,84.9125,-4.8125
0022-TCJCI,1,1,0,0,45,1,0,62.7,2791.5,1,0,0,0,0,0,1,0,0,0,1,0,0,0,0,0,1,1,0,1,0,0,3,0,62.03333333333333,0.6666666666666714
0722-SVSFK,0,0,0,0,7,1,1,100.4,715.0,0,0,0,1,0,0,0,0,0,0,1,0,1,0,1,0,1,0,0,0,1,0,4,1,102.14285714285714,-1.7428571428571331
3612-YVGSJ,0,0,1,0,71,1,1,24.45,1681.6,0,0,1,0,1,1,0,1,0,1,0,1,0,1,0,1,0,0,1,1,0,0,0,0,23.68450704225352,0.7654929577464777
9825-YCXWZ,0,1,0,0,41,1,1,101.1,4016.2,0,0,0,1,0,0,0,0,0,0,1,0,1,0,1,0,1,1,0,0,0,0,4,0,97.9560975609756,3.1439024390243873
5397-NSKQG,1,0,1,1,67,0,0,50.9,3281.65,0,1,0,0,0,0,1,0,0,0,0,0,0,0,1,0,1,0,1,1,0,0,3,0,48.97985074626866,1.9201492537313385
8565-HBFNN,1,0,1,0,69,1,1,107.2,7317.1,0,0,1,1,0,0,1,0,1,0,1,0,1,0,0,0,1,1,0,1,0,0,5,0,106.0449275362319,1.1550724637681071
2000-DHJUY,0,1,1,0,70,1,1,92.2,6474.45,0,0,1,0,0,0,1,0,1,0,1,0,1,0,1,0,1,0,1,0,0,0,6,0,92.49214285714285,-0.29214285714284927
0203-HHYIJ,1,0,0,0,25,1,0,25.3,676.35,1,0,1,0,1,1,0,1,0,1,0,1,0,1,0,1,0,1,0,0,0,0,0,0,27.054000000000002,-1.7540000000000013
8670-ERCJH,1,0,0,0,72,1,0,113.4,8164.1,0,0,1,1,0,0,1,0,1,0,1,0,1,0,1,0,1,0,1,0,0,0,6,0,113.39027777777778,0.009722222222222854
7758-UJWYS,1,0,1,1,34,0,1,40.55,1325.85,0,1,0,0,0,0,0,0,0,0,0,0,1,0,1,0,0,0,1,0,1,0,2,0,38.995588235294115,1.5544117647058826
2050-ONYDQ,0,0,1,1,65,1,0,26.0,1654.85,0,0,1,0,1,1,0,1,0,1,0,1,0,1,0,1,0,0,1,1,0,0,0,0,25.459230769230768,0.5407692307692322
7055-JCGNI,0,0,0,0,70,1,1,111.95,7795.95,0,0,1,1,0,0,1,0,1,0,1,0,1,0,1,0,1,0,1,1,0,0,6,0,111.37071428571429,0.5792857142857173
0739-UUAJR,0,0,1,1,72,0,1,53.8,3952.45,0,1,0,0,0,0,1,0,0,0,1,0,0,0,1,0,1,0,1,1,0,0,4,0,54.89513888888889,-1.09513888888889
4826-DXMUP,1,0,0,1,35,1,1,72.1,2495.15,0,0,0,0,0,0,0,0,0,0,0,0,1,0,1,0,1,1,0,0,0,1,3,0,71.29,0.8099999999999881
0952-KMEEH,1,0,0,0,13,1,0,98.15,1230.25,1,0,1,1,0,0,1,0,0,0,0,0,0,0,1,0,1,0,0,0,0,1,3,0,94.63461538461539,3.515384615384619
7285-KLOTR,0,0,1,0,12,1,0,78.85,876.75,0,0,1,0,0,0,1,0,0,0,1,0,0,0,1,0,1,1,0,0,1,0,4,1,73.0625,5.787499999999994
0654-PQKDW,0,0,1,1,62,1,1,70.75,4263.45,0,0,0,0,0,0,1,0,0,0,1,0,1,0,1,0,0,1,0,0,0,0,4,0,68.76532258064516,1.9846774193548384
7175-NTIXE,0,0,0,0,25,1,1,76.15,1992.95,0,0,0,0,0,0,1,0,0,0,0,0,1,0,1,0,1,0,0,1,0,0,4,0,79.718,-3.567999999999998
7963-SHNDT,0,0,0,0,52,0,0,39.1,1982.1,0,1,0,0,0,0,1,0,1,0,0,0,1,0,0,0,0,0,1,0,0,1,3,0,38.11730769230769,0.9826923076923109
9796-BPKIW,1,1,0,0,8,1,1,69.95,562.7,0,0,0,1,0,0,0,0,0,0,0,0,0,0,0,0,0,0,0,1,0,0,0,1,70.3375,-0.38750000000000284
0188-GWFLE,1,0,0,0,2,1,0,20.05,33.7,0,0,0,0,1,1,0,1,0,1,0,1,0,1,0,1,0,0,0,0,0,1,0,1,16.85,3.1999999999999993
8129-GMVGI,0,0,1,1,56,1,0,20.05,1090.1,0,0,0,0,1,1,0,1,0,1,0,1,0,1,0,1,0,0,1,0,0,1,0,0,19.46607142857143,0.5839285714285722
2882-DDZPG,0,0,0,0,12,1,0,19.45,227.45,0,0,0,0,1,1,0,1,0,1,0,1,0,1,0,1,0,0,0,0,0,0,0,1,18.954166666666666,0.49583333333333357
3547-LQRIK,0,0,1,0,47,1,0,26.9,1250.85,0,0,1,0,1,1,0,1,0,1,0,1,0,1,0,1,0,1,0,0,1,0,0,0,26.613829787234042,0.2861702127659562
9137-NOQKA,1,1,0,0,2,1,0,19.2,37.2,0,0,0,0,1,1,0,1,0,1,0,1,0,1,0,1,0,0,0,0,1,0,0,1,18.6,0.5999999999999979
5843-TTHGI,0,0,0,0,18,1,1,50.0,892.7,0,0,0,0,0,0,0,0,0,0,1,0,0,0,0,0,0,0,0,0,0,1,1,0,49.59444444444445,0.40555555555555145
1849-RJYIG,0,0,0,0,8,1,1,60.0,487.75,0,0,0,0,0,0,1,0,0,0,0,0,0,0,1,0,0,0,0,0,1,0,2,1,60.96875,-0.96875
8868-GAGIO,1,0,1,0,45,1,1,84.55,3713.95,0,0,1,1,0,0,1,0,0,0,1,0,0,0,0,0,0,0,0,0,0,1,2,0,82.53222222222222,2.0177777777777806
4061-UKJWL,1,0,0,0,3,1,0,45.45,141.7,0,0,0,0,0,0,0,0,0,0,0,0,0,0,0,0,0,0,0,0,0,1,0,1,47.23333333333333,-1.7833333333333243
5380-XPJNZ,0,0,0,0,38,1,0,20.05,678.2,0,0,0,0,1,1,0,1,0,1,0,1,0,1,0,1,0,1,0,0,0,1,0,0,17.847368421052632,2.2026315789473685
8263-QMNTJ,1,0,1,0,72,1,1,115.55,8425.3,0,0,1,1,0,0,1,0,1,0,1,0,1,0,1,0,1,0,1,0,1,0,6,0,117.01805555555555,-1.4680555555555515
8178-EYZUO,1,0,0,0,46,1,1,93.7,4154.8,1,0,1,1,0,0,1,0,1,0,0,0,0,0,0,0,1,0,0,0,1,0,3,0,90.32173913043479,3.37826086956521
3230-JCNZS,0,0,1,1,71,1,1,99.0,7061.65,0,0,1,1,0,0,1,0,1,0,1,0,0,0,1,0,0,0,1,1,0,0,4,0,99.45985915492957,-0.45985915492957474
0277-ORXQS,1,0,1,1,66,0,0,50.55,3364.55,0,1,0,0,0,0,0,0,0,0,0,0,1,0,1,0,1,0,1,0,0,0,3,0,50.97803030303031,-0.42803030303031164
5130-IEKQT,1,1,0,0,25,1,0,105.95,2655.25,1,0,1,1,0,0,0,0,1,0,1,0,0,0,1,0,1,0,0,0,0,1,4,0,106.21,-0.2599999999999909
3230-WYKIR,1,0,0,0,18,1,1,82.0,1425.45,1,0,1,0,0,0,0,0,0,0,1,0,1,0,1,0,1,1,0,1,0,0,4,0,79.19166666666666,2.808333333333337
7996-BPXHY,0,0,1,1,13,1,1,25.0,332.5,0,0,1,0,1,1,0,1,0,1,0,1,0,1,0,1,0,0,1,0,0,0,0,0,25.576923076923077,-0.5769230769230766
3227-WLKLI,0,0,1,1,65,1,0,91.55,5963.95,0,0,1,0,0,0,1,0,1,0,1,0,1,0,1,0,1,0,1,0,0,0,6,0,91.75307692307692,-0.20307692307692093
0407-BDJKB,1,0,1,0,60,1,1,95.75,5742.9,1,0,1,1,0,0,0,0,1,0,1,0,0,0,1,0,0,0,0,0,1,0,3,0,95.71499999999999,0.0350000000000108
2266-FUBDZ,1,0,1,1,15,1,0,19.35,278.85,0,0,0,0,1,1,0,1,0,1,0,1,0,1,0,1,0,0,1,0,0,1,0,0,18.59,0.7600000000000016
8237-ULIXL,0,0,1,0,72,1,0,24.85,1871.85,0,0,1,0,1,1,0,1,0,1,0,1,0,1,0,1,0,0,1,1,0,0,0,0,25.997916666666665,-1.1479166666666636
9600-UDOPK,1,0,1,0,30,1,1,94.05,2866.45,1,0,1,1,0,0,0,0,0,0,0,0,0,0,1,0,1,0,0,1,0,0,2,0,95.54833333333333,-1.4983333333333348
8216-AZUUZ,0,0,1,1,42,1,1,100.4,4303.65,0,0,0,1,0,0,0,0,0,0,1,0,1,0,1,0,1,0,1,0,1,0,4,0,102.46785714285713,-2.0678571428571217
9153-BTBVV,0,0,1,0,71,1,0,25.0,1753.0,0,0,1,0,1,1,0,1,0,1,0,1,0,1,0,1,0,0,1,0,0,0,0,0,24.690140845070424,0.30985915492957616
4074-SJFFA,0,0,0,0,1,1,1,54.75,54.75,1,0,0,0,0,0,0,0,0,0,0,0,0,0,0,0,1,0,0,0,0,1,1,1,54.75,0.0
3269-ATYWD,1,1,0,0,39,1,1,95.65,3759.05,1,0,1,1,0,0,0,0,0,0,0,0,0,0,1,0,1,0,0,0,0,0,2,0,96.38589743589743,-0.735897435897428
5186-PEIZU,0,0,0,0,35,1,0,19.25,617.65,0,0,0,0,1,1,0,1,0,1,0,1,0,1,0,1,0,0,0,0,0,0,0,0,17.647142857142857,1.6028571428571432
1074-AMIOH,0,0,1,1,53,1,1,108.25,5935.1,0,0,0,1,0,0,0,0,1,0,1,0,1,0,1,0,1,0,0,0,0,0,5,0,111.98301886792453,-3.733018867924528
4910-GMJOT,0,0,0,0,1,1,1,94.6,94.6,1,0,1,1,0,0,0,0,0,0,0,0,0,0,1,0,1,0,0,0,1,0,2,1,94.6,0.0
0354-WYROK,0,1,1,1,31,1,1,98.9,2911.3,1,0,0,1,0,0,0,0,0,0,1,0,1,0,1,0,1,0,0,0,1,0,4,0,93.91290322580646,4.987096774193546
4361-FEBGN,1,0,0,0,48,1,0,20.15,982.95,0,0,0,0,1,1,0,1,0,1,0,1,0,1,0,1,0,0,1,1,0,0,0,0,20.478125000000002,-0.32812500000000355
7748-UMTRK,0,1,0,1,30,1,1,101.3,2974.5,0,0,1,1,0,0,0,0,0,0,0,0,1,0,1,0,1,0,0,0,1,0,3,0,99.15,2.1499999999999915
0380-ZCSBI,1,0,0,0,10,1,0,20.0,198.7,0,0,0,0,1,1,0,1,0,1,0,1,0,1,0,1,0,0,0,1,0,0,0,1,19.869999999999997,0.13000000000000256
7145-FEJWU,0,0,0,1,12,1,1,105.3,1275.65,0,0,1,1,0,0,0,0,1,0,1,0,0,0,1,0,1,0,0,0,1,0,4,1,106.30416666666667,-1.004166666666677
6463-MVYRY,0,1,0,0,57,1,0,69.85,4003.0,0,0,0,0,0,0,1,0,0,0,1,0,1,0,1,0,0,0,1,0,0,0,4,0,70.2280701754386,-0.37807017543860866
3969-JQABI,0,0,1,0,58,1,1,65.25,3791.6,0,0,0,0,0,0,1,0,1,0,0,0,0,0,1,0,0,0,0,1,0,0,3,0,65.37241379310345,-0.12241379310344769
9624-EGDEQ,0,0,0,0,37,1,0,19.8,813.3,0,0,0,0,1,1,0,1,0,1,0,1,0,1,0,1,0,0,1,0,0,1,0,0,21.98108108108108,-2.1810810810810786
1051-EQPZR,0,0,1,1,44,1,0,19.6,780.25,0,0,0,0,1,1,0,1,0,1,0,1,0,1,0,1,0,0,0,0,0,1,0,0,17.732954545454547,1.8670454545454547
5849-ASHZJ,1,0,0,1,27,1,0,20.05,552.9,0,0,0,0,1,1,0,1,0,1,0,1,0,1,0,1,0,1,0,1,0,0,0,0,20.477777777777778,-0.42777777777777715
5780-INQIK,0,0,0,0,8,1,0,49.4,408.25,0,0,0,0,0,0,0,0,0,0,0,0,1,0,0,0,0,0,0,0,1,0,1,1,51.03125,-1.6312500000000014
7576-OYWBN,1,1,0,0,3,1,1,76.05,231.8,1,0,1,1,0,0,0,0,0,0,0,0,0,0,0,0,0,0,0,0,1,0,0,1,77.26666666666667,-1.2166666666666686
4526-ZJJTM,0,1,1,0,25,1,0,88.4,2191.15,0,0,0,1,0,0,0,0,1,0,1,0,0,0,0,0,1,0,0,0,0,0,3,0,87.646,0.7540000000000049
8384-FZBJK,0,0,1,1,57,1,1,100.6,5611.7,0,0,1,1,0,0,0,0,1,0,0,0,0,0,1,0,1,0,0,0,1,0,3,0,98.45087719298245,2.149122807017548
3750-RNQKR,0,0,0,0,12,1,0,19.45,246.25,0,0,0,0,1,1,0,1,0,1,0,1,0,1,0,1,0,0,0,0,0,1,0,1,20.520833333333332,-1.0708333333333329
0962-CQPWQ,0,0,1,1,62,1,0,20.3,1296.15,0,0,0,0,1,1,0,1,0,1,0,1,0,1,0,1,0,0,1,0,0,0,0,0,20.905645161290323,-0.6056451612903224
3096-YXENJ,0,0,1,0,65,1,1,107.65,7082.85,0,0,1,1,0,0,0,0,1,0,1,0,1,0,1,0,1,0,1,0,0,0,5,0,108.96692307692308,-1.316923076923075
1265-BCFEO,0,0,1,0,71,1,1,80.45,5662.25,0,0,1,0,0,0,0,0,0,0,1,0,1,0,1,0,1,0,1,0,0,0,4,0,79.75,0.7000000000000028
5837-LXSDN,0,0,1,1,21,1,1,58.85,1215.45,0,0,0,0,0,0,0,0,1,0,0,0,0,0,1,0,0,1,0,1,0,0,2,0,57.87857142857143,0.971428571428568
5945-AZYHT,1,0,1,0,71,1,1,109.6,7854.15,0,0,1,1,0,0,1,0,1,0,1,0,0,0,1,0,1,1,0,0,1,0,5,0,110.6218309859155,-1.0218309859155
8325-QRPZR,0,0,0,0,7,1,1,75.15,525.0,0,0,0,1,0,0,0,0,0,0,1,0,0,0,0,0,0,0,0,0,1,0,1,1,75.0,0.15000000000000568
6384-VMJHP,0,0,0,0,72,1,1,73.0,5265.2,0,0,0,0,0,0,1,0,1,0,1,0,1,0,0,0,1,0,1,1,0,0,5,0,73.12777777777778,-0.12777777777778
2262-SLNVK,0,0,0,0,1,1,0,70.1,70.1,0,0,0,1,0,0,0,0,0,0,0,0,0,0,0,0,0,0,0,0,1,0,0,1,70.1,0.0
7730-CLDSV,0,0,1,1,72,1,1,98.65,7129.45,0,0,1,1,0,0,0,0,1,0,1,0,1,0,0,0,1,0,1,0,0,0,4,0,99.02013888888888,-0.37013888888887436
1135-HIORI,0,0,1,1,64,1,1,111.45,7266.95,0,0,1,1,0,0,0,0,1,0,1,0,1,0,1,0,1,1,0,0,1,0,5,0,113.54609375,-2.0960937499999943
0164-APGRB,0,0,0,0,72,1,1,114.9,8496.7,0,0,1,1,0,0,1,0,1,0,1,0,1,0,1,0,1,0,1,0,1,0,6,0,118.00972222222224,-3.1097222222222314
6481-ESCNL,0,0,0,0,29,1,0,100.55,2878.75,0,0,1,1,0,0,0,0,0,0,1,0,0,0,1,0,1,0,0,0,0,0,3,0,99.26724137931035,1.2827586206896484
1790-NESIO,0,0,0,0,13,1,1,20.4,261.3,0,0,0,0,1,1,0,1,0,1,0,1,0,1,0,1,0,0,1,0,0,1,0,0,20.1,0.29999999999999716
1550-EENBN,0,0,0,0,31,1,0,104.35,3205.6,0,0,1,1,0,0,1,0,1,0,0,0,0,0,1,0,1,0,0,0,1,0,4,0,103.40645161290323,0.9435483870967687
5539-TMZLF,1,1,0,0,1,1,1,69.75,69.75,1,0,0,1,0,0,0,0,0,0,0,0,0,0,0,0,0,0,0,0,1,0,0,1,69.75,0.0
4323-SADQS,1,0,1,1,7,0,1,34.5,279.25,1,1,0,0,0,0,1,0,0,0,0,0,1,0,0,0,0,0,0,0,1,0,2,1,39.892857142857146,-5.392857142857146
4446-BZKHU,1,0,1,0,61,1,1,105.55,6281.45,1,0,1,1,0,0,0,0,1,0,1,0,0,0,1,0,1,0,0,0,1,0,4,0,102.97459016393442,2.5754098360655746
5202-IVJNU,0,0,0,1,39,0,0,30.1,1131.3,1,1,0,0,0,0,0,0,0,0,1,0,0,0,0,0,0,0,0,1,0,0,1,0,29.007692307692306,1.0923076923076955
5976-JCJRH,1,0,1,0,10,1,1,70.3,738.2,1,0,0,1,0,0,0,0,0,0,0,0,0,0,0,0,0,0,0,0,1,0,0,1,73.82000000000001,-3.5200000000000102
8198-RKSZG,0,0,1,1,14,1,0,80.45,1137.05,0,0,1,0,0,0,0,0,1,0,0,0,1,0,1,0,1,0,0,1,0,0,4,0,81.21785714285714,-0.7678571428571388
0137-OCGAB,0,0,0,0,1,1,1,80.2,80.2,1,0,1,1,0,0,0,0,1,0,0,0,0,0,0,0,0,0,0,0,0,1,1,1,80.2,0.0
3351-NQLDI,0,0,1,1,67,1,1,94.35,6341.45,1,0,1,1,0,0,1,0,0,0,0,0,1,0,0,0,1,1,0,1,0,0,3,0,94.64850746268657,-0.29850746268657247
9297-EONCV,0,0,0,0,72,1,1,91.35,6697.2,0,0,1,0,0,0,1,0,1,0,1,0,1,0,1,0,1,0,1,0,0,0,6,0,93.01666666666667,-1.6666666666666714
7593-JNWRU,1,0,1,1,6,1,1,44.6,260.8,1,0,0,0,0,0,0,0,0,0,0,0,0,0,0,0,0,0,0,0,0,0,0,1,43.46666666666667,1.1333333333333329
4588-YBNIB,0,0,0,0,1,1,1,19.6,19.6,1,0,0,0,1,1,0,1,0,1,0,1,0,1,0,1,0,0,0,0,0,1,0,1,19.6,0.0
1069-QJOEE,1,0,1,1,25,1,0,19.9,505.45,0,0,0,0,1,1,0,1,0,1,0,1,0,1,0,1,0,1,0,0,1,0,0,0,20.218,-0.3180000000000014
3336-JORSO,0,1,0,0,33,1,1,110.45,3655.45,1,0,1,1,0,0,0,0,1,0,1,0,1,0,1,0,1,0,0,0,1,0,5,0,110.77121212121212,-0.3212121212121133
7799-DSEWS,1,0,0,0,18,1,1,68.35,1299.8,0,0,0,0,0,0,1,0,0,0,1,0,1,0,1,0,0,0,0,0,1,0,4,0,72.21111111111111,-3.8611111111111143
8766-PAFNE,1,0,1,0,71,1,1,79.1,5564.85,0,0,0,0,0,0,0,0,1,0,1,0,1,0,1,0,1,0,1,1,0,0,5,0,78.3781690140845,0.7218309859154886
5315-CKEQK,1,1,1,1,28,1,1,51.0,1381.8,0,0,1,0,0,0,0,0,0,0,0,0,0,0,0,0,0,1,0,0,1,0,0,0,49.35,1.6499999999999986
3130-ICDUP,0,0,0,1,2,1,0,80.55,188.1,0,0,1,1,0,0,1,0,0,0,0,0,0,0,0,0,0,0,0,1,0,0,1,1,94.05,-13.5
0820-FNRNX,1,0,1,1,17,1,1,66.7,1077.05,0,0,1,0,0,0,0,0,1,0,1,0,1,0,0,0,0,0,0,0,0,1,3,0,63.35588235294117,3.3441176470588303
0880-FVFWF,1,0,0,0,56,1,1,86.4,4922.4,0,0,1,1,0,0,1,0,1,0,0,0,0,0,0,0,0,0,0,0,1,0,2,0,87.89999999999999,-1.4999999999999858
4611-ANLQC,0,0,1,0,60,0,0,50.05,2911.5,0,1,0,0,0,0,1,0,1,0,1,0,0,0,0,0,1,1,0,0,1,0,4,0,48.525,1.5249999999999986
4213-HKBJO,0,0,0,0,33,1,0,25.7,826.1,0,0,1,0,1,1,0,1,0,1,0,1,0,1,0,1,0,0,1,1,0,0,0,0,25.033333333333335,0.6666666666666643
2792-LSHWX,0,0,0,0,1,1,1,83.4,83.4,0,0,0,1,0,0,1,0,1,0,0,0,1,0,0,0,0,0,0,0,0,1,3,1,83.4,0.0
5028-GZLDO,1,0,0,0,2,1,0,70.7,140.7,1,0,0,1,0,0,0,0,0,0,0,0,0,0,0,0,0,0,0,1,0,0,0,1,70.35,0.3500000000000085
0014-BMAQU,1,0,1,0,63,1,1,84.65,5377.8,0,0,1,1,0,0,1,0,0,0,0,0,1,0,0,0,0,0,1,1,0,0,2,0,85.36190476190477,-0.711904761904762
6861-XWTWQ,1,1,1,0,7,1,1,99.25,665.45,1,0,1,1,0,0,0,0,0,0,1,0,0,0,1,0,1,0,0,0,1,0,3,1,95.06428571428572,4.185714285714283
9018-PCIOK,0,0,0,0,55,1,1,64.75,3617.1,0,0,0,0,0,0,0,0,1,0,1,0,0,0,0,0,1,0,1,0,0,1,3,0,65.76545454545455,-1.0154545454545456
4837-QUSFT,0,0,1,0,65,1,1,100.15,6643.5,0,0,1,1,0,0,1,0,1,0,0,0,1,0,1,0,0,1,0,0,0,0,4,0,102.20769230769231,-2.0576923076923066
6877-TJMBR,1,0,1,0,1,1,1,84.8,84.8,1,0,0,1,0,0,0,0,0,0,0,0,1,0,1,0,0,0,0,0,1,0,2,1,84.8,0.0
9953-ZMKSM,1,0,0,0,63,1,0,25.25,1559.3,0,0,1,0,1,1,0,1,0,1,0,1,0,1,0,1,0,0,1,0,0,1,0,0,24.75079365079365,0.4992063492063501
0907-HQNTS,0,1,1,0,70,1,1,113.0,7987.6,0,0,1,1,0,0,1,0,1,0,1,0,1,0,1,0,1,0,1,1,0,0,6,0,114.10857142857144,-1.1085714285714374
7665-NKLAV,0,0,1,1,36,0,0,40.65,1547.35,0,1,0,0,0,0,1,0,0,0,1,0,1,0,0,0,0,0,1,1,0,0,3,0,42.981944444444444,-2.3319444444444457
6769-DCQLI,1,0,0,0,52,1,1,105.0,5426.85,1,0,0,1,0,0,0,0,1,0,1,0,1,0,1,0,1,1,0,0,0,0,5,0,104.36250000000001,0.6374999999999886
2433-KMEAS,1,0,0,0,22,1,1,54.45,1127.35,1,0,1,0,0,0,1,0,0,0,0,0,0,0,0,0,0,0,0,0,1,0,1,0,51.24318181818182,3.2068181818181856
4391-LNRXK,1,0,0,0,22,1,1,94.95,2142.8,0,0,0,1,0,0,0,0,1,0,1,0,1,0,0,0,1,0,0,0,0,0,4,0,97.4,-2.450000000000003
8250-ZNGGW,0,1,0,0,5,1,0,59.9,287.85,0,0,0,0,0,0,1,0,1,0,0,0,1,0,0,0,0,0,0,1,0,0,3,1,57.57000000000001,2.329999999999991
2195-ZRVAX,0,0,1,0,47,1,1,85.3,4045.65,1,0,0,1,0,0,0,0,0,0,1,0,0,0,0,0,1,0,0,0,1,0,2,0,86.07765957446809,-0.777659574468089
3550-SAHFP,0,0,0,0,33,1,1,83.35,2757.85,1,0,1,1,0,0,0,0,0,0,0,0,0,0,0,0,1,0,0,0,1,0,1,0,83.57121212121211,-0.22121212121211897
2011-TRQYE,1,0,0,0,18,0,1,33.5,600.0,1,1,0,0,0,0,0,0,1,0,1,0,0,0,0,0,0,0,0,1,0,0,2,0,33.333333333333336,0.1666666666666643
8562-GHPPI,0,0,0,0,1,1,0,19.8,19.8,0,0,0,0,1,1,0,1,0,1,0,1,0,1,0,1,0,0,0,1,0,0,0,1,19.8,0.0
5893-PYOLZ,1,0,0,0,56,1,1,81.8,4534.45,0,0,0,0,0,0,0,0,1,0,1,0,1,0,1,0,1,0,1,1,0,0,5,0,80.97232142857142,0.8276785714285779
4986-MXSFP,0,0,0,0,2,1,1,20.0,40.9,0,0,0,0,1,1,0,1,0,1,0,1,0,1,0,1,0,0,0,0,0,1,0,1,20.45,-0.4499999999999993
6131-FOYAS,1,0,0,0,35,1,1,59.6,2094.9,0,0,1,0,0,0,1,0,0,0,1,0,0,0,0,0,0,0,0,0,1,0,2,0,59.854285714285716,-0.25428571428571445
3027-YNWZU,0,0,1,0,64,1,0,25.0,1584.8,0,0,1,0,1,1,0,1,0,1,0,1,0,1,0,1,0,0,1,1,0,0,0,0,24.7625,0.2375000000000007
5609-IMCGG,0,0,0,0,15,1,1,84.35,1302.65,0,0,1,1,0,0,1,0,0,0,1,0,0,0,0,0,0,0,0,1,0,0,2,0,86.84333333333333,-2.4933333333333394
4873-ILOLJ,1,0,0,0,24,1,1,90.35,2238.5,1,0,0,1,0,0,0,0,0,0,0,0,0,0,1,0,1,0,0,0,1,0,2,0,93.27083333333333,-2.9208333333333343
4727-MCYZG,1,0,0,0,1,1,0,55.55,55.55,0,0,0,0,0,0,0,0,0,0,0,0,0,0,0,0,1,0,0,0,0,1,1,1,55.55,0.0
9481-WHGWY,0,0,1,1,70,1,0,75.35,5437.75,0,0,0,0,0,0,1,0,0,0,0,0,1,0,1,0,1,0,1,1,0,0,4,0,77.68214285714286,-2.3321428571428697
2725-KXXWT,1,0,1,0,1,1,1,90.75,90.75,1,0,0,1,0,0,0,0,0,0,0,0,0,0,1,0,1,0,0,0,1,0,2,1,90.75,0.0
9565-DJPIB,0,0,0,1,4,1,0,89.6,365.65,1,0,1,1,0,0,0,0,1,0,0,0,0,0,1,0,0,0,0,0,0,1,2,1,91.4125,-1.8125
4328-VUFWD,0,0,0,0,39,1,0,59.3,2209.15,0,0,0,0,0,0,0,0,0,0,0,0,1,0,0,0,1,1,0,0,1,0,2,0,56.6448717948718,2.6551282051282
3301-LSLWQ,0,0,0,0,29,1,1,66.1,1912.15,0,0,1,0,0,0,1,0,0,0,0,0,0,0,0,0,1,0,0,0,1,0,2,0,65.93620689655172,0.16379310344827047
7473-ZBDSN,0,0,1,1,14,1,0,18.8,255.55,0,0,0,0,1,1,0,1,0,1,0,1,0,1,0,1,0,0,1,0,0,1,0,0,18.25357142857143,0.5464285714285708
3166-PNEOF,0,0,0,0,61,1,0,86.45,5175.3,0,0,1,0,0,0,1,0,0,0,1,0,1,0,1,0,1,0,1,1,0,0,5,0,84.84098360655739,1.6090163934426158
5639-NTUPK,1,0,0,1,13,1,1,52.1,670.65,0,0,0,0,0,0,1,0,0,0,0,0,0,0,0,0,0,0,0,1,0,0,1,0,51.58846153846154,0.5115384615384642
8780-YRMTT,0,0,0,0,66,0,1,47.4,3177.25,0,1,0,0,0,0,1,0,1,0,1,0,1,0,0,0,0,0,1,0,0,1,4,0,48.140151515151516,-0.740151515151517
8348-HFYIV,1,0,0,0,2,0,1,49.25,90.35,1,1,0,0,0,0,0,0,0,0,1,0,0,0,1,0,1,0,0,0,1,0,3,1,45.175,4.075000000000003
5140-FOMCQ,0,0,1,0,59,1,1,109.15,6557.75,0,0,1,1,0,0,1,0,1,0,1,0,0,0,1,0,1,1,0,1,0,0,5,0,111.14830508474576,-1.998305084745752
6242-SGYTS,1,0,1,1,62,1,1,94.95,5791.85,0,0,1,1,0,0,1,0,1,0,0,0,0,0,1,0,0,1,0,1,0,0,3,0,93.41693548387097,1.5330645161290306
8166-ORCHU,1,1,1,0,33,1,1,93.55,3055.5,0,0,0,1,0,0,1,0,1,0,0,0,1,0,0,0,1,1,0,0,1,0,4,0,92.5909090909091,0.9590909090909037
8414-OOEEL,1,0,0,1,66,1,1,79.5,5196.1,0,0,0,0,0,0,0,0,1,0,1,0,1,0,1,0,1,0,1,1,0,0,5,0,78.72878787878788,0.7712121212121161
8454-AATJP,0,0,0,0,72,1,0,115.05,8405.0,0,0,1,1,0,0,1,0,1,0,1,0,1,0,1,0,1,0,1,1,0,0,6,0,116.73611111111111,-1.6861111111111171
6849-WLEYG,1,0,0,1,1,1,0,19.75,19.75,1,0,0,0,1,1,0,1,0,1,0,1,0,1,0,1,0,0,0,0,0,1,0,1,19.75,0.0
4659-NZRUF,0,0,0,0,19,1,1,95.15,1789.25,1,0,1,1,0,0,1,0,1,0,0,0,0,0,0,0,1,0,0,0,1,0,3,0,94.17105263157895,0.9789473684210606
4531-AUZNK,0,0,1,1,51,1,1,95.15,5000.05,0,0,1,1,0,0,1,0,0,0,0,0,1,0,1,0,0,1,0,0,0,1,3,0,98.04019607843138,-2.890196078431373
4191-XOVOM,1,0,0,0,63,1,0,105.4,6713.2,0,0,1,1,0,0,0,0,1,0,0,0,1,0,1,0,1,0,0,0,1,0,4,0,106.55873015873016,-1.158730158730151
2150-OEGBV,1,0,0,0,27,1,0,20.1,562.6,0,0,0,0,1,1,0,1,0,1,0,1,0,1,0,1,0,1,0,0,0,0,0,0,20.83703703703704,-0.7370370370370374
8429-XIBUM,1,0,0,0,22,1,1,101.35,2317.1,1,0,1,1,0,0,1,0,0,0,0,0,0,0,1,0,1,0,0,0,0,0,3,0,105.32272727272726,-3.972727272727269
1855-CFULU,0,1,0,0,4,1,0,20.05,91.45,0,0,0,0,1,1,0,1,0,1,0,1,0,1,0,1,0,0,0,0,0,1,0,1,22.8625,-2.8125
4878-BUNFV,1,0,1,1,42,1,0,20.7,828.85,0,0,0,0,1,1,0,1,0,1,0,1,0,1,0,1,0,0,1,0,0,1,0,0,19.73452380952381,0.9654761904761884
1872-EBWSC,0,0,0,0,29,1,0,20.35,617.35,0,0,0,0,1,1,0,1,0,1,0,1,0,1,0,1,0,1,0,0,0,1,0,0,21.28793103448276,-0.9379310344827587
2608-BHKFN,0,0,0,0,4,1,1,70.05,266.9,1,0,0,1,0,0,0,0,0,0,0,0,0,0,0,0,0,0,0,1,0,0,0,1,66.725,3.325000000000003
7026-YMSBE,1,0,0,0,30,1,0,19.7,625.05,0,0,0,0,1,1,0,1,0,1,0,1,0,1,0,1,0,1,0,0,0,1,0,0,20.834999999999997,-1.134999999999998
7341-LXCAF,1,0,1,0,4,1,1,74.65,301.4,1,0,1,1,0,0,0,0,0,0,0,0,0,0,0,0,0,0,0,0,1,0,0,1,75.35,-0.6999999999999886
6997-UVGOX,1,0,1,1,71,1,0,85.45,6029.9,0,0,0,0,0,0,1,0,1,0,1,0,1,0,1,0,1,0,1,0,0,0,6,0,84.9281690140845,0.5218309859154999
9674-EHPPG,1,0,1,0,46,0,0,40.4,1842.7,0,1,0,0,0,0,1,0,0,0,1,0,1,0,0,0,0,0,1,1,0,0,3,0,40.05869565217392,0.34130434782608177
9462-MJUAW,1,0,0,0,4,1,0,50.4,206.6,1,0,1,0,0,0,0,0,0,0,0,0,0,0,0,0,0,0,0,0,0,1,0,1,51.65,-1.25
8128-YVJRG,0,0,0,0,7,1,1,79.65,604.7,1,0,1,1,0,0,1,0,0,0,0,0,0,0,0,0,0,0,0,0,0,1,1,1,86.38571428571429,-6.73571428571428
5440-VHLUL,1,0,0,0,69,1,1,105.2,7386.05,0,0,1,1,0,0,0,0,1,0,0,0,1,0,1,0,1,1,0,0,0,0,4,0,107.04420289855072,-1.8442028985507193
5781-BKHOP,0,0,1,0,72,1,0,100.65,7334.05,0,0,1,1,0,0,1,0,1,0,1,0,0,0,1,0,0,0,1,0,0,0,4,0,101.86180555555556,-1.2118055555555571
4283-FUTGF,1,1,0,0,19,1,1,79.85,1471.75,1,0,1,1,0,0,0,0,0,0,1,0,0,0,0,0,0,0,0,0,1,0,1,0,77.46052631578948,2.3894736842105146
5213-TWWJU,1,0,0,0,28,1,0,91.0,2626.15,0,0,0,1,0,0,0,0,0,0,1,0,1,0,0,0,1,0,0,0,1,0,3,0,93.79107142857143,-2.7910714285714278
1569-TTNYJ,1,0,1,0,5,1,1,78.75,412.1,1,0,1,1,0,0,0,0,1,0,0,0,0,0,0,0,0,0,0,0,1,0,1,1,82.42,-3.6700000000000017
8628-MFKAX,0,1,1,0,72,1,1,116.75,8277.05,0,0,1,1,0,0,1,0,1,0,1,0,1,0,1,0,1,0,1,1,0,0,6,0,114.95902777777776,1.790972222222237
2397-BRLOM,1,1,1,1,8,1,1,80.45,583.45,1,0,0,1,0,0,0,0,0,0,0,0,0,0,1,0,0,0,0,1,0,0,1,1,72.93125,7.518749999999997
7629-WIXZF,0,0,0,0,7,1,1,59.1,369.25,0,0,0,0,0,0,1,0,0,0,0,0,0,0,0,0,1,1,0,0,1,0,2,1,52.75,6.350000000000001
5445-GLVOT,0,0,0,0,22,1,1,49.8,1049.05,0,0,0,0,0,0,1,0,0,0,0,0,0,0,0,0,0,0,0,0,1,0,1,0,47.684090909090905,2.115909090909092
3976-HXHCE,1,0,0,0,72,1,0,19.3,1414.8,0,0,0,0,1,1,0,1,0,1,0,1,0,1,0,1,0,0,1,0,0,0,0,0,19.65,-0.34999999999999787
2466-NEJOJ,1,0,1,1,8,1,0,19.65,169.75,0,0,0,0,1,1,0,1,0,1,0,1,0,1,0,1,0,0,0,1,0,0,0,1,21.21875,-1.5687500000000014
0254-KCJGT,1,0,1,0,52,1,1,81.4,4354.45,0,0,1,0,0,0,1,0,1,0,1,0,1,0,0,0,1,1,0,1,0,0,5,0,83.73942307692307,-2.339423076923069
5472-CVMDX,0,0,0,0,68,0,0,38.9,2719.2,0,1,0,0,0,0,1,0,0,0,1,0,1,0,0,0,0,0,1,0,0,1,3,0,39.98823529411764,-1.088235294117645
6461-SZMCV,0,0,1,0,71,1,0,87.95,6365.35,0,0,1,0,0,0,1,0,1,0,1,0,1,0,1,0,1,0,1,0,0,0,6,0,89.65281690140846,-1.702816901408454
8150-QUDFX,1,0,0,0,2,1,0,19.85,51.6,0,0,0,0,1,1,0,1,0,1,0,1,0,1,0,1,0,0,0,0,0,1,0,1,25.8,-5.949999999999999
9508-ILZDG,0,1,0,0,34,1,1,96.35,3190.25,0,0,1,1,0,0,0,0,1,0,0,0,1,0,1,0,0,0,0,0,1,0,3,0,93.83088235294117,2.5191176470588204
2346-DJQTB,0,0,0,0,35,0,0,24.15,812.5,0,1,0,0,0,0,0,0,0,0,0,0,0,0,0,0,0,0,0,0,1,0,0,0,23.214285714285715,0.9357142857142833
1697-LYYYX,0,0,1,1,61,1,0,19.1,1143.8,0,0,0,0,1,1,0,1,0,1,0,1,0,1,0,1,0,1,0,1,0,0,0,0,18.750819672131147,0.34918032786885433
1942-OQFRW,1,0,0,0,1,1,0,44.0,44.0,0,0,0,0,0,0,0,0,0,0,0,0,0,0,0,0,0,0,0,0,1,0,0,1,44.0,0.0
4749-VFKVB,0,0,0,0,1,1,1,50.1,50.1,1,0,1,0,0,0,0,0,0,0,0,0,0,0,0,0,0,0,0,0,0,1,0,1,50.1,0.0
9640-ZSLDC,0,0,1,1,53,1,0,60.6,3297.0,0,0,0,0,0,0,0,0,0,0,1,0,0,0,0,0,1,1,0,1,0,0,2,0,62.20754716981132,-1.607547169811319
4231-LZUYM,0,0,1,0,72,1,0,25.65,1887.0,0,0,1,0,1,1,0,1,0,1,0,1,0,1,0,1,0,0,1,0,0,0,0,0,26.208333333333332,-0.5583333333333336
7598-UAASY,1,0,1,0,2,1,0,76.4,151.8,1,0,0,1,0,0,0,0,0,0,1,0,0,0,0,0,0,0,0,0,1,0,1,1,75.9,0.5
7938-OUHIO,1,0,0,0,3,1,1,98.7,293.65,1,0,0,1,0,0,0,0,0,0,1,0,1,0,1,0,1,0,0,0,1,0,4,1,97.88333333333333,0.8166666666666771
8510-AWCXC,0,1,0,0,13,1,1,100.8,1308.1,1,0,1,1,0,0,1,0,0,0,0,0,0,0,1,0,1,0,0,0,1,0,3,0,100.62307692307692,0.17692307692307452
6128-AQBMT,1,1,1,0,41,0,1,53.95,2215.4,0,1,0,0,0,0,0,0,1,0,1,0,0,0,1,0,1,0,0,0,1,0,4,0,54.03414634146342,-0.08414634146341626
3594-BDSOA,0,0,1,0,24,1,0,20.4,482.8,0,0,0,0,1,1,0,1,0,1,0,1,0,1,0,1,0,1,0,1,0,0,0,0,20.116666666666667,0.28333333333333144
0431-APWVY,0,0,1,1,28,1,1,90.1,2598.95,1,0,0,1,0,0,0,0,0,0,0,0,0,0,1,0,1,1,0,0,0,0,2,0,92.81964285714285,-2.7196428571428584
5133-VRSAB,1,0,0,0,8,0,0,29.35,216.45,0,1,0,0,0,0,1,0,0,0,0,0,0,0,0,0,0,0,0,0,0,1,1,1,27.05625,2.293750000000003
5996-DAOQL,1,0,0,0,1,1,1,20.45,20.45,0,0,0,0,1,1,0,1,0,1,0,1,0,1,0,1,0,0,0,0,0,1,0,1,20.45,0.0
6838-YAUVY,0,0,0,0,54,1,1,95.1,5064.85,0,0,1,1,0,0,0,0,0,0,1,0,1,0,0,0,1,0,1,0,0,0,3,0,93.79351851851852,1.3064814814814696
0484-JPBRU,1,0,0,0,41,1,1,25.25,996.45,0,0,1,0,1,1,0,1,0,1,0,1,0,1,0,1,0,0,0,0,0,0,0,0,24.303658536585367,0.9463414634146332
7883-ROJOC,0,0,1,0,19,1,0,44.9,839.65,0,0,0,0,0,0,0,0,0,0,0,0,0,0,0,0,0,0,0,0,0,1,0,0,44.19210526315789,0.7078947368421069
0244-LGNFY,0,0,1,1,72,1,0,92.65,6733.0,0,0,1,0,0,0,1,0,1,0,1,0,1,0,1,0,1,0,1,0,0,0,6,0,93.51388888888889,-0.86388888888888
7274-CGTOD,1,0,0,0,62,0,1,43.7,2618.3,0,1,0,0,0,0,1,0,1,0,1,0,1,0,0,0,0,0,1,0,0,0,4,0,42.230645161290326,1.4693548387096769
4295-YURET,0,1,1,1,56,1,1,72.6,4084.35,0,0,0,0,0,0,1,0,0,0,0,0,1,0,1,0,1,0,1,1,0,0,4,0,72.93482142857142,-0.3348214285714306
3426-NIYYL,1,0,0,0,15,1,0,51.55,765.5,1,0,1,0,0,0,0,0,0,0,0,0,0,0,0,0,0,0,0,0,1,0,0,0,51.03333333333333,0.5166666666666657
8225-BTJAU,1,1,0,0,10,1,1,79.25,793.55,1,0,0,1,0,0,0,0,0,0,0,0,0,0,0,0,1,0,0,0,1,0,1,1,79.35499999999999,-0.10499999999998977
4635-EJYPD,1,0,1,1,32,1,0,18.95,613.95,0,0,0,0,1,1,0,1,0,1,0,1,0,1,0,1,0,0,1,0,0,1,0,0,19.1859375,-0.23593750000000213
1866-ZSLJM,1,0,0,0,21,1,0,20.5,402.85,0,0,0,0,1,1,0,1,0,1,0,1,0,1,0,1,0,0,0,1,0,0,0,0,19.183333333333334,1.3166666666666664
4636-TVXVG,1,0,1,1,62,1,0,19.95,1244.8,0,0,0,0,1,1,0,1,0,1,0,1,0,1,0,1,0,1,0,0,0,0,0,0,20.07741935483871,-0.12741935483871103
4236-UJPWO,0,0,0,0,2,0,0,24.5,46.4,0,1,0,0,0,0,0,0,0,0,0,0,0,0,0,0,0,0,0,0,1,0,0,1,23.2,1.3000000000000007
9392-XBGTD,1,0,0,1,27,1,0,20.6,581.85,0,0,0,0,1,1,0,1,0,1,0,1,0,1,0,1,0,0,1,0,0,1,0,0,21.55,-0.9499999999999993
3387-VATUS,1,0,0,0,5,1,1,94.85,462.8,1,0,1,1,0,0,0,0,0,0,0,0,0,0,1,0,1,0,0,0,0,0,2,1,92.56,2.289999999999992
6402-SSEJG,0,0,0,0,25,0,0,61.05,1540.2,0,1,0,0,0,0,1,0,1,0,1,0,0,0,1,0,1,1,0,0,1,0,5,0,61.608000000000004,-0.5580000000000069
1143-NMNQJ,0,0,0,0,2,1,1,85.7,169.8,1,0,1,1,0,0,0,0,0,0,0,0,0,0,0,0,1,0,0,0,1,0,1,1,84.9,0.7999999999999972
1169-SAOCL,1,0,0,0,49,1,1,106.65,5168.1,0,0,1,1,0,0,0,0,1,0,0,0,1,0,1,0,1,1,0,0,0,0,4,0,105.47142857142858,1.1785714285714306
1110-KYLGQ,0,0,0,0,63,1,0,108.25,6780.1,0,0,1,1,0,0,1,0,1,0,1,0,0,0,1,0,1,0,0,1,0,0,5,0,107.62063492063493,0.6293650793650727
9929-PLVPA,0,0,0,1,4,1,0,20.4,94.5,0,0,0,0,1,1,0,1,0,1,0,1,0,1,0,1,0,0,0,1,0,0,0,1,23.625,-3.2250000000000014
3518-PZXZQ,0,0,1,0,1,1,1,55.3,55.3,0,0,0,0,0,0,0,0,0,0,0,0,0,0,1,0,0,0,0,0,0,1,1,1,55.3,0.0
2371-JUNGC,1,0,0,0,11,1,0,20.25,208.0,0,0,0,0,1,1,0,1,0,1,0,1,0,1,0,1,0,0,0,0,0,1,0,1,18.90909090909091,1.34090909090909
7693-QPEFS,1,1,0,0,52,1,1,72.95,3829.75,0,0,1,1,0,0,0,0,0,0,0,0,0,0,0,0,0,0,0,0,0,0,0,0,73.64903846153847,-0.6990384615384642
0924-BJCRC,0,1,1,0,60,1,0,89.45,5294.6,0,0,1,1,0,0,0,0,1,0,0,0,0,0,0,0,1,0,0,0,1,0,2,0,88.24333333333334,1.2066666666666634
5074-FBGHB,1,0,0,0,64,1,1,104.65,6889.8,0,0,1,1,0,0,0,0,0,0,1,0,1,0,1,0,1,1,0,1,0,0,4,0,107.653125,-3.003124999999997
2351-BKRZW,0,0,1,1,43,1,0,75.2,3254.35,0,0,0,0,0,0,1,0,0,0,1,0,0,0,1,0,1,0,1,0,0,0,4,0,75.68255813953488,-0.4825581395348735
4455-BFSPD,0,0,1,0,61,1,0,101.15,6383.9,0,0,1,1,0,0,0,0,0,0,0,0,1,0,1,0,1,1,0,0,0,0,3,0,104.65409836065574,-3.504098360655732
0415-MOSGF,0,0,0,0,1,1,0,44.4,44.4,1,0,0,0,0,0,0,0,0,0,0,0,0,0,0,0,0,0,0,0,0,1,0,1,44.4,0.0
1724-BQUHA,1,1,0,0,5,1,1,89.5,477.7,1,0,0,1,0,0,0,0,0,0,0,0,0,0,1,0,1,0,0,0,1,0,2,1,95.53999999999999,-6.039999999999992
3948-KXDUF,1,0,0,0,66,1,0,68.75,4447.55,0,0,1,0,0,0,1,0,1,0,1,0,1,0,0,0,0,0,1,0,0,0,4,0,67.38712121212122,1.3628787878787847
2323-ARSVR,1,0,1,0,67,1,1,111.05,7321.05,0,0,0,1,0,0,1,0,1,0,1,0,1,0,1,0,1,0,1,0,1,0,6,0,109.26940298507463,1.7805970149253625
0815-MFZGM,0,0,1,0,42,1,1,99.0,4135.0,0,0,0,1,0,0,0,0,0,0,1,0,1,0,1,0,1,0,1,1,0,0,4,0,98.45238095238095,0.547619047619051
4826-XTSOH,1,1,1,0,1,1,1,86.05,86.05,1,0,1,1,0,0,0,0,0,0,0,0,0,0,1,0,0,0,0,0,1,0,1,1,86.05,0.0
5480-XTFFL,0,0,1,1,31,1,0,21.0,697.7,0,0,0,0,1,1,0,1,0,1,0,1,0,1,0,1,0,0,1,0,0,1,0,0,22.506451612903227,-1.506451612903227
8295-FHIVV,1,0,0,0,7,1,1,19.4,168.65,0,0,0,0,1,1,0,1,0,1,0,1,0,1,0,1,0,0,0,0,0,1,0,1,24.092857142857145,-4.692857142857147
2495-INZWQ,1,0,0,0,4,0,1,44.55,174.3,1,1,0,0,0,0,0,0,0,0,0,0,0,0,1,0,1,0,0,0,1,0,2,1,43.575,0.9749999999999943
9086-YJYXS,1,0,1,1,34,1,0,77.2,2753.8,0,0,1,0,0,0,0,0,0,0,1,0,0,0,1,0,1,1,0,0,0,0,3,0,80.99411764705883,-3.794117647058826
1179-INLAT,1,0,0,0,3,1,1,19.45,69.25,0,0,0,0,1,1,0,1,0,1,0,1,0,1,0,1,0,1,0,0,0,1,0,1,23.083333333333332,-3.633333333333333
7909-FIOIY,0,0,1,1,19,0,1,24.85,434.8,0,1,0,0,0,0,0,0,0,0,0,0,0,0,0,0,0,0,0,0,0,1,0,0,22.88421052631579,1.965789473684211
4139-SUGLD,1,0,1,1,31,0,0,35.4,1077.5,1,1,0,0,0,0,1,0,0,0,0,0,1,0,0,0,0,0,0,0,0,0,2,0,34.75806451612903,0.6419354838709666
6857-VWJDT,0,0,0,0,1,1,0,95.65,95.65,1,0,1,1,0,0,0,0,0,0,0,0,0,0,1,0,1,0,0,0,0,1,2,1,95.65,0.0
6351-SCJKT,1,0,0,0,3,0,0,41.35,107.25,0,1,0,0,0,0,1,0,0,0,1,0,1,0,0,0,0,0,0,0,0,1,3,1,35.75,5.600000000000001
5468-BPMMO,1,0,1,0,46,1,0,19.6,851.2,0,0,0,0,1,1,0,1,0,1,0,1,0,1,0,1,0,0,0,0,1,0,0,0,18.504347826086956,1.0956521739130451
5624-BQSSA,0,0,0,0,1,1,0,20.95,20.95,1,0,0,0,1,1,0,1,0,1,0,1,0,1,0,1,0,0,0,0,0,1,0,1,20.95,0.0
0197-PNKNK,0,0,1,1,69,1,0,84.45,5848.6,0,0,1,1,0,0,1,0,0,0,1,0,0,0,0,0,0,1,0,0,0,0,2,0,84.76231884057971,-0.3123188405797066
2439-QKJUL,1,0,0,0,5,1,0,20.25,109.8,0,0,0,0,1,1,0,1,0,1,0,1,0,1,0,1,0,0,0,0,0,1,0,1,21.96,-1.7100000000000009
1194-SPVSP,1,0,0,0,1,1,0,19.65,19.65,0,0,0,0,1,1,0,1,0,1,0,1,0,1,0,1,0,0,0,0,0,0,0,1,19.65,0.0
9534-NSXEM,1,0,0,0,26,1,1,20.65,595.5,0,0,0,0,1,1,0,1,0,1,0,1,0,1,0,1,0,1,0,1,0,0,0,0,22.903846153846153,-2.2538461538461547
2408-WITXK,0,1,0,0,10,0,1,34.7,329.8,1,1,0,0,0,0,0,0,0,0,0,0,0,0,0,0,1,0,0,0,1,0,1,1,32.980000000000004,1.7199999999999989
8929-KSWIH,1,0,0,0,25,1,0,99.3,2513.5,0,0,0,1,0,0,0,0,0,0,1,0,1,0,1,0,1,0,1,0,0,0,4,0,100.54,-1.240000000000009
2250-IVBWA,1,0,1,1,64,1,0,81.05,5135.35,0,0,0,1,0,0,1,0,1,0,0,0,0,0,0,0,0,0,0,0,1,0,2,0,80.23984375,0.8101562499999915
1810-MVMAI,1,0,1,1,30,1,0,67.6,2000.2,0,0,1,0,0,0,1,0,1,0,1,0,1,0,0,0,0,0,0,0,1,0,4,0,66.67333333333333,0.9266666666666623
9506-UXUSK,1,0,0,0,13,1,1,70.15,931.75,0,0,0,1,0,0,0,0,0,0,0,0,0,0,0,0,0,0,0,0,1,0,0,0,71.67307692307692,-1.5230769230769141
1229-RCALF,0,0,1,0,64,1,1,115.0,7396.15,0,0,1,1,0,0,1,0,1,0,1,0,1,0,1,0,1,1,0,0,1,0,6,0,115.56484375,-0.5648437499999943
3572-UOLYZ,0,0,0,1,46,1,1,84.8,3958.85,0,0,1,1,0,0,0,0,0,0,1,0,1,0,0,0,0,0,0,0,0,0,2,0,86.06195652173913,-1.2619565217391369
1429-UYJSV,0,0,0,0,12,1,0,19.7,260.9,0,0,0,0,1,1,0,1,0,1,0,1,0,1,0,1,0,1,0,0,0,1,0,1,21.741666666666664,-2.0416666666666643
5577-OTWWW,0,0,0,0,15,1,0,19.75,297.3,1,0,0,0,1,1,0,1,0,1,0,1,0,1,0,1,0,0,0,0,0,0,0,0,19.82,-0.07000000000000028
6100-QQHEB,1,0,1,1,17,1,1,92.55,1515.1,1,0,1,1,0,0,0,0,0,0,0,0,0,0,1,0,1,0,0,0,1,0,2,0,89.12352941176471,3.42647058823529
6366-XIVKZ,0,0,1,1,13,1,1,63.15,816.8,0,0,0,0,0,0,1,0,0,0,1,0,0,0,0,0,1,0,0,0,0,1,3,0,62.83076923076923,0.31923076923077076
3470-OBUET,0,0,1,1,67,1,0,74.0,4868.4,0,0,1,0,0,0,1,0,1,0,0,0,1,0,1,0,0,0,1,1,0,0,4,0,72.66268656716417,1.3373134328358276
2770-NSVDG,1,0,1,0,24,0,0,29.1,688.0,0,1,0,0,0,0,0,0,0,0,1,0,0,0,0,0,0,0,0,0,1,0,1,0,28.666666666666668,0.43333333333333357
9375-MHRRS,1,0,0,0,6,1,0,50.05,288.35,0,0,0,0,0,0,0,0,0,0,0,0,1,0,0,0,0,0,0,0,0,1,1,1,48.05833333333334,1.99166666666666
2634-HCZGT,1,1,1,0,53,1,1,60.05,3229.65,1,0,1,0,0,0,1,0,0,0,0,0,1,0,0,0,0,1,0,0,1,0,2,0,60.93679245283019,-0.8867924528301927
7503-QQRVF,1,1,1,0,16,1,1,74.3,1178.25,1,0,0,1,0,0,0,0,1,0,0,0,0,0,0,0,0,0,0,1,0,0,1,0,73.640625,0.6593749999999972
4860-YZGZM,1,0,0,0,10,1,0,20.0,185.4,0,0,0,0,1,1,0,1,0,1,0,1,0,1,0,1,0,0,0,0,1,0,0,1,18.54,1.4600000000000009
6599-GZWCM,0,0,0,0,13,1,1,74.65,966.25,0,0,0,1,0,0,0,0,1,0,0,0,0,0,0,0,0,1,0,0,0,1,1,0,74.32692307692308,0.3230769230769255
2691-NZETQ,1,0,0,0,9,1,1,85.35,758.6,1,0,1,1,0,0,0,0,0,0,0,0,0,0,1,0,0,0,0,0,1,0,1,1,84.28888888888889,1.061111111111103
4404-HIBDJ,0,0,0,0,25,1,0,74.3,1863.8,1,0,0,0,0,0,1,0,1,0,1,0,1,0,1,0,0,1,0,0,0,1,5,0,74.55199999999999,-0.25199999999999534
5533-NHFRF,1,1,0,0,7,0,1,44.4,265.8,0,1,0,0,0,0,0,0,1,0,0,0,1,0,0,0,1,0,0,0,1,0,3,1,37.971428571428575,6.4285714285714235
7037-MTYVW,1,0,1,1,38,1,1,85.4,3297.0,0,0,1,0,0,0,1,0,0,0,1,0,1,0,1,0,1,0,1,0,0,0,5,0,86.76315789473684,-1.3631578947368297
4760-THGOT,0,0,1,0,43,1,1,94.1,4107.3,0,0,1,1,0,0,1,0,1,0,0,0,0,0,0,0,1,0,0,0,1,0,3,0,95.51860465116279,-1.418604651162795
7295-JOMMD,0,0,0,1,4,1,1,98.1,396.3,1,0,0,1,0,0,0,0,0,0,1,0,1,0,1,0,1,0,0,0,0,0,4,1,99.075,-0.9750000000000085
4016-BJKTZ,0,0,0,0,25,1,0,108.9,2809.05,0,0,1,1,0,0,0,0,1,0,1,0,1,0,1,0,1,0,1,0,1,0,5,0,112.36200000000001,-3.4620000000000033
6584-VQMYT,1,0,0,1,27,1,0,56.2,1567.55,0,0,0,0,0,0,1,0,1,0,0,0,0,0,0,0,0,1,0,0,0,1,2,0,58.0574074074074,-1.8574074074074005
9838-BFCQT,1,0,1,1,72,1,0,26.1,1851.45,0,0,1,0,1,1,0,1,0,1,0,1,0,1,0,1,0,0,1,0,0,1,0,0,25.714583333333334,0.38541666666666785
2790-XUYMV,1,0,0,1,71,1,1,85.45,6028.95,0,0,1,1,0,0,1,0,1,0,0,0,0,0,0,0,0,1,0,1,0,0,2,0,84.91478873239437,0.5352112676056322
0581-MDMPW,0,0,0,0,24,1,1,88.95,2072.75,0,0,1,1,0,0,0,0,0,0,1,0,0,0,1,0,0,0,0,1,0,0,2,0,86.36458333333333,2.5854166666666742
5013-SBUIH,0,0,0,0,50,1,1,109.65,5551.15,1,0,1,1,0,0,1,0,1,0,0,0,1,0,1,0,1,0,1,0,1,0,5,0,111.023,-1.3729999999999905
1023-BQXZE,1,0,0,0,57,1,1,74.35,4317.35,0,0,0,0,0,0,1,0,0,0,1,0,0,0,1,0,1,0,1,0,0,0,4,0,75.74298245614035,-1.3929824561403592
9163-GHAYE,0,0,0,0,15,1,0,48.85,736.8,0,0,0,0,0,0,0,0,1,0,0,0,0,0,0,0,0,0,0,0,1,0,1,0,49.12,-0.269999999999996
3904-UKFRE,1,0,0,0,4,1,1,80.1,336.15,0,0,1,1,0,0,1,0,0,0,0,0,0,0,0,0,0,0,0,0,1,0,1,1,84.0375,-3.9375
5353-WILCI,0,0,0,0,28,1,0,56.05,1522.65,0,0,0,0,0,0,1,0,1,0,0,0,0,0,0,0,0,0,0,0,1,0,2,0,54.38035714285714,1.669642857142854
0709-TVGUR,0,1,0,0,9,1,1,74.55,622.9,1,0,1,1,0,0,0,0,0,0,0,0,0,0,0,0,0,0,0,0,1,0,0,1,69.21111111111111,5.338888888888889
0058-EVZWM,0,0,1,0,55,1,1,89.8,4959.6,0,0,1,1,0,0,1,0,0,0,0,0,0,0,1,0,0,0,0,0,0,0,2,0,90.17454545454547,-0.37454545454546917
6023-YEBUP,1,0,0,0,3,1,1,100.95,329.95,1,0,1,1,0,0,0,0,0,0,1,0,0,0,1,0,1,0,0,0,1,0,3,1,109.98333333333333,-9.033333333333331
7209-JCUDS,1,0,0,0,10,1,1,94.9,1048.85,1,0,0,1,0,0,0,0,0,0,1,0,0,0,1,0,1,0,0,0,1,0,3,1,104.88499999999999,-9.984999999999985
7009-PCARS,1,0,0,1,55,1,0,19.1,1001.5,0,0,0,0,1,1,0,1,0,1,0,1,0,1,0,1,0,1,0,0,0,0,0,0,18.20909090909091,0.8909090909090907
0519-DRGTI,0,0,1,1,20,1,0,20.35,442.6,0,0,0,0,1,1,0,1,0,1,0,1,0,1,0,1,0,0,0,0,0,1,0,0,22.130000000000003,-1.7800000000000011
1017-FBQMM,0,0,1,1,62,1,1,106.05,6703.5,0,0,1,1,0,0,0,0,1,0,0,0,1,0,1,0,1,1,0,1,0,0,4,0,108.12096774193549,-2.0709677419354904
3001-CBHLQ,1,1,1,0,32,1,1,104.9,3351.55,1,0,1,1,0,0,0,0,0,0,1,0,1,0,1,0,1,0,0,0,1,0,4,0,104.7359375,0.1640625
1985-MBRYP,0,0,0,0,43,1,1,19.65,779.25,0,0,0,0,1,1,0,1,0,1,0,1,0,1,0,1,0,0,1,0,0,0,0,0,18.122093023255815,1.527906976744184
6158-DWPZT,1,0,1,0,9,0,0,24.1,259.8,1,1,0,0,0,0,0,0,0,0,0,0,0,0,0,0,0,1,0,0,0,0,0,1,28.866666666666667,-4.766666666666666
9372-TXXPS,0,0,1,0,60,1,0,59.85,3483.45,0,0,0,0,0,0,1,0,1,0,0,0,1,0,0,0,0,0,1,0,0,0,3,0,58.0575,1.792500000000004
3259-QMXUN,1,0,1,0,58,1,1,86.1,4890.5,0,0,1,0,0,0,1,0,1,0,1,0,0,0,1,0,1,0,1,0,1,0,5,0,84.31896551724138,1.7810344827586135
1015-JPFYW,1,0,0,1,7,1,0,19.45,136.75,0,0,0,0,1,1,0,1,0,1,0,1,0,1,0,1,0,1,0,0,0,1,0,1,19.535714285714285,-0.08571428571428541
6645-MXQJT,1,0,1,1,2,1,0,97.1,184.15,0,0,0,1,0,0,1,0,0,0,0,0,0,0,1,0,1,0,0,0,1,0,3,1,92.075,5.0249999999999915
4360-QRAVE,1,1,0,0,37,0,0,36.65,1315.0,0,1,0,0,0,0,0,0,1,0,1,0,0,0,0,0,0,0,0,0,1,0,2,0,35.54054054054054,1.1094594594594582
8433-WPJTV,0,1,1,1,65,1,1,103.9,6767.1,0,0,1,1,0,0,0,0,0,0,1,0,1,0,1,0,1,1,0,0,0,0,4,0,104.10923076923078,-0.20923076923077133
5804-JMYIO,0,0,1,1,39,1,0,19.75,757.95,0,0,0,0,1,1,0,1,0,1,0,1,0,1,0,1,0,0,1,0,0,1,0,0,19.434615384615388,0.3153846153846125
3763-GCZHZ,1,0,1,0,66,1,1,104.05,6890.0,1,0,1,1,0,0,0,0,1,0,0,0,1,0,1,0,1,1,0,0,1,0,4,0,104.39393939393939,-0.34393939393939377
6484-LATFU,1,0,0,0,68,1,0,24.55,1657.4,0,0,1,0,1,1,0,1,0,1,0,1,0,1,0,1,0,0,1,0,0,1,0,0,24.373529411764707,0.1764705882352935
7599-NTMDP,0,0,1,1,62,0,0,48.7,3008.55,0,1,0,0,0,0,1,0,1,0,0,0,1,0,1,0,0,0,1,0,0,0,4,0,48.525000000000006,0.17499999999999716
0772-GYEQQ,1,0,0,0,3,1,1,88.35,262.05,1,0,0,1,0,0,0,0,0,0,1,0,1,0,1,0,0,0,0,0,0,1,3,1,87.35000000000001,0.9999999999999858
0536-ACXIP,0,0,1,0,72,1,1,109.55,8165.1,0,0,1,1,0,0,1,0,1,0,1,0,0,0,1,0,1,0,1,0,1,0,5,0,113.40416666666667,-3.8541666666666714
0936-NQLJU,0,0,1,0,41,1,0,20.65,875.55,0,0,0,0,1,1,0,1,0,1,0,1,0,1,0,1,0,0,1,1,0,0,0,0,21.35487804878049,-0.7048780487804898
4831-EOBFE,1,0,1,1,29,1,0,94.65,2649.15,1,0,0,1,0,0,1,0,0,0,0,0,0,0,1,0,1,0,0,1,0,0,3,0,91.35000000000001,3.299999999999997
1575-KRZZE,0,0,0,0,4,1,0,55.2,220.65,0,0,0,0,0,0,1,0,1,0,0,0,0,0,0,0,0,0,0,0,1,0,2,1,55.1625,0.03750000000000142
3251-YMVWZ,1,0,0,0,53,1,0,24.05,1301.9,0,0,1,0,1,1,0,1,0,1,0,1,0,1,0,1,0,1,0,0,0,0,0,0,24.56415094339623,-0.5141509433962277
4102-OQUPX,1,1,1,0,1,1,1,74.4,74.4,1,0,1,1,0,0,0,0,0,0,0,0,0,0,0,0,0,0,0,0,1,0,0,1,74.4,0.0
9170-GYZJC,0,0,1,1,41,1,0,79.9,3326.2,1,0,1,0,0,0,1,0,1,0,1,0,1,0,0,0,1,0,0,1,0,0,5,0,81.12682926829268,-1.2268292682926756
4884-LEVMQ,1,0,1,0,39,1,1,20.45,790.0,0,0,0,0,1,1,0,1,0,1,0,1,0,1,0,1,0,0,1,0,0,0,0,0,20.256410256410255,0.1935897435897438
8857-CUPFQ,1,0,1,0,63,1,0,19.25,1237.65,0,0,0,0,1,1,0,1,0,1,0,1,0,1,0,1,0,0,1,0,0,1,0,0,19.645238095238096,-0.3952380952380956
7610-TVOPG,1,0,0,0,15,1,1,26.35,378.6,0,0,1,0,1,1,0,1,0,1,0,1,0,1,0,1,0,0,0,0,1,0,0,0,25.240000000000002,1.1099999999999994
3638-DIMPH,0,0,1,0,13,1,0,43.8,592.65,0,0,0,0,0,0,0,0,0,0,0,0,0,0,0,0,0,1,0,0,1,0,0,0,45.58846153846154,-1.78846153846154
1845-ZLLIG,1,0,0,0,1,1,1,50.15,50.15,0,0,0,0,0,0,0,0,1,0,0,0,0,0,0,0,0,0,0,0,0,1,1,1,50.15,0.0
8559-WNQZS,1,0,0,0,1,1,0,20.45,20.45,0,0,0,0,1,1,0,1,0,1,0,1,0,1,0,1,0,0,1,0,0,1,0,1,20.45,0.0
3999-QGRJH,1,1,0,0,8,1,1,69.7,560.85,1,0,0,1,0,0,0,0,0,0,0,0,0,0,0,0,0,0,0,0,1,0,0,1,70.10625,-0.40625
1699-UOTXU,1,0,0,0,60,1,0,61.4,3638.25,0,0,0,0,0,0,1,0,1,0,1,0,0,0,0,0,0,0,1,0,1,0,3,0,60.6375,0.7624999999999957
2454-RPBRZ,0,1,1,0,12,1,1,98.1,1060.2,1,0,1,1,0,0,0,0,1,0,1,0,0,0,1,0,0,0,0,0,1,0,3,1,88.35000000000001,9.749999999999986
0635-WKOLD,1,0,1,0,40,1,0,70.75,2921.75,0,0,1,0,0,0,0,0,1,0,0,0,1,0,1,0,0,1,0,1,0,0,3,0,73.04375,-2.293750000000003
5993-JSUWV,0,0,0,0,66,1,1,61.15,4017.45,0,0,0,0,0,0,1,0,1,0,1,0,0,0,0,0,0,0,1,0,0,0,3,0,60.87045454545454,0.2795454545454561
4518-FZBSX,1,0,1,1,42,1,0,20.25,854.9,0,0,0,0,1,1,0,1,0,1,0,1,0,1,0,1,0,1,0,0,0,1,0,0,20.354761904761904,-0.10476190476190439
5387-ASZNZ,0,1,0,0,66,1,1,63.85,4174.35,0,0,1,0,0,0,1,0,1,0,0,0,1,0,0,0,0,1,0,1,0,0,3,0,63.247727272727275,0.6022727272727266
6988-CJEYV,1,0,0,0,49,1,0,98.7,4920.55,0,0,1,1,0,0,0,0,1,0,0,0,0,0,1,0,1,0,0,0,1,0,3,0,100.41938775510205,-1.7193877551020478
2002-MZHWP,0,0,0,0,1,1,0,20.5,20.5,1,0,0,0,1,1,0,1,0,1,0,1,0,1,0,1,0,0,0,0,0,1,0,1,20.5,0.0
3097-FQTVJ,0,0,0,0,41,1,0,20.0,810.3,0,0,0,0,1,1,0,1,0,1,0,1,0,1,0,1,0,0,1,0,0,1,0,0,19.76341463414634,0.23658536585366008
5465-BUBFA,0,0,1,1,41,1,0,19.3,772.4,0,0,0,0,1,1,0,1,0,1,0,1,0,1,0,1,0,0,1,0,0,0,0,0,18.839024390243903,0.4609756097560975
7299-GNVPL,0,0,1,1,23,1,0,84.4,1936.85,0,0,0,1,0,0,1,0,1,0,0,0,1,0,0,0,0,0,0,0,0,1,3,0,84.2108695652174,0.18913043478261216
9743-DQKQW,1,0,0,0,3,0,0,25.1,79.8,0,1,0,0,0,0,0,0,0,0,0,0,0,0,0,0,0,0,0,0,1,0,0,1,26.599999999999998,-1.4999999999999964
1215-VFYVK,0,0,0,0,4,0,0,48.25,202.25,0,1,0,0,0,0,1,0,0,0,1,0,1,0,0,0,1,0,0,0,0,1,4,1,50.5625,-2.3125
9371-BITHB,0,0,1,1,52,1,0,19.85,1070.5,0,0,0,0,1,1,0,1,0,1,0,1,0,1,0,1,0,0,1,0,0,1,0,0,20.58653846153846,-0.7365384615384585
2265-CYWIV,0,1,1,0,4,1,1,99.6,347.65,1,0,1,1,0,0,1,0,0,0,0,0,0,0,1,0,1,0,0,0,1,0,3,1,86.9125,12.6875
9093-FPDLG,0,0,0,0,11,1,1,94.2,999.9,0,0,0,1,0,0,0,0,1,0,1,0,1,0,0,0,1,0,0,0,1,0,4,1,90.89999999999999,3.3000000000000114
0541-FITGH,0,0,1,0,2,1,1,62.15,113.1,0,0,0,0,0,0,1,0,0,0,0,0,0,0,0,0,1,0,0,0,0,1,2,1,56.55,5.600000000000001
6985-HAYWX,0,0,1,0,26,1,0,79.3,2015.8,0,0,1,1,0,0,0,0,1,0,0,0,0,0,0,0,0,0,0,0,0,0,1,0,77.53076923076922,1.7692307692307736
7508-KBIMB,1,0,1,1,24,1,1,56.25,1454.25,0,0,0,0,0,0,1,0,0,0,1,0,0,0,0,0,0,1,0,1,0,0,2,0,60.59375,-4.34375
6838-HVLXG,0,0,0,0,12,1,0,20.3,246.7,0,0,0,0,1,1,0,1,0,1,0,1,0,1,0,1,0,0,0,0,0,1,0,1,20.558333333333334,-0.25833333333333286
2277-DJJDL,1,1,1,0,60,1,1,99.0,6017.9,0,0,1,1,0,0,0,0,0,0,0,0,1,0,1,0,1,0,0,0,1,0,3,0,100.29833333333333,-1.298333333333332
1897-OKVMW,0,0,1,1,64,1,1,90.6,5817.45,0,0,1,0,0,0,1,0,1,0,1,0,1,0,1,0,1,0,1,0,0,1,6,0,90.89765625,-0.29765625000000284
5485-ITNPC,1,0,1,0,66,1,1,85.9,5595.3,0,0,0,0,0,0,1,0,1,0,1,0,1,0,1,0,1,0,1,0,0,0,6,0,84.77727272727273,1.1227272727272748
0233-FTHAV,0,0,0,0,60,1,1,79.2,4765.0,0,0,1,1,0,0,0,0,0,0,1,0,0,0,0,0,0,1,0,0,0,0,1,0,79.41666666666667,-0.21666666666666856
4644-PIZRT,1,0,1,1,17,1,1,70.35,1201.65,0,0,1,0,0,0,1,0,0,0,1,0,0,0,1,0,0,1,0,0,0,0,3,0,70.68529411764706,-0.3352941176470665
8922-NPKBJ,1,0,1,1,42,1,0,19.35,867.3,0,0,0,0,1,1,0,1,0,1,0,1,0,1,0,1,0,0,1,0,0,1,0,0,20.65,-1.2999999999999972
2740-TVLFN,1,0,0,0,1,1,1,50.15,50.15,0,0,1,0,0,0,0,0,0,0,0,0,0,0,0,0,0,0,0,0,1,0,0,1,50.15,0.0
7771-CFQRQ,0,0,1,1,47,1,0,63.8,3007.25,0,0,0,0,0,0,0,0,1,0,0,0,1,0,0,0,1,0,1,0,0,0,3,0,63.984042553191486,-0.18404255319148888
9512-PHSMG,0,0,1,0,10,1,1,20.55,252.75,0,0,0,0,1,1,0,1,0,1,0,1,0,1,0,1,0,0,0,0,0,1,0,1,25.275,-4.724999999999998
6963-EZQEE,1,1,1,0,70,1,1,88.55,6306.5,0,0,1,0,0,0,1,0,1,0,1,0,1,0,1,0,1,0,1,1,0,0,6,0,90.09285714285714,-1.5428571428571445
2452-KDRRH,1,1,0,0,67,1,1,101.4,6841.05,0,0,1,1,0,0,0,0,0,0,1,0,0,0,1,0,1,0,0,1,0,0,3,0,102.10522388059702,-0.7052238805970177
2004-OCQXK,0,0,0,0,1,1,1,81.95,81.95,1,0,0,1,0,0,0,0,0,0,0,0,0,0,0,0,1,0,0,0,1,0,1,1,81.95,0.0
5027-QPKTE,1,0,1,0,7,1,1,69.35,451.1,1,0,0,1,0,0,0,0,0,0,0,0,0,0,0,0,0,0,0,0,1,0,0,1,64.44285714285715,4.907142857142844
4146-SVFUD,1,0,0,0,1,1,0,44.6,44.6,0,0,0,0,0,0,0,0,0,0,0,0,0,0,0,0,0,0,0,0,0,1,0,1,44.6,0.0
1564-HJUVY,1,0,0,0,4,1,1,63.75,226.2,0,0,0,0,0,0,0,0,1,0,0,0,1,0,1,0,0,0,0,0,0,0,3,1,56.55,7.200000000000003
3617-XLSGQ,0,0,1,1,66,1,0,109.25,7082.5,0,0,1,1,0,0,1,0,1,0,1,0,0,0,1,0,1,0,1,0,0,0,5,0,107.31060606060606,1.9393939393939377
7517-LDMPS,0,0,0,0,12,1,1,84.6,1017.35,0,0,0,1,0,0,0,0,1,0,0,0,0,0,0,0,1,0,0,0,1,0,2,1,84.77916666666667,-0.17916666666667425
7244-KXYZN,0,0,0,0,24,1,0,20.45,527.35,0,0,0,0,1,1,0,1,0,1,0,1,0,1,0,1,0,1,0,1,0,0,0,0,21.972916666666666,-1.5229166666666671
5226-NOZFC,1,0,0,0,26,1,1,85.75,2146.5,0,0,0,1,0,0,0,0,1,0,0,0,0,0,1,0,0,0,0,0,1,0,2,0,82.5576923076923,3.1923076923076934
2672-HUYVI,0,0,0,0,6,1,1,91.1,455.3,1,0,0,1,0,0,0,0,0,0,0,0,0,0,1,0,1,0,0,0,1,0,2,1,75.88333333333334,15.216666666666654
1400-WIVLL,1,0,1,0,57,1,0,107.95,5969.85,0,0,1,1,0,0,0,0,0,0,1,0,1,0,1,0,1,0,1,0,1,0,4,0,104.73421052631579,3.215789473684211
7508-MYBOG,1,0,1,0,14,1,1,86.1,1235.55,1,0,1,1,0,0,0,0,0,0,0,0,0,0,1,0,0,0,0,0,1,0,1,0,88.25357142857142,-2.153571428571425
8148-NLEGT,0,0,1,1,42,1,0,22.95,1014.25,0,0,1,0,1,1,0,1,0,1,0,1,0,1,0,1,0,0,1,0,1,0,0,0,24.148809523809526,-1.1988095238095262
0148-DCDOS,1,0,0,0,25,1,1,94.7,2362.1,1,0,1,1,0,0,0,0,0,0,0,0,0,0,1,0,1,0,0,0,0,0,2,0,94.484,0.21600000000000819
8347-GDTMP,0,0,1,0,64,1,0,19.45,1225.65,0,0,0,0,1,1,0,1,0,1,0,1,0,1,0,1,0,0,1,1,0,0,0,0,19.15078125,0.29921874999999787
9992-RRAMN,1,0,1,0,22,1,1,85.1,1873.7,1,0,1,1,0,0,0,0,0,0,0,0,0,0,0,0,1,0,0,0,1,0,1,0,85.16818181818182,-0.06818181818182723
6746-WAUWT,1,0,0,0,19,1,1,19.7,386.5,0,0,0,0,1,1,0,1,0,1,0,1,0,1,0,1,0,1,0,1,0,0,0,0,20.342105263157894,-0.6421052631578945
0310-MVLET,0,0,1,1,61,1,1,99.15,6010.05,1,0,1,1,0,0,0,0,1,0,0,0,0,0,1,0,1,0,0,0,1,0,3,0,98.52540983606558,0.6245901639344282
0428-IKYCP,1,0,1,0,22,1,1,87.0,1850.65,0,0,0,1,0,0,0,0,0,0,1,0,0,0,1,0,0,0,0,0,0,0,2,0,84.12045454545455,2.8795454545454504
4550-VBOFE,1,1,1,0,70,1,1,102.95,7101.5,1,0,1,1,0,0,0,0,1,0,1,0,0,0,1,0,1,0,0,0,1,0,4,0,101.45,1.5
2187-PKZAY,1,0,0,0,12,1,1,79.95,1043.4,0,0,0,1,0,0,0,0,0,0,0,0,0,0,0,0,1,0,0,0,0,0,1,1,86.95,-7.0
4003-OCTMP,0,0,1,0,31,1,1,64.0,1910.75,0,0,0,0,0,0,1,0,0,0,0,0,1,0,0,0,1,1,0,0,1,0,3,0,61.63709677419355,2.3629032258064484
6652-YFFJO,0,0,0,0,11,1,1,64.9,716.1,0,0,0,0,0,0,0,0,0,0,0,0,0,0,1,0,1,0,0,0,1,0,2,1,65.10000000000001,-0.20000000000000284
7225-IILWY,1,0,1,1,68,1,0,25.75,1686.15,0,0,1,0,1,1,0,1,0,1,0,1,0,1,0,1,0,0,1,0,0,1,0,0,24.796323529411765,0.9536764705882348
5248-RPYWW,0,1,1,1,72,1,1,90.15,6716.45,0,0,1,0,0,0,1,0,1,0,1,0,1,0,1,0,1,0,1,0,0,0,6,0,93.28402777777778,-3.1340277777777743
7923-IYJWY,1,1,0,0,67,1,1,116.1,7839.85,0,0,1,1,0,0,1,0,1,0,1,0,1,0,1,0,1,0,1,1,0,0,6,0,117.01268656716418,-0.9126865671641866
3170-GWYKC,0,0,0,0,60,1,1,104.95,6236.75,0,0,0,1,0,0,1,0,0,0,1,0,1,0,1,0,1,0,0,0,0,0,5,0,103.94583333333334,1.0041666666666629
5696-QURRL,1,0,0,0,1,1,1,45.05,45.05,1,0,0,0,0,0,0,0,0,0,0,0,0,0,0,0,0,0,0,0,0,1,0,1,45.05,0.0
7409-KIUTL,0,1,0,1,1,1,1,71.0,71.0,1,0,0,1,0,0,0,0,0,0,0,0,0,0,0,0,0,0,0,0,1,0,0,1,71.0,0.0
9830-ECLEN,1,0,1,1,58,0,0,50.0,2919.85,0,1,0,0,0,0,1,0,1,0,1,0,0,0,1,0,0,1,0,0,0,1,4,0,50.342241379310344,-0.3422413793103445
1732-VHUBQ,0,1,1,1,47,1,0,70.55,3309.25,1,0,0,1,0,0,0,0,0,0,0,0,0,0,0,0,0,0,0,0,0,0,0,0,70.40957446808511,0.14042553191488594
0495-RVCBF,0,0,0,0,1,1,1,79.7,79.7,1,0,0,1,0,0,0,0,0,0,0,0,0,0,0,0,1,0,0,0,1,0,1,1,79.7,0.0
2668-TZSPS,1,0,0,0,1,1,0,20.45,20.45,0,0,0,0,1,1,0,1,0,1,0,1,0,1,0,1,0,0,0,0,0,1,0,1,20.45,0.0
7854-EDSSA,1,0,0,0,22,1,0,59.0,1254.7,1,0,1,0,0,0,1,0,1,0,0,0,0,0,0,0,0,0,0,0,1,0,2,0,57.03181818181818,1.9681818181818187
8869-TORSS,0,0,0,0,48,1,1,60.35,2896.4,1,0,0,0,0,0,1,0,0,0,1,0,1,0,0,0,0,1,0,1,0,0,3,0,60.34166666666667,0.00833333333333286
7446-SFAOA,0,0,1,0,37,1,1,19.85,717.5,0,0,0,0,1,1,0,1,0,1,0,1,0,1,0,1,0,1,0,0,0,0,0,0,19.39189189189189,0.4581081081081102
9522-ZSINC,1,0,0,0,13,1,1,19.95,253.8,0,0,0,0,1,1,0,1,0,1,0,1,0,1,0,1,0,1,0,0,1,0,0,0,19.523076923076925,0.4269230769230745
8234-GSZYK,1,0,0,0,43,1,0,26.45,1110.05,0,0,1,0,1,1,0,1,0,1,0,1,0,1,0,1,0,0,1,0,0,0,0,0,25.815116279069766,0.6348837209302332
6505-OZNPG,0,0,0,0,6,0,1,63.4,348.8,0,1,0,0,0,0,1,0,1,0,1,0,1,0,1,0,1,0,1,0,0,1,6,1,58.13333333333333,5.266666666666666
6164-HAQTX,1,0,0,0,71,0,0,53.95,3888.65,0,1,0,0,0,0,1,0,1,0,1,0,1,0,1,0,0,0,1,0,0,0,5,0,54.76971830985916,-0.8197183098591552
0679-IDSTG,0,1,1,1,1,1,1,69.25,69.25,1,0,0,1,0,0,0,0,0,0,0,0,0,0,0,0,0,0,0,0,1,0,0,1,69.25,0.0
7765-LWVVH,0,0,1,1,72,1,1,95.1,6843.15,0,0,1,1,0,0,1,0,1,0,0,0,0,0,1,0,0,0,1,0,1,0,3,0,95.04374999999999,0.056250000000005684
1658-TJVOA,0,1,0,0,6,1,1,74.1,450.9,0,0,0,1,0,0,1,0,0,0,0,0,0,0,0,0,0,0,0,0,1,0,1,1,75.14999999999999,-1.0499999999999972
0953-LGOVU,1,0,1,1,12,0,0,35.5,432.25,0,1,0,0,0,0,0,0,1,0,0,0,1,0,0,0,0,0,0,0,0,1,2,1,36.020833333333336,-0.5208333333333357
2115-BFTIW,1,0,0,0,25,1,0,70.95,1767.35,1,0,0,1,0,0,0,0,0,0,0,0,0,0,0,0,0,0,0,0,0,1,0,0,70.694,0.2560000000000002
4692-NNQRU,0,0,1,0,21,1,0,79.2,1742.45,0,0,0,1,0,0,0,0,0,0,1,0,1,0,0,0,0,1,0,0,1,0,2,0,82.97380952380952,-3.7738095238095184
7742-MYPGI,0,0,1,1,6,1,1,48.8,297.35,0,0,0,0,0,0,0,0,0,0,0,0,1,0,0,0,0,0,0,0,0,1,1,1,49.55833333333334,-0.75833333333334
0611-DFXKO,1,0,1,0,20,1,1,89.0,1820.45,1,0,0,1,0,0,0,0,0,0,0,0,0,0,1,0,1,0,0,0,0,1,2,0,91.02250000000001,-2.022500000000008
7780-OTDSO,1,0,1,0,18,1,1,99.4,1742.95,1,0,1,1,0,0,1,0,0,0,0,0,0,0,1,0,1,0,0,0,1,0,3,0,96.83055555555556,2.569444444444443
9619-GSATL,0,0,0,0,43,1,0,55.45,2444.25,0,0,0,0,0,0,0,0,1,0,0,0,1,0,0,0,0,1,0,0,1,0,2,0,56.843023255813954,-1.3930232558139508
5622-UEJFI,0,0,1,1,35,1,1,25.4,949.8,0,0,1,0,1,1,0,1,0,1,0,1,0,1,0,1,0,0,1,1,0,0,0,0,27.137142857142855,-1.7371428571428567
9747-DDZOS,0,0,0,0,1,1,0,73.5,73.5,1,0,0,1,0,0,0,0,0,0,1,0,0,0,0,0,0,0,0,0,0,0,1,1,73.5,0.0
0674-DGMAQ,1,1,1,0,32,1,1,93.5,2970.8,0,0,1,1,0,0,0,0,1,0,1,0,0,0,0,0,1,0,0,0,1,0,3,0,92.8375,0.6624999999999943
6203-HBZPA,1,0,0,0,52,0,0,63.9,3334.95,0,1,0,0,0,0,1,0,1,0,1,0,1,0,1,0,1,0,1,1,0,0,6,0,64.13365384615385,-0.23365384615384954
0484-FFVBJ,1,0,0,0,32,1,1,64.85,2010.95,0,0,0,0,0,0,0,0,0,0,0,0,0,0,1,0,1,1,0,0,0,0,2,0,62.8421875,2.007812499999993
0301-FIDRB,0,0,1,1,72,0,1,63.8,4684.3,0,1,0,0,0,0,1,0,1,0,1,0,1,0,1,0,1,0,1,0,0,0,6,0,65.05972222222222,-1.2597222222222229
4139-JPIAM,1,0,0,0,51,0,1,44.45,2181.55,0,1,0,0,0,0,1,0,0,0,0,0,1,0,0,0,1,0,0,1,0,0,3,0,42.77549019607844,1.6745098039215662
2181-TIDSV,1,0,1,1,68,1,1,19.95,1303.25,0,0,0,0,1,1,0,1,0,1,0,1,0,1,0,1,0,0,1,0,0,0,0,0,19.165441176470587,0.7845588235294123
2761-XECQW,1,1,1,0,8,0,1,43.35,371.4,0,1,0,0,0,0,0,0,1,0,1,0,0,0,0,0,1,0,0,0,0,1,3,1,46.425,-3.0749999999999957
1936-CZAKF,1,0,1,0,49,0,0,49.65,2409.9,0,1,0,0,0,0,0,0,1,0,0,0,0,0,1,0,1,0,1,1,0,0,3,0,49.18163265306123,0.4683673469387699
9453-PATOS,0,0,1,0,72,1,0,85.1,6155.4,0,0,0,0,0,0,1,0,1,0,1,0,1,0,1,0,1,0,1,0,0,1,6,0,85.49166666666666,-0.3916666666666657
0564-JJHGS,1,0,0,0,9,1,1,95.5,829.1,1,0,1,1,0,0,0,0,0,0,0,0,0,0,1,0,1,0,0,0,1,0,2,1,92.12222222222222,3.37777777777778
3348-CFRNX,0,0,1,0,28,1,1,92.35,2602.9,1,0,0,1,0,0,1,0,0,0,0,0,0,0,1,0,1,0,0,0,0,1,3,0,92.96071428571429,-0.6107142857142946
4402-FTBXC,1,0,0,0,54,1,0,89.8,4667.0,0,0,0,1,0,0,1,0,0,0,1,0,0,0,1,0,0,0,0,0,0,1,3,0,86.42592592592592,3.3740740740740733
1428-GTBJJ,1,0,0,0,11,1,1,74.55,824.75,1,0,0,1,0,0,0,0,1,0,0,0,0,0,0,0,0,0,0,0,1,0,1,1,74.97727272727273,-0.4272727272727366
2931-XIQBR,0,0,1,1,50,1,0,103.05,5153.5,0,0,0,1,0,0,0,0,0,0,1,0,1,0,1,0,1,1,0,0,0,1,4,0,103.07,-0.01999999999999602
0106-UGRDO,0,0,1,0,69,1,1,116.0,8182.85,0,0,1,1,0,0,1,0,1,0,1,0,1,0,1,0,1,0,1,0,1,0,6,0,118.59202898550726,-2.5920289855072554
5542-TBBWB,1,0,0,0,1,1,1,69.9,69.9,0,0,0,1,0,0,0,0,0,0,0,0,0,0,0,0,0,0,0,0,1,0,0,1,69.9,0.0
1930-QPBVZ,1,0,1,1,68,1,0,95.1,6683.4,0,0,0,1,0,0,1,0,1,0,0,0,1,0,0,0,1,0,1,0,0,0,4,0,98.28529411764706,-3.185294117647061
2606-PKWJB,1,0,0,1,40,0,0,40.25,1564.05,0,1,0,0,0,0,1,0,1,0,0,0,1,0,0,0,0,1,0,0,0,1,3,0,39.10125,1.1487499999999997
5322-ZSMZY,1,0,1,1,31,1,0,25.75,755.6,0,0,1,0,1,1,0,1,0,1,0,1,0,1,0,1,0,0,1,0,0,1,0,0,24.374193548387098,1.3758064516129025
8059-UDZFY,0,1,0,1,33,1,1,105.35,3465.05,0,0,1,1,0,0,0,0,1,0,1,0,0,0,1,0,1,0,0,0,0,0,4,0,105.00151515151515,0.3484848484848442
7740-BTPUX,1,1,1,0,55,1,1,113.6,6292.7,0,0,1,1,0,0,0,0,1,0,1,0,1,0,1,0,1,0,1,0,1,0,5,0,114.41272727272727,-0.8127272727272725
5220-AGAAX,1,0,1,1,68,1,1,24.0,1664.3,0,0,1,0,1,1,0,1,0,1,0,1,0,1,0,1,0,0,1,0,0,0,0,0,24.474999999999998,-0.47499999999999787
0208-BPQEJ,0,0,1,1,12,1,0,19.4,198.1,0,0,0,0,1,1,0,1,0,1,0,1,0,1,0,1,0,0,0,0,0,0,0,1,16.508333333333333,2.8916666666666657
9435-JMLSX,1,0,1,0,71,1,1,86.1,6045.9,0,0,0,0,0,0,1,0,1,0,1,0,1,0,1,0,1,0,1,0,0,0,6,0,85.15352112676055,0.9464788732394425
3352-ALMCK,1,0,0,0,40,1,1,102.65,4108.15,0,0,1,1,0,0,0,0,1,0,1,0,0,0,1,0,1,0,0,0,0,1,4,0,102.70374999999999,-0.053749999999979536
5312-IRCFR,0,0,1,1,64,1,1,92.85,5980.75,0,0,1,1,0,0,0,0,1,0,1,0,0,0,0,0,1,1,0,0,1,0,3,0,93.44921875,-0.5992187500000057
5294-IMHHT,1,0,1,0,53,1,0,97.75,5043.2,0,0,1,1,0,0,0,0,1,0,0,0,1,0,0,0,1,1,0,0,0,0,3,0,95.15471698113207,2.5952830188679314
8802-UNOJF,1,1,0,0,12,1,1,83.8,1029.75,1,0,0,1,0,0,0,0,1,0,1,0,1,0,0,0,0,0,0,0,0,1,3,1,85.8125,-2.012500000000003
6313-GIDIT,1,1,0,0,53,0,1,54.45,2854.55,1,1,0,0,0,0,0,0,1,0,1,0,0,0,1,0,1,0,0,0,1,0,4,0,53.859433962264156,0.5905660377358473
6176-YJWAS,1,0,1,0,72,1,1,97.95,7114.25,0,0,1,1,0,0,1,0,1,0,1,0,0,0,1,0,0,0,1,1,0,0,4,0,98.80902777777777,-0.8590277777777686
5310-NOOVA,1,0,0,0,46,1,0,19.95,907.05,0,0,0,0,1,1,0,1,0,1,0,1,0,1,0,1,0,0,1,0,1,0,0,0,19.718478260869563,0.23152173913043583
4526-EXKKN,1,0,0,0,40,1,1,24.6,973.95,0,0,1,0,1,1,0,1,0,1,0,1,0,1,0,1,0,0,1,0,0,1,0,0,24.348750000000003,0.25124999999999886
5311-IHLEI,1,0,0,0,12,0,1,50.95,605.75,0,1,0,0,0,0,1,0,1,0,0,0,1,0,1,0,0,0,0,0,0,0,4,1,50.479166666666664,0.47083333333333854
3987-KQDDU,1,0,0,0,9,1,0,75.6,661.55,0,0,0,1,0,0,1,0,0,0,0,0,0,0,0,0,0,0,0,0,1,0,1,1,73.50555555555555,2.0944444444444485
3404-JNXAX,0,0,1,1,51,1,1,80.75,4116.9,0,0,1,1,0,0,0,0,0,0,0,0,1,0,0,0,0,0,0,0,1,0,1,0,80.7235294117647,0.026470588235298464
5131-PONJI,1,0,1,1,49,1,1,90.4,4494.65,0,0,0,1,0,0,0,0,1,0,1,0,0,0,1,0,0,0,0,1,0,0,3,0,91.72755102040816,-1.3275510204081513
2845-AFFTX,1,1,1,0,41,1,1,99.8,4259.3,1,0,1,1,0,0,0,0,0,0,1,0,0,0,1,0,1,0,0,0,1,0,3,0,103.88536585365854,-4.085365853658544
3489-VSFRD,0,0,0,0,56,1,1,60.25,3282.75,0,0,0,0,0,0,1,0,0,0,1,0,1,0,0,0,0,1,0,1,0,0,3,0,58.620535714285715,1.6294642857142847
3345-JHUEO,1,0,0,0,4,1,1,20.2,55.7,0,0,0,0,1,1,0,1,0,1,0,1,0,1,0,1,0,0,0,0,1,0,0,1,13.925,6.274999999999999
5815-HGGHV,1,0,1,0,20,1,1,64.15,1274.45,0,0,0,0,0,0,1,0,0,0,0,0,1,0,0,0,1,1,0,0,0,1,3,0,63.722500000000004,0.427500000000002
5260-UMPWX,0,0,1,1,26,1,1,20.25,493.95,0,0,0,0,1,1,0,1,0,1,0,1,0,1,0,1,0,0,0,1,0,0,0,0,18.998076923076923,1.2519230769230774
2249-YPRNG,0,0,1,1,20,1,1,105.85,2239.65,1,0,1,1,0,0,0,0,1,0,1,0,0,0,1,0,1,0,0,0,0,0,4,0,111.9825,-6.132500000000007
7410-YTJIK,0,0,0,0,7,1,0,75.45,480.75,1,0,1,1,0,0,0,0,0,0,0,0,0,0,0,0,0,0,0,0,0,1,0,1,68.67857142857143,6.771428571428572
4626-GYCZP,1,0,0,0,7,1,1,93.85,635.6,1,0,1,1,0,0,0,0,0,0,0,0,0,0,1,0,1,0,0,0,1,0,2,1,90.8,3.049999999999997
5649-RXQTV,1,0,0,0,51,1,1,99.0,5038.15,0,0,0,1,0,0,0,0,1,0,1,0,0,0,1,0,1,0,0,0,1,0,4,0,98.78725490196078,0.21274509803922115
2674-MIAHT,0,0,0,0,4,1,1,80.3,324.2,0,0,1,1,0,0,0,0,1,0,0,0,0,0,0,0,0,0,0,0,0,1,1,1,81.05,-0.75
2576-HXMPA,0,0,0,0,1,1,0,19.55,19.55,0,0,0,0,1,1,0,1,0,1,0,1,0,1,0,1,0,0,0,1,0,0,0,1,19.55,0.0
7587-AOVVU,1,0,1,1,27,1,0,100.75,2793.55,0,0,1,1,0,0,1,0,1,0,0,0,1,0,1,0,0,0,0,0,1,0,4,0,103.46481481481482,-2.7148148148148152
5590-BYNII,1,0,0,0,22,1,1,100.75,2095.0,1,0,1,1,0,0,1,0,0,0,0,0,0,0,1,0,1,0,0,0,1,0,3,0,95.22727272727273,5.522727272727266
6898-MDLZW,1,0,0,0,12,1,1,53.75,648.65,0,0,0,0,0,0,0,0,1,0,0,0,1,0,0,0,0,0,0,0,0,1,2,1,54.05416666666667,-0.30416666666666714
3237-AJGEH,0,0,1,1,3,0,1,31.0,95.05,1,1,0,0,0,0,0,0,0,0,0,0,1,0,0,0,0,0,0,0,0,1,1,1,31.683333333333334,-0.6833333333333336
4707-YNOQA,0,0,1,1,34,1,1,25.6,917.15,0,0,1,0,1,1,0,1,0,1,0,1,0,1,0,1,0,1,0,1,0,0,0,0,26.974999999999998,-1.3749999999999964
9357-UJRUN,1,0,1,0,24,1,1,58.35,1346.9,0,0,1,0,0,0,1,0,0,0,0,0,1,0,0,0,0,1,0,0,1,0,2,0,56.12083333333334,2.2291666666666643
1591-NFNLQ,1,0,0,0,51,1,0,80.0,4242.35,1,0,1,1,0,0,0,0,0,0,1,0,0,0,0,0,0,0,0,1,0,0,1,0,83.18333333333334,-3.183333333333337
8648-PFRMP,0,1,0,0,14,0,1,46.35,672.7,0,1,0,0,0,0,0,0,0,0,0,0,0,0,1,0,1,0,0,0,1,0,2,0,48.050000000000004,-1.7000000000000028
7663-CUXZB,1,0,1,0,59,1,0,113.75,6561.25,0,0,1,1,0,0,1,0,1,0,1,0,1,0,1,0,1,0,1,0,1,0,6,0,111.20762711864407,2.5423728813559308
0258-NOKBL,1,0,0,0,3,1,0,90.4,268.45,0,0,0,1,0,0,0,0,1,0,1,0,0,0,0,0,1,0,0,0,1,0,3,1,89.48333333333333,0.9166666666666714
1163-VIPRI,0,0,1,1,65,1,0,109.3,7337.55,0,0,1,1,0,0,1,0,0,0,1,0,1,0,1,0,1,0,1,0,1,0,5,0,112.88538461538462,-3.5853846153846263
2815-CPTUL,1,1,0,0,5,1,1,70.25,331.9,1,0,0,1,0,0,0,0,0,0,0,0,0,0,0,0,0,0,0,0,0,1,0,1,66.38,3.8700000000000045
9348-ROUAI,0,0,1,1,59,1,0,90.3,5194.05,0,0,1,0,0,0,1,0,1,0,1,0,1,0,1,0,1,0,1,1,0,0,6,0,88.03474576271186,2.265254237288133
9443-JUBUO,1,0,1,1,72,0,1,65.25,4478.85,0,1,0,0,0,0,1,0,1,0,1,0,1,0,1,0,1,0,1,1,0,0,6,0,62.206250000000004,3.0437499999999957
0596-BQCEQ,0,0,1,1,62,1,1,100.15,6283.3,1,0,0,1,0,0,0,0,1,0,1,0,0,0,1,0,1,0,0,0,1,0,4,0,101.34354838709677,-1.1935483870967687
1481-ZUWZA,1,0,0,0,28,1,1,94.5,2659.4,1,0,1,1,0,0,1,0,1,0,0,0,0,0,0,0,1,0,0,1,0,0,3,0,94.97857142857143,-0.47857142857142776
3043-TYBNO,1,0,0,0,3,1,0,60.65,196.9,0,0,0,0,0,0,0,0,0,0,0,0,1,0,0,0,1,0,0,0,0,1,2,1,65.63333333333334,-4.983333333333341
4830-FAXFM,1,0,0,1,19,1,1,24.1,439.2,0,0,1,0,1,1,0,1,0,1,0,1,0,1,0,1,0,0,0,1,0,0,0,0,23.11578947368421,0.9842105263157919
5906-BFOZT,1,0,0,0,1,1,1,19.5,19.5,0,0,0,0,1,1,0,1,0,1,0,1,0,1,0,1,0,0,0,0,0,1,0,1,19.5,0.0
2960-NKRSO,1,0,0,0,24,1,1,85.95,2107.15,0,0,0,1,0,0,0,0,1,0,1,0,1,0,0,0,0,0,0,0,1,0,3,0,87.79791666666667,-1.8479166666666629
8996-ZROXE,1,1,0,0,57,1,1,53.5,3035.8,0,0,0,0,0,0,0,0,0,0,1,0,1,0,0,0,0,1,0,0,1,0,2,0,53.25964912280702,0.24035087719298076
5598-IKHQQ,0,0,0,0,72,1,0,25.45,1866.45,0,0,1,0,1,1,0,1,0,1,0,1,0,1,0,1,0,0,1,1,0,0,0,0,25.922916666666666,-0.47291666666666643
0397-ZXWQF,1,0,0,0,67,1,0,20.5,1430.95,0,0,0,0,1,1,0,1,0,1,0,1,0,1,0,1,0,0,1,0,0,0,0,0,21.357462686567164,-0.857462686567164
5266-PFRQK,1,0,1,1,52,1,1,20.85,1071.6,0,0,0,0,1,1,0,1,0,1,0,1,0,1,0,1,0,1,0,1,0,0,0,0,20.607692307692307,0.2423076923076941
4674-HGNUA,1,0,1,1,71,1,0,89.9,6457.15,0,0,1,0,0,0,1,0,1,0,1,0,1,0,1,0,1,0,1,1,0,0,6,0,90.94577464788732,-1.0457746478873133
6765-MBQNU,0,0,1,0,26,1,0,26.0,684.05,0,0,1,0,1,1,0,1,0,1,0,1,0,1,0,1,0,1,0,0,0,1,0,0,26.309615384615384,-0.30961538461538396
9786-IJYDL,0,0,0,0,35,1,1,113.2,3914.05,0,0,1,1,0,0,1,0,1,0,1,0,1,0,1,0,1,0,1,0,0,1,6,0,111.83,1.3700000000000045
1303-SRDOK,0,0,1,1,55,1,1,69.05,3842.6,0,0,0,1,0,0,0,0,0,0,0,0,0,0,0,0,0,0,1,1,0,0,0,0,69.86545454545454,-0.8154545454545428
3769-MHZNV,0,0,1,1,33,1,0,20.1,670.35,0,0,0,0,1,1,0,1,0,1,0,1,0,1,0,1,0,0,1,0,0,1,0,0,20.313636363636363,-0.21363636363636118
6295-OSINB,1,0,1,0,72,1,1,109.65,7880.25,0,0,1,1,0,0,1,0,1,0,1,0,0,0,1,0,1,0,1,0,1,0,5,0,109.44791666666667,0.20208333333333428
3308-MHOOC,1,0,0,1,1,1,1,19.2,19.2,0,0,0,0,1,1,0,1,0,1,0,1,0,1,0,1,0,0,0,0,0,1,0,1,19.2,0.0
2309-OSFEU,1,0,0,0,10,0,1,33.9,298.45,1,1,0,0,0,0,0,0,0,0,0,0,0,0,0,0,1,0,0,0,0,1,1,1,29.845,4.055
2207-QPJED,0,1,1,0,37,1,0,90.0,3371.75,0,0,0,1,0,0,0,0,0,0,1,0,1,0,1,0,0,0,0,0,1,0,3,0,91.12837837837837,-1.1283783783783718
4177-JPDFU,1,0,0,0,12,0,0,34.0,442.45,0,1,0,0,0,0,0,0,1,0,0,0,1,0,0,0,0,0,0,0,0,1,2,1,36.87083333333333,-2.87083333333333
2239-CFOUJ,1,0,1,1,1,1,0,20.4,20.4,0,0,0,0,1,1,0,1,0,1,0,1,0,1,0,1,0,1,0,0,0,1,0,1,20.4,0.0
8046-DNVTL,1,0,1,0,62,0,1,38.6,2345.55,0,1,0,0,0,0,1,0,1,0,0,0,1,0,0,0,0,0,1,1,0,0,3,0,37.83145161290323,0.7685483870967715
2209-XADXF,0,0,0,0,1,0,0,25.25,25.25,0,1,0,0,0,0,0,0,0,0,0,0,0,0,0,0,0,0,0,0,0,0,0,1,25.25,0.0
6620-JDYNW,0,0,0,0,18,1,1,60.6,1156.35,0,0,1,0,0,0,1,0,0,0,1,0,0,0,0,0,0,0,0,0,0,1,2,0,64.24166666666666,-3.6416666666666586
1891-FZYSA,1,1,1,0,69,1,1,89.95,6143.15,1,0,1,1,0,0,0,0,1,0,0,0,0,0,1,0,0,0,0,0,1,0,2,0,89.03115942028985,0.9188405797101495
4770-UEZOX,1,0,0,0,2,1,1,74.75,144.8,0,0,0,1,0,0,0,0,1,0,0,0,0,0,0,0,0,0,0,0,1,0,1,1,72.4,2.3499999999999943
1038-RQOST,1,0,1,1,19,1,0,20.6,414.95,0,0,0,0,1,1,0,1,0,1,0,1,0,1,0,1,0,0,0,0,0,1,0,0,21.839473684210525,-1.2394736842105232
7613-LLQFO,1,0,0,0,12,1,1,84.45,1059.55,1,0,1,1,0,0,0,0,0,0,0,0,0,0,1,0,0,0,0,0,1,0,1,1,88.29583333333333,-3.8458333333333314
4568-TTZRT,1,0,0,0,9,1,0,20.4,181.8,0,0,0,0,1,1,0,1,0,1,0,1,0,1,0,1,0,0,0,0,0,1,0,1,20.200000000000003,0.19999999999999574
9513-DXHDA,1,0,0,0,27,1,0,81.7,2212.55,0,0,0,0,0,0,1,0,0,0,1,0,1,0,1,0,1,1,0,0,1,0,5,0,81.9462962962963,-0.24629629629629335
2640-PMGFL,1,0,0,1,27,1,1,79.5,2180.55,1,0,1,1,0,0,0,0,0,0,0,0,1,0,0,0,0,0,0,0,1,0,1,0,80.76111111111112,-1.26111111111112
3801-HMYNL,1,0,1,1,1,1,0,89.15,89.15,1,0,0,1,0,0,0,0,0,0,0,0,0,0,1,0,1,0,0,0,0,1,2,1,89.15,0.0
0516-QREYC,0,1,0,0,24,1,1,20.3,459.95,0,0,0,0,1,1,0,1,0,1,0,1,0,1,0,1,0,0,0,0,0,1,0,0,19.164583333333333,1.1354166666666679
9685-WKZGT,1,1,0,0,14,1,1,74.95,1036.75,1,0,1,1,0,0,0,0,0,0,0,0,0,0,0,0,0,0,0,0,1,0,0,0,74.05357142857143,0.8964285714285722
6022-UGGSO,0,1,0,0,32,1,1,74.4,2276.95,1,0,0,1,0,0,0,0,1,0,0,0,0,0,0,0,0,0,0,0,1,0,1,0,71.1546875,3.2453125000000114
8084-OIVBS,0,0,0,0,11,1,0,20.0,211.95,0,0,0,0,1,1,0,1,0,1,0,1,0,1,0,1,0,1,0,0,0,1,0,1,19.268181818181816,0.7318181818181841
8896-BQTTI,1,0,0,0,1,1,1,25.0,25.0,0,0,1,0,1,1,0,1,0,1,0,1,0,1,0,1,0,0,0,0,0,1,0,1,25.0,0.0
3865-QBWSJ,1,1,0,1,38,1,1,80.45,3162.65,0,0,1,1,0,0,1,0,0,0,0,0,0,0,0,0,0,0,0,0,0,1,1,0,83.22763157894737,-2.7776315789473642
3352-RICWQ,0,0,1,1,9,1,0,19.75,210.65,0,0,0,0,1,1,0,1,0,1,0,1,0,1,0,1,0,0,1,0,0,1,0,1,23.405555555555555,-3.655555555555555
2160-GPFXD,1,0,1,1,54,1,1,65.65,3566.7,0,0,1,0,0,0,1,0,1,0,0,0,1,0,0,0,0,0,1,1,0,0,3,0,66.05,-0.3999999999999915
2065-MMKGR,0,0,0,0,29,1,1,71.0,2080.1,0,0,1,0,0,0,0,0,0,0,0,0,0,0,1,0,1,1,0,1,0,0,2,0,71.72758620689655,-0.7275862068965466
5857-TYBCJ,1,1,1,0,44,1,1,89.2,4040.2,0,0,1,1,0,0,0,0,0,0,1,0,0,0,1,0,0,0,0,0,1,0,2,0,91.82272727272726,-2.6227272727272606
1498-NHTLT,1,0,1,1,59,1,1,86.75,5186.0,0,0,0,0,0,0,1,0,1,0,1,0,1,0,1,0,1,0,1,0,1,0,6,0,87.89830508474576,-1.1483050847457577
4484-CGXFK,0,0,0,0,3,1,1,55.3,196.15,1,0,0,0,0,0,0,0,0,0,0,0,0,0,0,0,1,0,0,0,1,0,1,1,65.38333333333334,-10.083333333333343
1402-PTHGN,0,0,1,1,18,1,1,61.5,1087.45,0,0,0,0,0,0,1,0,1,0,0,0,1,0,0,0,0,1,0,0,0,1,3,0,60.41388888888889,1.0861111111111086
4176-RELJR,1,1,0,0,67,1,0,25.1,1672.15,0,0,1,0,1,1,0,1,0,1,0,1,0,1,0,1,0,0,1,1,0,0,0,0,24.957462686567165,0.14253731343283604
6214-EDAKZ,0,0,1,1,22,1,0,55.15,1206.05,1,0,0,0,0,0,0,0,1,0,0,0,1,0,0,0,0,0,0,0,1,0,2,0,54.820454545454545,0.32954545454545325
5199-FPUSP,1,0,0,1,33,0,0,34.05,1113.95,0,1,0,0,0,0,1,0,0,0,0,0,1,0,0,0,0,1,0,1,0,0,2,0,33.75606060606061,0.2939393939393895
6377-KSLXC,1,0,0,0,5,1,0,19.95,107.05,0,0,0,0,1,1,0,1,0,1,0,1,0,1,0,1,0,0,0,0,0,1,0,1,21.41,-1.4600000000000009
1796-JANOW,0,0,0,0,2,1,0,19.95,38.15,0,0,0,0,1,1,0,1,0,1,0,1,0,1,0,1,0,0,0,0,0,1,0,1,19.075,0.875
0238-WHBIQ,1,0,1,1,72,1,0,89.7,6339.3,0,0,1,0,0,0,1,0,1,0,1,0,1,0,1,0,1,0,1,1,0,0,6,0,88.04583333333333,1.6541666666666686
8735-NBLWT,1,0,0,1,9,1,0,20.4,184.1,0,0,0,0,1,1,0,1,0,1,0,1,0,1,0,1,0,0,0,0,0,1,0,1,20.455555555555556,-0.055555555555557135
6651-RLGGM,1,0,1,1,67,1,0,26.3,1688.9,0,0,1,0,1,1,0,1,0,1,0,1,0,1,0,1,0,0,1,0,0,1,0,0,25.207462686567165,1.0925373134328353
6127-ISGTU,0,0,1,0,16,1,1,84.95,1378.25,1,0,1,1,0,0,0,0,0,0,0,0,0,0,1,0,0,0,0,0,1,0,1,0,86.140625,-1.1906249999999972
1614-JBEBI,0,0,0,0,8,1,1,20.7,137.6,0,0,0,0,1,1,0,1,0,1,0,1,0,1,0,1,0,0,0,0,0,1,0,1,17.2,3.5
8740-XLHDR,1,0,0,0,5,0,1,43.25,219.0,1,1,0,0,0,0,1,0,1,0,1,0,1,0,0,0,0,0,0,0,0,1,4,1,43.8,-0.5499999999999972
1208-DNHLN,1,0,1,1,23,1,1,48.35,1067.15,1,0,1,0,0,0,0,0,0,0,0,0,0,0,0,0,0,1,0,1,0,0,0,0,46.39782608695653,1.9521739130434739
1761-AEZZR,1,0,0,0,1,1,1,79.55,79.55,1,0,0,1,0,0,0,0,0,0,0,0,0,0,1,0,0,0,0,0,1,0,1,1,79.55,0.0
3923-CSIHK,0,1,1,0,50,1,1,71.05,3444.85,1,0,0,1,0,0,0,0,0,0,0,0,0,0,0,0,0,0,0,0,1,0,0,0,68.89699999999999,2.153000000000006
5696-EXCYS,1,0,0,0,17,1,0,19.45,369.05,0,0,0,0,1,1,0,1,0,1,0,1,0,1,0,1,0,0,1,1,0,0,0,0,21.708823529411767,-2.2588235294117673
5795-KTGUD,0,0,1,0,68,1,1,110.8,7553.6,0,0,1,1,0,0,1,0,1,0,1,0,0,0,1,0,1,0,1,0,0,0,5,0,111.08235294117648,-0.2823529411764838
7120-RFMVS,1,0,0,0,1,1,0,84.5,84.5,1,0,1,1,0,0,0,0,0,0,0,0,0,0,1,0,0,0,0,0,1,0,1,1,84.5,0.0
7924-GJZFI,0,1,1,0,25,1,1,69.3,1813.1,0,0,0,1,0,0,0,0,0,0,0,0,0,0,0,0,0,0,0,0,1,0,0,0,72.524,-3.2240000000000038
4702-HDRKD,1,0,0,0,67,0,1,49.35,3321.35,0,1,0,0,0,0,1,0,0,0,1,0,1,0,1,0,0,1,0,0,0,0,4,0,49.57238805970149,-0.2223880597014869
8512-WIWYV,1,0,0,0,32,1,0,20.35,707.5,0,0,0,0,1,1,0,1,0,1,0,1,0,1,0,1,0,1,0,1,0,0,0,0,22.109375,-1.7593749999999986
5897-ZYEKH,0,1,1,0,67,1,1,105.6,7112.15,0,0,1,1,0,0,1,0,1,0,0,0,0,0,1,0,1,1,0,0,1,0,4,0,106.15149253731343,-0.5514925373134361
5456-ITGIC,1,1,1,0,72,0,1,64.45,4641.1,0,1,0,0,0,0,1,0,1,0,1,0,1,0,1,0,1,0,1,1,0,0,6,0,64.45972222222223,-0.009722222222222854
7317-GGVPB,1,0,1,0,71,1,1,108.6,7690.9,1,0,1,1,0,0,0,0,1,0,1,0,1,0,1,0,1,0,1,1,0,0,5,0,108.3225352112676,0.277464788732388
1406-PUQVY,1,0,0,1,1,1,1,49.9,49.9,0,0,0,0,0,0,0,0,1,0,0,0,0,0,0,0,0,0,0,0,1,0,1,1,49.9,0.0
1322-AGOQM,1,0,0,0,46,0,0,30.3,1380.1,1,1,0,0,0,0,0,0,1,0,0,0,0,0,0,0,0,0,0,0,0,0,1,0,30.002173913043475,0.2978260869565261
3677-IYRBF,0,1,0,0,2,0,1,30.4,78.65,1,1,0,0,0,0,0,0,0,0,1,0,0,0,0,0,0,0,0,0,1,0,1,1,39.325,-8.925000000000004
5692-FPTAH,0,0,0,0,1,1,1,45.4,45.4,1,0,0,0,0,0,0,0,0,0,0,0,0,0,0,0,0,0,0,0,0,1,0,1,45.4,0.0
9114-AAFQH,0,0,1,0,48,1,1,65.65,3094.65,0,0,0,0,0,0,0,0,1,0,1,0,0,0,0,0,1,1,0,0,1,0,3,0,64.471875,1.1781250000000085
8715-KKTFG,0,0,1,0,61,1,1,103.3,6518.35,0,0,1,1,0,0,0,0,0,0,1,0,1,0,1,0,1,1,0,0,0,0,4,0,106.85819672131149,-3.5581967213114893
1550-LOAHA,0,0,1,0,32,1,0,84.15,2585.95,1,0,0,1,0,0,0,0,1,0,0,0,0,0,0,0,1,0,0,0,0,0,2,0,80.8109375,3.3390625000000114
1728-BQDMA,0,0,0,0,2,1,0,44.45,82.7,0,0,0,0,0,0,0,0,0,0,0,0,0,0,0,0,0,0,0,0,1,0,0,1,41.35,3.1000000000000014
0268-QKIWO,0,0,0,0,3,1,0,19.75,58.85,1,0,0,0,1,1,0,1,0,1,0,1,0,1,0,1,0,0,0,0,1,0,0,1,19.616666666666667,0.13333333333333286
0876-WDUUZ,0,0,0,0,5,1,1,85.4,425.9,1,0,0,1,0,0,0,0,0,0,0,0,1,0,0,0,1,0,0,1,0,0,2,1,85.17999999999999,0.22000000000001307
5117-ZSMHQ,0,0,1,1,71,1,0,89.9,6342.7,0,0,1,0,0,0,1,0,1,0,1,0,1,0,1,0,1,0,1,0,0,0,6,0,89.33380281690141,0.5661971830985948
5151-HQRDG,1,0,1,0,37,1,1,55.05,2030.75,0,0,1,0,0,0,1,0,0,0,0,0,0,0,0,0,0,0,0,0,0,1,1,0,54.88513513513514,0.1648648648648603
0960-HUWBM,1,0,1,1,65,1,1,104.1,6700.05,0,0,1,1,0,0,0,0,0,0,1,0,1,0,1,0,1,0,1,0,0,0,4,0,103.07769230769232,1.0223076923076775
6465-GSRCL,0,0,0,1,67,1,1,106.6,7244.7,0,0,1,1,0,0,0,0,1,0,0,0,1,0,1,0,1,1,0,0,0,0,4,0,108.12985074626866,-1.5298507462686644
0617-FHSGK,1,0,0,1,49,1,0,75.2,3678.3,1,0,1,1,0,0,0,0,0,0,0,0,0,0,0,0,0,0,0,1,0,0,0,0,75.06734693877551,0.13265306122448806
0263-FJTQO,1,0,1,1,50,1,1,70.5,3486.65,0,0,1,0,0,0,1,0,0,0,0,0,1,0,1,0,0,0,1,1,0,0,3,0,69.733,0.7669999999999959
7319-ZNRTR,1,0,1,1,25,1,0,19.6,411.15,0,0,0,0,1,1,0,1,0,1,0,1,0,1,0,1,0,1,0,0,1,0,0,0,16.445999999999998,3.1540000000000035
2858-MOFSQ,0,0,0,1,17,1,1,55.85,937.5,1,0,1,0,0,0,0,0,0,0,1,0,0,0,0,0,0,1,0,0,0,1,1,0,55.14705882352941,0.7029411764705884
7503-EPSZW,0,0,1,1,64,1,1,24.05,1559.15,0,0,1,0,1,1,0,1,0,1,0,1,0,1,0,1,0,0,1,0,0,1,0,0,24.36171875,-0.3117187500000007
7089-XXAYG,1,0,1,0,25,0,1,38.1,970.4,0,1,0,0,0,0,0,0,0,0,1,0,0,0,1,0,0,1,0,1,0,0,2,0,38.816,-0.7160000000000011
8118-LSUEL,1,1,0,0,23,1,1,106.4,2483.5,1,0,1,1,0,0,0,0,1,0,1,0,0,0,1,0,1,0,0,0,1,0,4,0,107.97826086956522,-1.578260869565213
8070-AAWZP,1,1,1,0,24,0,0,34.25,828.2,0,1,0,0,0,0,0,0,0,0,1,0,1,0,0,0,0,0,0,0,0,1,2,0,34.50833333333333,-0.25833333333333286
1666-JXLKU,0,0,0,0,37,1,1,100.05,3810.55,0,0,1,1,0,0,0,0,0,0,1,0,0,0,1,0,1,0,0,0,1,0,3,0,102.98783783783784,-2.937837837837847
7855-DIWPO,0,0,0,0,21,1,1,68.65,1493.2,0,0,0,1,0,0,0,0,0,0,0,0,0,0,0,0,0,0,0,0,1,0,0,0,71.1047619047619,-2.454761904761895
5133-POWUA,1,0,0,0,1,1,1,45.8,45.8,0,0,0,0,0,0,0,0,0,0,0,0,0,0,0,0,0,0,0,0,0,1,0,1,45.8,0.0
5652-MSDEY,0,0,0,0,10,1,1,75.75,777.3,0,0,1,1,0,0,0,0,0,0,0,0,0,0,0,0,0,0,0,0,0,1,0,1,77.72999999999999,-1.9799999999999898
7005-CCBKV,1,0,0,0,6,1,1,84.4,556.35,1,0,0,1,0,0,0,0,1,0,0,0,0,0,0,0,1,0,0,0,1,0,2,1,92.72500000000001,-8.325000000000003
1810-BOHSY,1,0,1,0,51,1,1,96.4,4911.05,0,0,1,1,0,0,1,0,1,0,0,0,0,0,0,0,1,1,0,1,0,0,3,0,96.29509803921569,0.1049019607843178
1784-BXEFA,0,0,0,0,10,1,1,20.55,187.35,0,0,0,0,1,1,0,1,0,1,0,1,0,1,0,1,0,0,0,0,0,1,0,1,18.735,1.8150000000000013
7351-MHQVU,0,0,0,0,6,0,0,50.95,307.6,0,1,0,0,0,0,1,0,1,0,0,0,1,0,0,0,1,0,0,1,0,0,4,1,51.26666666666667,-0.31666666666667
9224-VTYID,1,0,1,1,47,1,1,90.5,4318.35,0,0,1,0,0,0,1,0,1,0,1,0,1,0,1,0,1,0,1,0,0,1,6,0,91.87978723404257,-1.379787234042567
9500-IWPXQ,0,0,1,1,61,1,1,79.4,4820.55,0,0,1,0,0,0,1,0,1,0,1,0,1,0,0,0,1,1,0,0,1,0,5,0,79.02540983606558,0.37459016393442823
5762-TJXGK,0,0,0,0,52,0,1,58.75,3038.55,0,1,0,0,0,0,1,0,1,0,1,0,0,0,1,0,1,0,1,0,0,0,5,0,58.43365384615385,0.3163461538461476
4504-YOULA,0,0,1,1,35,1,1,59.45,2136.9,0,0,1,0,0,0,1,0,1,0,0,0,0,0,0,0,0,0,0,1,0,0,2,0,61.05428571428572,-1.6042857142857159
5569-IDSEY,1,0,1,0,71,1,1,105.7,7472.15,0,0,1,1,0,0,0,0,1,0,1,0,0,0,1,0,1,1,0,0,0,0,4,0,105.24154929577465,0.4584507042253563
4250-FDVOU,0,0,0,0,6,1,0,56.25,389.1,1,0,0,0,0,0,1,0,1,0,0,0,0,0,0,0,0,0,0,0,1,0,2,1,64.85000000000001,-8.600000000000009
7284-ZZLOH,1,0,1,0,45,1,0,53.3,2296.25,0,0,0,0,0,0,1,0,0,0,1,0,0,0,0,0,0,0,1,1,0,0,2,0,51.02777777777778,2.2722222222222186
5277-ZLOOR,0,1,0,0,2,1,1,85.55,187.45,1,0,1,1,0,0,0,0,0,0,0,0,0,0,1,0,0,0,0,0,1,0,1,1,93.725,-8.174999999999997
2141-RRYGO,0,0,0,0,4,1,1,68.65,261.25,1,0,0,0,0,0,0,0,1,0,0,0,0,0,1,0,1,0,0,0,0,0,3,1,65.3125,3.3375000000000057
1777-JYQPJ,1,0,0,0,2,0,0,24.3,38.45,0,1,0,0,0,0,0,0,0,0,0,0,0,0,0,0,0,0,0,0,0,1,0,1,19.225,5.074999999999999
6376-GAHQE,1,0,0,0,4,1,0,77.85,299.2,1,0,0,1,0,0,0,0,0,0,0,0,0,0,1,0,0,0,0,0,1,0,1,1,74.8,3.049999999999997
3401-URHDA,1,0,0,0,51,1,0,59.9,3043.6,0,0,1,0,0,0,1,0,0,0,0,0,1,0,0,0,0,1,0,1,0,0,2,0,59.67843137254902,0.22156862745097783
1599-EAHXY,1,0,1,1,60,1,0,23.95,1506.4,0,0,1,0,1,1,0,1,0,1,0,1,0,1,0,1,0,1,0,1,0,0,0,0,25.10666666666667,-1.1566666666666698
8631-XVRZL,1,0,0,0,9,1,1,20.15,163.7,0,0,0,0,1,1,0,1,0,1,0,1,0,1,0,1,0,1,0,0,0,1,0,1,18.188888888888886,1.9611111111111121
5052-PNLOS,1,0,0,0,3,1,1,105.35,323.25,1,0,1,1,0,0,0,0,1,0,1,0,0,0,1,0,1,0,0,0,0,0,4,1,107.75,-2.4000000000000057
3853-LYGAM,1,0,0,0,17,1,1,95.65,1640.0,0,0,1,1,0,0,0,0,0,0,1,0,1,0,0,0,1,0,0,0,0,0,3,0,96.47058823529412,-0.8205882352941103
6979-ZNSFF,0,0,0,0,8,1,1,87.05,762.1,1,0,1,1,0,0,0,0,0,0,0,0,0,0,1,0,0,0,0,0,1,0,1,1,95.2625,-8.212500000000006
5751-USDBL,1,0,1,1,46,1,0,81.0,3846.35,0,0,0,0,0,0,1,0,0,0,1,0,1,0,1,0,1,0,1,0,0,1,5,0,83.61630434782609,-2.6163043478260875
5680-LQOGP,0,0,0,0,68,1,1,82.45,5646.6,0,0,0,0,0,0,1,0,1,0,1,0,1,0,1,0,1,0,1,1,0,0,6,0,83.03823529411765,-0.5882352941176521
2386-LAHRK,1,0,0,0,1,1,1,53.5,53.5,1,0,0,0,0,0,0,0,0,0,0,0,0,0,1,0,0,0,0,0,0,1,1,1,53.5,0.0
8189-DUKMV,0,0,1,0,4,1,0,20.5,79.05,0,0,0,0,1,1,0,1,0,1,0,1,0,1,0,1,0,1,0,0,0,0,0,1,19.7625,0.7375000000000007
6032-IGALN,0,0,0,0,1,0,1,25.1,25.1,1,1,0,0,0,0,0,0,0,0,0,0,0,0,0,0,0,0,0,0,0,1,0,1,25.1,0.0
9931-DCEZH,1,0,0,1,28,1,1,54.4,1516.6,0,0,0,0,0,0,0,0,1,0,0,0,1,0,0,0,0,1,0,1,0,0,2,0,54.16428571428571,0.23571428571428754
1898-JSNDC,0,0,0,0,39,1,1,58.6,2224.5,0,0,0,0,0,0,0,0,1,0,0,0,0,0,1,0,0,1,0,1,0,0,2,0,57.03846153846154,1.5615384615384613
0315-LVCRK,1,0,0,0,11,1,0,84.8,888.75,0,0,0,1,0,0,0,0,0,0,1,0,0,0,0,0,1,0,0,0,1,0,2,1,80.79545454545455,4.00454545454545
3911-RSNHI,0,0,1,0,71,0,1,61.4,4310.35,0,1,0,0,0,0,0,0,1,0,1,0,1,0,1,0,1,0,1,1,0,0,5,0,60.70915492957747,0.690845070422526
2410-CIYFZ,1,0,0,1,2,1,0,20.4,42.9,0,0,0,0,1,1,0,1,0,1,0,1,0,1,0,1,0,0,0,0,0,1,0,1,21.45,-1.0500000000000007
4248-HCETZ,1,1,1,0,30,1,1,79.65,2365.15,1,0,0,1,0,0,0,0,1,0,1,0,0,0,0,0,0,0,0,0,0,1,2,0,78.83833333333334,0.8116666666666674
5505-OVWQW,0,0,0,0,17,1,0,20.15,353.65,0,0,0,0,1,1,0,1,0,1,0,1,0,1,0,1,0,1,0,0,0,1,0,0,20.802941176470586,-0.6529411764705877
7271-AJDTL,0,0,1,0,55,1,1,94.45,5073.1,0,0,1,1,0,0,0,0,1,0,1,0,0,0,1,0,0,0,0,1,0,0,3,0,92.23818181818183,2.211818181818174
1867-TJHTS,0,0,0,0,58,1,1,79.8,4526.85,0,0,1,1,0,0,1,0,0,0,0,0,0,0,0,0,0,0,0,0,0,0,1,0,78.0491379310345,1.7508620689655032
0516-WJVXC,0,0,0,0,5,1,0,54.2,308.25,1,0,0,0,0,0,1,0,0,0,0,0,1,0,0,0,0,0,0,0,1,0,2,1,61.65,-7.449999999999996
9174-FKWZE,0,1,0,0,1,1,1,19.45,19.45,1,0,0,0,1,1,0,1,0,1,0,1,0,1,0,1,0,0,0,0,1,0,0,1,19.45,0.0
6860-YRJZP,1,1,0,0,9,1,1,74.05,678.45,0,0,1,1,0,0,0,0,0,0,0,0,0,0,0,0,0,0,0,0,1,0,0,1,75.38333333333334,-1.3333333333333428
4429-WYGFR,1,0,0,0,26,1,0,49.15,1237.3,0,0,0,0,0,0,0,0,0,0,0,0,1,0,0,0,0,0,0,0,0,0,1,0,47.58846153846154,1.5615384615384613
2817-LVCPP,0,0,0,0,50,1,0,19.4,1023.95,0,0,0,0,1,1,0,1,0,1,0,1,0,1,0,1,0,0,1,1,0,0,0,0,20.479,-1.0790000000000006
5038-ETMLM,0,0,1,0,72,1,1,113.65,8182.75,0,0,1,1,0,0,1,0,1,0,1,0,1,0,1,0,1,0,1,0,0,0,6,0,113.64930555555556,0.0006944444444485498
5056-FIMPT,0,0,0,1,43,1,1,106.0,4532.3,0,0,0,1,0,0,1,0,1,0,0,0,1,0,1,0,1,1,0,1,0,0,5,0,105.40232558139536,0.5976744186046403
4521-WFJAI,1,0,0,0,56,1,1,25.95,1444.05,0,0,1,0,1,1,0,1,0,1,0,1,0,1,0,1,0,0,1,0,0,0,0,0,25.786607142857143,0.16339285714285623
6569-KTMDU,0,0,0,0,1,1,0,19.1,19.1,0,0,0,0,1,1,0,1,0,1,0,1,0,1,0,1,0,0,0,0,0,1,0,1,19.1,0.0
8809-RIHDD,1,0,1,1,72,1,1,103.4,7372.65,1,0,1,1,0,0,0,0,1,0,1,0,0,0,1,0,1,0,1,0,1,0,4,0,102.39791666666666,1.0020833333333456
8809-XKHMD,1,0,1,0,72,1,1,100.55,7325.1,0,0,1,1,0,0,1,0,1,0,0,0,1,0,0,0,1,0,1,0,0,0,4,0,101.73750000000001,-1.1875000000000142
0396-YCHWO,1,0,1,0,36,1,1,95.4,3474.2,0,0,1,1,0,0,0,0,0,0,0,0,0,0,1,0,1,0,0,0,1,0,2,0,96.50555555555555,-1.10555555555554
0867-LDTTC,1,0,0,0,5,1,0,75.15,392.65,0,0,0,0,0,0,0,0,0,0,1,0,1,0,1,0,1,0,0,0,0,0,4,1,78.53,-3.3799999999999955
4822-NGOCH,0,0,0,0,13,1,1,84.45,1058.6,1,0,1,1,0,0,0,0,1,0,1,0,0,0,0,0,0,0,0,0,1,0,2,0,81.43076923076923,3.0192307692307736
9391-DXGGG,0,1,0,0,44,1,0,89.15,3990.75,0,0,0,1,0,0,0,0,1,0,1,0,0,0,0,0,1,1,0,1,0,0,3,0,90.69886363636364,-1.5488636363636346
9844-FELAJ,0,1,1,1,70,1,1,107.9,7475.85,0,0,1,1,0,0,0,0,1,0,1,0,1,0,1,0,1,1,0,0,1,0,5,0,106.79785714285715,1.1021428571428515
2122-SZZZD,1,0,0,0,44,1,0,19.5,835.5,0,0,0,0,1,1,0,1,0,1,0,1,0,1,0,1,0,1,0,1,0,0,0,0,18.988636363636363,0.5113636363636367
5307-DZCVC,0,1,1,0,32,1,1,85.95,2628.6,1,0,1,1,0,0,0,0,0,0,0,0,0,0,1,0,0,0,0,1,0,0,1,0,82.14375,3.8062500000000057
3148-AOIQT,0,0,1,0,69,1,1,24.95,1718.35,0,0,1,0,1,1,0,1,0,1,0,1,0,1,0,1,0,0,1,1,0,0,0,0,24.903623188405795,0.046376811594203815
8679-JOEVF,0,1,0,0,16,1,0,59.4,1023.9,1,0,0,0,0,0,0,0,0,0,0,0,1,0,1,0,0,0,0,0,1,0,2,0,63.99375,-4.59375
8395-ETZKQ,1,1,1,1,68,1,0,19.5,1193.55,0,0,0,0,1,1,0,1,0,1,0,1,0,1,0,1,0,1,0,0,0,0,0,0,17.55220588235294,1.9477941176470601
6692-YQHXC,1,0,0,0,16,1,1,69.95,1205.5,0,0,0,1,0,0,0,0,0,0,0,0,0,0,0,0,0,0,0,1,0,0,0,0,75.34375,-5.393749999999997
3889-VWBID,1,0,1,1,68,1,0,82.85,5776.45,0,0,0,0,0,0,1,0,1,0,0,0,1,0,1,0,1,0,1,0,0,0,5,0,84.94779411764705,-2.097794117647055
5222-JCXZT,1,0,0,0,4,1,0,19.0,78.9,0,0,0,0,1,1,0,1,0,1,0,1,0,1,0,1,0,0,0,0,0,1,0,1,19.725,-0.7250000000000014
9754-CLVZW,0,0,1,1,26,0,0,38.85,1025.15,0,1,0,0,0,0,1,0,1,0,0,0,1,0,0,0,0,0,0,1,0,0,3,0,39.42884615384616,-0.5788461538461576
1432-FPAXX,0,0,0,0,29,0,1,30.6,856.35,1,1,0,0,0,0,0,0,1,0,0,0,0,0,0,0,0,0,0,0,1,0,1,0,29.529310344827586,1.0706896551724157
2739-CCZMB,1,0,0,1,5,1,0,20.35,122.0,0,0,0,0,1,1,0,1,0,1,0,1,0,1,0,1,0,0,0,1,0,0,0,1,24.4,-4.049999999999997
7080-TNUWP,1,0,1,0,70,1,1,95.0,6602.9,0,0,1,1,0,0,0,0,1,0,1,0,0,0,1,0,0,1,0,0,0,0,3,0,94.32714285714285,0.6728571428571541
0496-AHOOK,1,0,1,0,24,1,0,74.4,1712.9,0,0,0,0,0,0,1,0,0,0,0,0,1,0,1,0,1,1,0,0,0,0,4,0,71.37083333333334,3.0291666666666686
8336-TAVKX,0,1,1,0,72,1,0,78.45,5682.25,0,0,1,0,0,0,1,0,1,0,1,0,1,0,0,0,1,0,1,0,0,0,5,0,78.92013888888889,-0.4701388888888829
2468-SJFLM,1,0,0,0,1,1,1,74.3,74.3,0,0,0,1,0,0,0,0,0,0,0,0,1,0,0,0,0,0,0,0,0,1,1,1,74.3,0.0
3181-VTHOE,1,0,1,0,70,0,1,51.05,3635.15,0,1,0,0,0,0,0,0,1,0,1,0,1,0,0,0,1,1,0,0,0,0,4,0,51.93071428571429,-0.8807142857142907
7168-HDQHG,0,0,1,1,36,1,0,19.2,702.9,0,0,0,0,1,1,0,1,0,1,0,1,0,1,0,1,0,0,0,0,0,0,0,0,19.525,-0.3249999999999993
4803-AXVYP,0,1,0,0,38,1,1,99.55,3734.25,1,0,1,1,0,0,0,0,0,0,0,0,1,0,1,0,1,0,0,0,1,0,3,0,98.26973684210526,1.280263157894737
3884-HCSWG,0,0,0,0,17,1,1,70.0,1144.5,1,0,0,1,0,0,0,0,0,0,0,0,0,0,0,0,0,0,0,0,1,0,0,0,67.32352941176471,2.67647058823529
4567-AKPIA,0,0,1,1,41,1,1,109.1,4454.25,0,0,1,1,0,0,0,0,1,0,1,0,1,0,1,0,1,1,0,0,0,0,5,0,108.64024390243902,0.4597560975609696
5077-DXTCG,0,0,0,0,1,1,1,45.3,45.3,1,0,0,0,0,0,0,0,0,0,0,0,0,0,0,0,0,0,0,0,1,0,0,1,45.3,0.0
1142-WACZW,1,0,0,0,2,0,0,29.85,75.6,1,1,0,0,0,0,0,0,0,0,0,0,1,0,0,0,0,0,0,0,0,0,1,1,37.8,-7.949999999999996
7901-HXJVA,1,0,0,0,14,1,0,76.45,1117.55,0,0,0,1,0,0,0,0,0,0,1,0,0,0,0,0,0,0,0,0,1,0,1,0,79.825,-3.375
5649-ANRML,1,1,0,0,2,1,1,95.1,180.25,1,0,0,1,0,0,0,0,1,0,1,0,1,0,0,0,1,0,0,1,0,0,4,1,90.125,4.974999999999994
4892-VLANZ,1,0,0,0,1,1,0,19.8,19.8,1,0,0,0,1,1,0,1,0,1,0,1,0,1,0,1,0,0,0,0,0,1,0,1,19.8,0.0
5924-IFQTT,1,0,1,1,13,1,1,72.8,930.05,0,0,1,0,0,0,0,0,1,0,1,0,1,0,1,0,0,0,0,0,1,0,4,0,71.54230769230769,1.2576923076923094
7968-QUXNS,1,0,0,0,6,1,0,18.95,110.15,0,0,0,0,1,1,0,1,0,1,0,1,0,1,0,1,0,0,0,0,0,1,0,1,18.358333333333334,0.591666666666665
2919-HBCJO,0,0,0,0,4,1,1,76.65,333.6,1,0,0,1,0,0,0,0,1,0,0,0,0,0,0,0,0,0,0,0,0,0,1,1,83.4,-6.75
4236-XPXAV,0,0,1,1,5,1,1,99.15,465.05,1,0,0,1,0,0,0,0,1,0,0,0,1,0,1,0,1,0,0,0,0,1,4,1,93.01,6.140000000000001
8903-WMRNW,0,0,1,0,15,1,0,101.75,1669.4,0,0,0,1,0,0,1,0,0,0,1,0,0,0,1,0,1,0,0,0,1,0,4,0,111.29333333333334,-9.543333333333337
2452-SNHFZ,0,0,0,0,47,1,0,75.45,3545.1,0,0,0,1,0,0,1,0,0,0,0,0,0,0,0,0,0,0,0,1,0,0,1,0,75.42765957446808,0.022340425531922392
3629-WEAAM,0,0,0,0,8,1,0,64.1,504.05,0,0,0,0,0,0,0,0,0,0,1,0,1,0,0,0,1,0,0,0,0,1,3,1,63.00625,1.093749999999993
6029-CSMJE,1,0,0,0,17,0,1,25.65,440.2,0,1,0,0,0,0,0,0,0,0,0,0,0,0,0,0,0,0,0,0,0,1,0,0,25.894117647058824,-0.24411764705882533
7993-NQLJE,1,0,1,1,15,1,0,75.1,1151.55,0,0,0,1,0,0,1,0,0,0,0,0,0,0,0,0,0,0,0,0,0,1,1,0,76.77,-1.6700000000000017
9909-DFRJA,0,0,0,0,26,1,1,95.85,2475.35,0,0,0,1,0,0,1,0,0,0,1,0,1,0,0,0,1,1,0,0,0,0,4,0,95.20576923076922,0.6442307692307736
9099-FTUHS,0,0,0,0,23,1,0,54.4,1249.25,0,0,1,0,0,0,1,0,0,0,0,0,0,0,0,0,0,0,0,0,1,0,1,0,54.31521739130435,0.08478260869564735
0581-BXBUB,0,1,0,0,4,1,0,72.75,317.75,0,0,0,1,0,0,0,0,1,0,0,0,0,0,0,0,0,0,0,0,1,0,1,1,79.4375,-6.6875
4962-CHQPW,1,0,0,1,29,1,0,19.85,535.05,0,0,0,0,1,1,0,1,0,1,0,1,0,1,0,1,0,1,0,0,0,1,0,0,18.45,1.4000000000000021
9467-ROOLM,0,0,0,0,25,1,0,19.05,461.3,0,0,0,0,1,1,0,1,0,1,0,1,0,1,0,1,0,0,0,0,0,1,0,0,18.452,0.597999999999999
3030-YZADT,1,0,0,0,9,1,0,44.95,431.0,1,0,0,0,0,0,0,0,0,0,0,0,0,0,0,0,0,0,0,0,0,1,0,1,47.888888888888886,-2.938888888888883
7410-KTVFV,1,0,1,0,18,1,1,49.55,878.35,1,0,0,0,0,0,0,0,0,0,1,0,0,0,0,0,0,0,0,0,0,1,1,0,48.797222222222224,0.7527777777777729
5150-ITWWB,1,1,0,0,3,1,1,94.85,335.75,0,0,1,1,0,0,0,0,0,0,0,0,0,0,1,0,1,0,0,0,1,0,2,1,111.91666666666667,-17.066666666666677
2253-KPMNB,0,0,1,1,69,0,0,46.25,3121.4,0,1,0,0,0,0,1,0,1,0,1,0,1,0,0,0,0,0,1,0,0,0,4,0,45.23768115942029,1.0123188405797094
1345-ZUKID,1,0,0,0,14,1,0,19.35,324.8,0,0,0,0,1,1,0,1,0,1,0,1,0,1,0,1,0,1,0,0,0,1,0,0,23.2,-3.849999999999998
6429-SHBCB,1,0,0,0,19,1,0,69.6,1394.55,0,0,1,0,0,0,0,0,0,0,0,0,0,0,1,0,1,0,0,0,0,1,2,0,73.39736842105263,-3.7973684210526386
9281-OFDMF,1,1,0,0,39,1,0,90.7,3413.25,0,0,1,1,0,0,0,0,1,0,0,0,0,0,0,0,1,0,0,0,1,0,2,0,87.51923076923077,3.1807692307692292
2603-HVKCG,1,0,0,0,31,1,1,101.4,3143.65,0,0,0,1,0,0,0,0,1,0,1,0,0,0,1,0,1,0,0,0,1,0,4,0,101.40806451612903,-0.008064516129024923
1834-WULEG,1,0,1,1,24,1,0,20.25,439.75,0,0,0,0,1,1,0,1,0,1,0,1,0,1,0,1,0,1,0,0,0,1,0,0,18.322916666666668,1.9270833333333321
9097-ZUBYC,1,0,1,0,14,1,0,48.8,664.4,0,0,0,0,0,0,0,0,0,0,0,0,1,0,0,0,0,0,0,0,0,0,1,0,47.457142857142856,1.3428571428571416
5148-ORICT,0,0,1,0,64,1,1,74.35,4759.55,0,0,0,0,0,0,1,0,1,0,1,0,1,0,0,0,1,0,1,0,0,1,5,0,74.36796875,-0.017968750000008527
4893-GYUJU,0,0,0,0,50,1,1,19.35,1033.0,0,0,0,0,1,1,0,1,0,1,0,1,0,1,0,1,0,1,0,0,0,1,0,0,20.66,-1.3099999999999987
4578-PHJYZ,1,0,1,1,52,1,1,68.75,3482.85,0,0,0,0,0,0,0,0,1,0,1,0,1,0,1,0,0,1,0,0,1,0,4,0,66.97788461538461,1.7721153846153896
7272-QDCKA,1,0,0,0,28,1,0,100.2,2688.45,0,0,1,1,0,0,0,0,1,0,0,0,0,0,1,0,1,1,0,0,1,0,3,0,96.01607142857142,4.183928571428581
8908-SLFCJ,0,0,0,0,21,1,1,20.85,435.25,0,0,0,0,1,1,0,1,0,1,0,1,0,1,0,1,0,0,1,1,0,0,0,0,20.726190476190474,0.12380952380952692
8393-DLHGA,1,0,0,1,25,1,1,95.9,2448.75,1,0,0,1,0,0,0,0,1,0,0,0,0,0,1,0,1,0,0,0,1,0,3,0,97.95,-2.049999999999997
9766-HGEDE,0,0,1,0,17,1,0,19.35,307.0,0,0,0,0,1,1,0,1,0,1,0,1,0,1,0,1,0,1,0,0,0,1,0,0,18.058823529411764,1.291176470588237
6968-MHOMU,1,0,1,0,58,0,1,45.0,2689.35,0,1,0,0,0,0,0,0,0,0,0,0,0,0,1,0,1,1,0,1,0,0,2,0,46.36810344827586,-1.3681034482758605
7395-IGJOS,1,1,1,0,17,1,0,81.5,1329.2,1,0,0,1,0,0,0,0,0,0,0,0,0,0,0,0,1,0,0,0,0,0,1,0,78.18823529411765,3.3117647058823536
5044-XDPYX,0,0,1,0,51,1,0,25.5,1281.25,0,0,1,0,1,1,0,1,0,1,0,1,0,1,0,1,0,0,1,0,0,1,0,0,25.122549019607842,0.3774509803921582
1814-WFGVS,1,0,1,1,72,0,0,48.9,3527.0,0,1,0,0,0,0,1,0,0,0,1,0,1,0,1,0,0,0,1,0,0,1,4,0,48.986111111111114,-0.08611111111111569
2834-SPCJV,1,0,1,0,52,1,0,84.1,4348.65,1,0,0,1,0,0,1,0,0,0,0,0,0,0,1,0,0,0,0,0,1,0,2,0,83.6278846153846,0.4721153846153925
3721-WKIIL,0,0,0,0,27,1,1,19.6,561.15,0,0,0,0,1,1,0,1,0,1,0,1,0,1,0,1,0,0,1,0,0,1,0,0,20.78333333333333,-1.18333333333333
6734-CKRSM,0,0,0,0,3,1,0,20.0,63.6,0,0,0,0,1,1,0,1,0,1,0,1,0,1,0,1,0,0,0,0,0,1,0,1,21.2,-1.1999999999999993
1265-ZFOSD,0,0,1,0,64,1,1,81.3,5129.3,0,0,1,0,0,0,1,0,1,0,1,0,1,0,0,0,1,0,1,0,0,1,5,0,80.1453125,1.1546874999999943
6568-POCUI,0,0,1,0,45,1,1,95.2,4285.8,0,0,0,1,0,0,0,0,0,0,0,0,1,0,1,0,1,0,1,1,0,0,3,0,95.24000000000001,-0.04000000000000625
7890-VYYWG,1,1,1,0,3,0,1,36.45,93.7,1,1,0,0,0,0,0,0,0,0,0,0,0,0,1,0,0,0,0,0,0,1,1,1,31.233333333333334,5.216666666666669
5197-LQXXH,0,0,1,0,71,1,1,83.3,5894.5,0,0,1,0,0,0,0,0,1,0,1,0,1,0,1,0,1,0,1,1,0,0,5,0,83.02112676056338,0.2788732394366207
9907-SWKKF,0,1,0,0,1,0,0,25.05,25.05,1,1,0,0,0,0,0,0,0,0,0,0,0,0,0,0,0,0,0,0,0,1,0,1,25.05,0.0
3457-PQBYH,0,0,1,1,58,1,0,20.3,1160.75,0,0,0,0,1,1,0,1,0,1,0,1,0,1,0,1,0,0,1,1,0,0,0,0,20.012931034482758,0.2870689655172427
7682-AZNDK,1,0,1,1,34,1,1,89.85,3091.75,0,0,0,1,0,0,0,0,1,0,1,0,0,0,1,0,0,0,0,0,1,0,3,0,90.93382352941177,-1.0838235294117737
0587-DMGBH,0,0,0,0,8,1,1,49.85,365.55,1,0,0,0,0,0,1,0,0,0,0,0,0,0,0,0,0,0,0,0,1,0,1,1,45.69375,4.15625
5384-ZTTWP,0,0,1,1,15,1,0,19.8,272.95,0,0,0,0,1,1,0,1,0,1,0,1,0,1,0,1,0,0,0,0,0,1,0,0,18.196666666666665,1.6033333333333353
3745-HRPHI,1,0,1,1,66,0,0,54.65,3632.0,0,1,0,0,0,0,0,0,0,0,1,0,1,0,1,0,1,0,1,0,0,0,4,0,55.03030303030303,-0.3803030303030326
7636-OWBPG,1,1,0,0,12,0,1,29.35,381.2,0,1,0,0,0,0,0,0,1,0,0,0,0,0,0,0,0,0,0,1,0,0,1,1,31.766666666666666,-2.4166666666666643
1231-YNDEK,1,0,0,0,58,1,1,19.15,1035.5,0,0,0,0,1,1,0,1,0,1,0,1,0,1,0,1,0,0,1,0,0,0,0,0,17.853448275862068,1.296551724137931
1407-DIGZV,0,0,1,1,3,1,0,19.1,52.0,0,0,0,0,1,1,0,1,0,1,0,1,0,1,0,1,0,0,1,0,0,1,0,1,17.333333333333332,1.7666666666666693
6397-JNZZG,0,1,1,0,43,0,0,55.55,2342.2,1,1,0,0,0,0,0,0,1,0,1,0,0,0,1,0,1,0,0,1,0,0,4,0,54.46976744186046,1.0802325581395351
0570-BFQHT,0,0,0,0,9,1,0,80.55,653.9,0,0,0,1,0,0,0,0,1,0,1,0,0,0,0,0,0,0,0,0,1,0,2,1,72.65555555555555,7.894444444444446
4393-OBCRR,0,0,0,0,3,1,0,20.25,71.2,0,0,0,0,1,1,0,1,0,1,0,1,0,1,0,1,0,1,0,0,0,1,0,1,23.733333333333334,-3.4833333333333343
3523-QRQLL,0,0,1,1,22,1,1,69.5,1498.2,1,0,0,0,0,0,0,0,1,0,0,0,0,0,1,0,1,1,0,0,0,0,3,0,68.10000000000001,1.3999999999999915
8564-LDKFL,1,0,1,0,40,1,1,106.0,4178.65,0,0,1,1,0,0,0,0,1,0,1,0,0,0,1,0,1,1,0,0,0,0,4,0,104.46624999999999,1.533750000000012
3696-DFHHB,0,0,0,0,68,1,0,25.5,1821.8,0,0,1,0,1,1,0,1,0,1,0,1,0,1,0,1,0,0,1,0,0,0,0,0,26.791176470588233,-1.2911764705882334
0895-DQHEW,1,0,1,0,54,1,1,104.3,5278.15,1,0,1,1,0,0,0,0,1,0,1,0,0,0,1,0,1,0,0,0,1,0,4,0,97.74351851851851,6.556481481481484
4717-GHADL,0,0,0,0,50,1,1,79.6,4024.2,0,0,1,0,0,0,0,0,1,0,0,0,1,0,1,0,1,0,1,0,0,1,4,0,80.484,-0.8840000000000003
5501-TVMGM,1,0,0,0,1,1,1,55.25,55.25,0,0,0,0,0,0,0,0,0,0,0,0,0,0,0,0,1,0,0,0,1,0,1,1,55.25,0.0
5879-HMFFH,0,0,1,0,72,1,0,88.05,6520.8,0,0,1,0,0,0,1,0,1,0,1,0,1,0,1,0,1,0,1,0,0,0,6,0,90.56666666666666,-2.5166666666666657
6772-WFQRD,1,0,0,1,40,1,1,20.4,854.9,0,0,0,0,1,1,0,1,0,1,0,1,0,1,0,1,0,1,0,0,0,0,0,0,21.3725,-0.9725000000000001
3810-DVDQQ,0,0,1,1,72,1,1,117.6,8308.9,0,0,1,1,0,0,1,0,1,0,1,0,1,0,1,0,1,0,1,0,0,0,6,0,115.40138888888889,2.1986111111111057
6972-SNKKW,0,0,0,0,6,1,0,20.0,109.2,0,0,0,0,1,1,0,1,0,1,0,1,0,1,0,1,0,0,0,0,0,1,0,1,18.2,1.8000000000000007
3694-GLTJM,0,0,0,0,5,1,1,19.65,92.05,0,0,0,0,1,1,0,1,0,1,0,1,0,1,0,1,0,0,0,1,0,0,0,1,18.41,1.2399999999999984
8550-XSXUQ,1,0,1,0,48,1,1,70.55,3420.5,0,0,1,0,0,0,0,0,1,0,1,0,0,0,0,0,1,1,0,1,0,0,3,0,71.26041666666667,-0.7104166666666742
8149-RSOUN,0,0,0,0,1,1,1,93.85,93.85,1,0,1,1,0,0,0,0,0,0,0,0,0,0,1,0,1,0,0,0,1,0,2,1,93.85,0.0
9055-MOJJJ,0,0,1,1,64,1,0,65.8,4068.0,0,0,0,0,0,0,1,0,0,0,0,0,1,0,1,0,0,1,0,0,0,1,3,0,63.5625,2.237499999999997
4359-INNWN,0,0,0,0,17,1,0,20.05,337.9,0,0,0,0,1,1,0,1,0,1,0,1,0,1,0,1,0,1,0,1,0,0,0,0,19.876470588235293,0.17352941176470793
0585-EGDDA,1,0,1,0,40,1,1,80.0,3168.75,0,0,0,1,0,0,0,0,1,0,1,0,0,0,0,0,0,0,0,0,1,0,2,0,79.21875,0.78125
4032-RMHCI,0,0,1,1,41,0,0,35.4,1412.4,0,1,0,0,0,0,1,0,0,0,1,0,0,0,0,0,0,1,0,1,0,0,2,0,34.44878048780488,0.9512195121951166
0549-CYCQN,1,1,0,0,51,1,1,79.6,3974.7,0,0,1,1,0,0,0,0,1,0,0,0,0,0,0,0,0,1,0,0,0,0,1,0,77.93529411764706,1.6647058823529335
3481-JHUZH,1,0,1,0,41,1,1,80.25,3439.0,0,0,1,1,0,0,0,0,1,0,0,0,0,0,0,0,0,0,0,0,1,0,1,0,83.8780487804878,-3.628048780487802
7250-EQKIY,0,0,1,1,1,1,0,50.45,50.45,1,0,0,0,0,0,0,0,0,0,1,0,0,0,0,0,0,0,0,0,0,1,1,1,50.45,0.0
3594-IVHJZ,0,0,0,0,2,1,1,20.45,42.45,0,0,0,0,1,1,0,1,0,1,0,1,0,1,0,1,0,0,0,0,0,1,0,1,21.225,-0.7750000000000021
6869-FGJJC,1,0,0,0,68,1,0,79.6,5461.45,0,0,0,1,0,0,0,0,1,0,1,0,0,0,0,0,0,1,0,1,0,0,2,0,80.31544117647059,-0.7154411764705912
3896-ZVNET,0,0,1,1,24,1,0,24.7,571.75,0,0,1,0,1,1,0,1,0,1,0,1,0,1,0,1,0,0,1,0,0,1,0,0,23.822916666666668,0.8770833333333314
8205-VSLRB,1,0,1,0,70,1,0,77.3,5498.2,0,0,1,0,0,0,1,0,0,0,1,0,1,0,0,0,1,0,1,1,0,0,4,0,78.54571428571428,-1.2457142857142856
5960-MVTUK,1,0,0,0,3,0,1,29.75,96.85,0,1,0,0,0,0,0,0,0,0,0,0,1,0,0,0,0,0,0,0,1,0,1,1,32.28333333333333,-2.5333333333333314
6817-WTYHE,1,0,0,0,2,1,0,44.9,111.05,0,0,0,0,0,0,0,0,0,0,0,0,0,0,0,0,0,0,0,0,0,0,0,1,55.525,-10.625
3082-VQXNH,1,0,1,0,3,0,0,29.8,94.4,0,1,0,0,0,0,0,0,1,0,0,0,0,0,0,0,0,0,0,1,0,0,1,1,31.46666666666667,-1.6666666666666679
4013-UBXWQ,0,0,0,0,7,1,1,74.65,521.1,1,0,1,0,0,0,0,0,0,0,0,0,1,0,1,0,1,0,0,0,1,0,3,1,74.44285714285715,0.20714285714285552
4931-TRZWN,0,0,0,0,13,1,1,71.95,923.85,0,0,0,0,0,0,1,0,0,0,0,0,0,0,1,0,1,0,0,0,1,0,3,0,71.06538461538462,0.8846153846153868
0750-EKNGL,1,0,0,0,7,1,0,20.75,141.1,0,0,0,0,1,1,0,1,0,1,0,1,0,1,0,1,0,0,0,0,0,1,0,1,20.157142857142855,0.5928571428571452
7669-LCRSD,1,0,1,1,12,1,1,56.3,628.65,0,0,0,0,0,0,0,0,0,0,0,0,0,0,1,0,0,0,0,0,0,1,1,1,52.387499999999996,3.9125000000000014
3567-PQTSO,1,0,1,1,53,1,1,105.25,5576.3,0,0,1,1,0,0,0,0,1,0,1,0,0,0,1,0,1,1,0,0,1,0,4,0,105.21320754716982,0.036792452830184175
5519-NPHVG,0,0,0,0,12,1,1,94.2,1046.1,1,0,1,1,0,0,0,0,0,0,0,0,0,0,1,0,1,0,0,0,1,0,2,1,87.175,7.025000000000006
8043-PNYSD,1,0,1,1,63,1,0,19.55,1245.6,0,0,0,0,1,1,0,1,0,1,0,1,0,1,0,1,0,0,1,0,0,1,0,0,19.77142857142857,-0.22142857142856798
9938-EKRGF,0,0,0,0,15,1,0,84.45,1287.85,0,0,0,0,0,0,1,0,1,0,1,0,1,0,1,0,1,0,0,0,0,1,6,0,85.85666666666665,-1.406666666666652
2703-AMTUL,1,0,1,1,36,1,0,53.65,1939.35,0,0,0,0,0,0,1,0,1,0,0,0,0,0,0,0,0,1,0,0,0,1,2,0,53.87083333333333,-0.22083333333333144
0928-JMXNP,1,1,1,0,4,0,1,29.9,118.25,0,1,0,0,0,0,0,0,0,0,1,0,0,0,0,0,0,0,0,0,1,0,1,1,29.5625,0.3374999999999986
8173-RXAYP,0,0,1,1,24,1,0,19.7,452.55,0,0,0,0,1,1,0,1,0,1,0,1,0,1,0,1,0,0,1,0,0,1,0,0,18.85625,0.84375
4825-XJGDM,0,0,0,0,61,0,0,43.7,2696.55,0,1,0,0,0,0,1,0,1,0,1,0,1,0,0,0,0,1,0,1,0,0,4,0,44.205737704918036,-0.5057377049180332
5402-HTOTQ,1,0,0,0,16,1,0,55.3,875.35,0,0,1,0,0,0,0,0,1,0,0,0,0,0,0,0,0,0,0,0,1,0,1,0,54.709375,0.5906249999999957
6734-JDTTV,1,0,1,1,65,1,1,19.85,1267.05,0,0,0,0,1,1,0,1,0,1,0,1,0,1,0,1,0,0,1,1,0,0,0,0,19.493076923076924,0.3569230769230778
7850-THJMU,0,0,1,1,26,1,0,19.65,494.9,0,0,0,0,1,1,0,1,0,1,0,1,0,1,0,1,0,0,1,1,0,0,0,0,19.034615384615385,0.6153846153846132
3890-RTCMS,1,0,0,0,16,1,1,49.45,799.0,0,0,0,0,0,0,0,0,0,0,0,0,1,0,0,0,0,0,0,0,0,1,1,0,49.9375,-0.48749999999999716
8849-GYOKR,0,0,1,0,54,1,0,106.55,5763.3,1,0,1,1,0,0,1,0,1,0,0,0,0,0,1,0,1,1,0,0,0,0,4,0,106.72777777777777,-0.17777777777777715
3148-BLQJT,1,0,0,0,1,1,0,20.1,20.1,1,0,0,0,1,1,0,1,0,1,0,1,0,1,0,1,0,0,0,0,0,1,0,1,20.1,0.0
3717-FDJFU,1,0,0,1,5,1,0,20.45,106.9,0,0,0,0,1,1,0,1,0,1,0,1,0,1,0,1,0,0,1,0,0,1,0,1,21.380000000000003,-0.9300000000000033
3665-JATSN,0,0,0,0,19,0,1,39.7,710.05,0,1,0,0,0,0,0,0,1,0,0,0,0,0,0,0,1,0,0,0,1,0,2,0,37.37105263157895,2.328947368421055
7966-YOTQW,1,0,0,0,10,1,1,54.5,568.2,0,0,1,0,0,0,1,0,0,0,0,0,0,0,0,0,0,0,0,1,0,0,1,1,56.82000000000001,-2.3200000000000074
0461-CVKMU,0,0,1,1,23,1,0,83.8,1900.25,1,0,0,1,0,0,0,0,1,0,1,0,1,0,0,0,0,0,0,0,1,0,3,0,82.6195652173913,1.1804347826086996
8806-EAGWC,1,0,0,0,3,1,0,55.15,159.15,1,0,0,0,0,0,0,0,0,0,0,0,0,0,1,0,0,0,0,0,0,1,1,1,53.050000000000004,2.0999999999999943
8853-TZDGH,0,0,0,0,72,1,1,111.6,8012.75,0,0,1,1,0,0,0,0,1,0,1,0,1,0,1,0,1,0,1,0,0,0,5,0,111.28819444444444,0.31180555555555145
7779-LGOVN,1,1,1,0,10,1,1,86.65,856.65,1,0,1,1,0,0,0,0,0,0,0,0,0,0,0,0,1,0,0,0,1,0,1,1,85.66499999999999,0.9850000000000136
4324-BZCKL,0,0,1,1,10,1,1,55.55,551.3,0,0,0,0,0,0,0,0,1,0,1,0,0,0,0,0,0,0,0,0,0,1,2,1,55.129999999999995,0.4200000000000017
6924-TDGMT,1,0,1,0,11,1,1,20.55,184.95,0,0,0,0,1,1,0,1,0,1,0,1,0,1,0,1,0,1,0,0,0,1,0,1,16.813636363636363,3.736363636363638
9710-ZUSHQ,0,1,0,0,37,1,1,106.75,4056.75,1,0,1,1,0,0,1,0,1,0,0,0,0,0,1,0,1,0,0,0,0,0,4,0,109.64189189189189,-2.8918918918918877
1536-YHDOE,1,0,1,1,17,1,1,62.1,1096.65,0,0,1,0,0,0,1,0,0,0,0,0,1,0,0,0,0,1,0,0,0,1,2,0,64.50882352941177,-2.4088235294117695
8123-QBNAZ,0,0,1,1,36,1,1,104.5,3684.95,0,0,1,1,0,0,1,0,0,0,1,0,0,0,1,0,1,0,0,1,0,0,4,0,102.35972222222222,2.140277777777783
3629-ZNKXA,1,1,0,0,17,1,1,101.8,1752.45,0,0,0,1,0,0,0,0,1,0,1,0,0,0,1,0,1,0,0,0,1,0,4,0,103.08529411764707,-1.2852941176470694
4827-LTQRJ,0,1,1,1,66,1,1,110.6,7210.85,0,0,1,1,0,0,1,0,1,0,0,0,1,0,1,0,1,1,0,1,0,0,5,0,109.25530303030304,1.3446969696969546
7711-YIJWC,1,0,1,1,61,1,0,84.9,5264.5,0,0,0,0,0,0,1,0,1,0,1,0,1,0,1,0,1,1,0,0,0,0,6,0,86.30327868852459,-1.4032786885245798
5482-VXSXJ,1,0,0,0,22,1,1,93.2,2157.3,0,0,0,1,0,0,0,0,1,0,0,0,0,0,1,0,1,0,0,0,0,1,3,0,98.05909090909091,-4.859090909090909
7365-BVCJH,1,0,0,0,1,0,1,24.4,24.4,0,1,0,0,0,0,0,0,0,0,0,0,0,0,0,0,0,0,0,0,1,0,0,1,24.4,0.0
9620-ENEJV,0,0,0,0,6,1,0,70.55,433.95,0,0,0,1,0,0,0,0,0,0,0,0,0,0,0,0,0,0,0,1,0,0,0,1,72.325,-1.7750000000000057
4183-WCSEP,1,0,0,0,31,1,1,78.45,2435.15,1,0,0,1,0,0,0,0,1,0,0,0,1,0,0,0,0,0,0,0,1,0,2,0,78.55322580645162,-0.1032258064516185
2378-YIZKA,0,0,1,1,68,1,1,85.0,5607.75,0,0,0,0,0,0,1,0,1,0,1,0,1,0,1,0,1,0,1,1,0,0,6,0,82.46691176470588,2.533088235294116
5498-TXHLF,0,0,1,1,34,1,0,87.45,2874.15,1,0,1,1,0,0,0,0,0,0,1,0,0,0,1,0,0,0,0,0,1,0,2,0,84.53382352941176,2.9161764705882405
0689-DSXGL,0,0,1,1,52,1,0,85.8,4433.3,0,0,0,1,0,0,0,0,1,0,1,0,1,0,0,0,0,0,0,0,0,0,3,0,85.25576923076923,0.5442307692307651
6818-DJXAA,0,0,0,1,10,1,1,91.1,964.35,0,0,0,1,0,0,0,0,0,0,1,0,1,0,1,0,0,0,0,0,1,0,3,1,96.435,-5.335000000000008
9722-UJOJR,1,0,1,1,29,1,1,70.75,1974.8,1,0,0,1,0,0,0,0,0,0,0,0,0,0,0,0,0,0,0,0,1,0,0,0,68.09655172413792,2.6534482758620754
0464-WJTKO,0,0,1,1,72,1,0,20.1,1460.85,0,0,0,0,1,1,0,1,0,1,0,1,0,1,0,1,0,0,1,0,0,0,0,0,20.289583333333333,-0.18958333333333144
8902-ZEOVF,1,0,1,1,47,1,0,20.05,951.55,0,0,0,0,1,1,0,1,0,1,0,1,0,1,0,1,0,1,0,0,0,1,0,0,20.245744680851065,-0.1957446808510639
6778-EICRF,1,0,1,1,24,1,0,74.8,1821.2,0,0,1,0,0,0,1,0,0,0,0,0,0,0,1,0,1,1,0,0,0,1,3,0,75.88333333333334,-1.0833333333333428
2662-NNTDK,1,0,0,0,65,1,0,24.8,1600.95,0,0,1,0,1,1,0,1,0,1,0,1,0,1,0,1,0,1,0,1,0,0,0,0,24.63,0.1700000000000017
4132-KALRO,0,0,0,0,4,1,1,100.85,399.25,0,0,1,1,0,0,0,0,0,0,0,0,1,0,1,0,1,0,0,0,0,1,3,1,99.8125,1.0374999999999943
3902-FOIGH,1,1,1,0,12,1,1,101.35,1218.55,1,0,1,1,0,0,0,0,1,0,0,0,0,0,1,0,1,0,0,0,1,0,3,1,101.54583333333333,-0.19583333333333997
6772-KSATR,1,0,0,0,1,1,1,81.7,81.7,1,0,1,1,0,0,1,0,0,0,0,0,0,0,0,0,0,0,0,0,1,0,1,1,81.7,0.0
7112-OPOTK,1,0,0,0,33,1,0,68.25,2171.15,1,0,0,1,0,0,0,0,0,0,0,0,0,0,0,0,0,0,0,0,1,0,0,0,65.79242424242425,2.4575757575757535
2874-YXVVA,0,0,0,0,34,1,1,105.1,3634.8,0,0,0,1,0,0,0,0,1,0,1,0,1,0,1,0,1,0,0,0,1,0,5,0,106.90588235294118,-1.8058823529411825
1245-HARPS,0,0,1,0,14,1,0,20.4,292.4,0,0,0,0,1,1,0,1,0,1,0,1,0,1,0,1,0,0,1,0,0,1,0,0,20.885714285714283,-0.485714285714284
4210-QFJMF,0,0,0,0,4,1,1,79.15,317.25,1,0,0,1,0,0,0,0,0,0,0,0,0,0,0,0,1,0,0,0,1,0,1,1,79.3125,-0.16249999999999432
4323-ELYYB,1,0,1,1,13,1,0,20.0,218.55,0,0,0,0,1,1,0,1,0,1,0,1,0,1,0,1,0,1,0,0,0,1,0,0,16.81153846153846,3.1884615384615387
4293-ETKAP,0,0,1,1,65,1,1,79.4,5071.9,0,0,1,0,0,0,0,0,1,0,0,0,1,0,1,0,1,0,1,0,0,0,4,0,78.02923076923076,1.3707692307692412
6064-PUPMC,1,0,1,1,23,1,0,57.2,1423.35,0,0,0,0,0,0,1,0,0,0,0,0,1,0,0,0,0,1,0,1,0,0,2,0,61.88478260869565,-4.684782608695649
6504-VBLFL,1,0,1,0,55,1,0,58.6,3068.6,0,0,0,0,0,0,1,0,1,0,1,0,0,0,0,0,0,0,1,0,1,0,3,0,55.79272727272727,2.807272727272732
6322-PJJDJ,1,0,1,0,49,1,1,94.8,4690.65,0,0,0,1,0,0,0,0,1,0,0,0,0,0,1,0,1,0,1,0,1,0,3,0,95.72755102040816,-0.9275510204081598
0330-BGYZE,1,0,1,0,60,1,0,102.5,6157.6,0,0,1,1,0,0,0,0,1,0,1,0,0,0,1,0,1,1,0,0,0,0,4,0,102.62666666666668,-0.12666666666667936
1085-LDWAM,0,0,1,1,69,1,1,20.35,1442.65,0,0,0,0,1,1,0,1,0,1,0,1,0,1,0,1,0,1,0,1,0,0,0,0,20.907971014492755,-0.5579710144927539
7586-ZATGZ,1,0,0,0,40,1,1,84.9,3369.05,0,0,1,1,0,0,0,0,0,0,0,0,0,0,1,0,0,0,0,0,1,0,1,0,84.22625000000001,0.6737499999999983
7197-VOJMM,1,0,1,0,67,1,1,69.2,4671.65,0,0,0,0,0,0,1,0,1,0,0,0,1,0,0,0,1,0,1,1,0,0,4,0,69.72611940298506,-0.52611940298506
3318-OSATS,1,1,0,0,35,1,1,95.45,3474.05,1,0,1,1,0,0,0,0,0,0,0,0,0,0,1,0,1,0,0,0,1,0,2,0,99.25857142857143,-3.808571428571426
5828-AVIPD,1,0,1,1,19,1,1,100.95,1875.55,1,0,1,1,0,0,0,0,0,0,0,0,1,0,1,0,1,1,0,0,1,0,3,0,98.71315789473684,2.2368421052631646
1843-TLSGD,0,0,1,1,13,1,0,20.85,272.35,0,0,0,0,1,1,0,1,0,1,0,1,0,1,0,1,0,0,1,0,0,1,0,0,20.950000000000003,-0.10000000000000142
9626-VFRGG,0,0,0,1,41,1,1,88.5,3645.05,0,0,1,1,0,0,0,0,1,0,0,0,0,0,1,0,0,0,0,0,0,0,2,0,88.90365853658537,-0.4036585365853682
7075-BNDVQ,0,0,0,0,4,0,0,35.0,135.75,0,1,0,0,0,0,1,0,0,0,1,0,0,0,0,0,0,0,0,0,0,1,2,1,33.9375,1.0625
9143-CANJF,0,0,1,1,24,1,0,55.15,1319.85,0,0,0,0,0,0,1,0,0,0,0,0,1,0,0,0,0,0,0,0,1,0,2,0,54.99375,0.15625
7284-BUYEC,0,0,0,0,5,0,1,50.95,229.4,0,1,0,0,0,0,0,0,1,0,0,0,0,0,1,0,1,0,0,1,0,0,3,1,45.88,5.07
2041-JIJCI,0,0,0,0,5,1,1,64.0,370.25,0,0,1,0,0,0,0,0,1,0,0,0,0,0,0,0,1,0,0,0,1,0,2,1,74.05,-10.049999999999997
1086-LXKFY,0,0,1,1,1,1,1,69.1,69.1,1,0,0,1,0,0,0,0,0,0,0,0,0,0,0,0,0,0,0,0,0,1,0,1,69.1,0.0
4900-MSOMT,0,0,1,1,72,1,0,80.2,5714.2,0,0,1,0,0,0,1,0,1,0,1,0,1,0,1,0,0,0,1,0,0,0,5,0,79.36388888888888,0.8361111111111228
2229-VWQJH,0,0,0,0,24,1,1,49.3,1233.25,0,0,0,0,0,0,0,0,0,0,1,0,0,0,0,0,0,0,0,1,0,0,1,0,51.385416666666664,-2.085416666666667
9194-GFVOI,0,0,1,0,42,1,0,84.35,3571.6,0,0,1,0,0,0,1,0,0,0,1,0,1,0,1,0,1,0,1,1,0,0,5,0,85.03809523809524,-0.6880952380952436
1336-EZFZY,0,0,0,0,4,1,0,20.05,83.3,0,0,0,0,1,1,0,1,0,1,0,1,0,1,0,1,0,0,0,0,0,1,0,1,20.825,-0.7749999999999986
4282-MSACW,1,0,0,0,68,1,1,117.2,8035.95,0,0,1,1,0,0,1,0,1,0,1,0,1,0,1,0,1,1,0,1,0,0,6,0,118.17573529411764,-0.9757352941176407
1403-LKLIK,0,0,1,1,33,1,0,20.1,579.4,0,0,0,0,1,1,0,1,0,1,0,1,0,1,0,1,0,1,0,0,0,1,0,0,17.55757575757576,2.542424242424243
2636-ALXXZ,0,1,0,0,1,1,1,69.6,69.6,1,0,0,1,0,0,0,0,0,0,0,0,0,0,0,0,0,0,0,0,1,0,0,1,69.6,0.0
7774-OJSXI,1,0,0,0,31,1,1,103.45,3066.45,1,0,1,1,0,0,0,0,1,0,1,0,0,0,1,0,1,1,0,0,1,0,4,0,98.91774193548386,4.532258064516142
7786-WBJYI,0,0,0,0,4,1,0,77.95,305.55,1,0,1,1,0,0,0,0,1,0,0,0,0,0,0,0,0,0,0,0,0,0,1,1,76.3875,1.5625
0136-IFMYD,1,1,1,0,69,1,1,109.95,7634.25,0,0,1,1,0,0,0,0,1,0,1,0,1,0,1,0,1,0,1,0,1,0,5,0,110.6413043478261,-0.6913043478260903
5144-TVGLP,1,1,0,0,38,1,0,94.75,3653.0,0,0,1,1,0,0,0,0,0,0,0,0,0,0,1,0,1,0,0,0,1,0,2,0,96.13157894736842,-1.3815789473684248
9643-AVVWI,0,0,1,1,3,1,1,80.0,241.3,0,0,0,1,0,0,0,0,1,0,0,0,1,0,0,0,0,0,0,0,1,0,2,1,80.43333333333334,-0.4333333333333371
0253-ZTEOB,0,0,1,1,48,1,0,79.65,3870.3,0,0,1,0,0,0,0,0,1,0,0,0,1,0,1,0,1,0,1,0,1,0,4,0,80.63125000000001,-0.9812500000000028
2706-QZIHY,0,0,1,0,15,1,0,25.2,387.9,0,0,1,0,1,1,0,1,0,1,0,1,0,1,0,1,0,0,1,0,0,1,0,0,25.86,-0.6600000000000001
6061-PQHMK,0,0,0,0,25,1,0,19.9,527.5,0,0,0,0,1,1,0,1,0,1,0,1,0,1,0,1,0,1,0,1,0,0,0,0,21.1,-1.2000000000000028
9885-CSMWE,0,1,0,0,1,1,0,78.45,78.45,1,0,0,1,0,0,0,0,0,0,0,0,0,0,1,0,0,0,0,0,1,0,1,1,78.45,0.0
6137-MFAJN,0,0,0,0,48,0,1,44.8,2104.55,0,1,0,0,0,0,1,0,1,0,0,0,0,0,1,0,0,0,0,0,1,0,3,0,43.84479166666667,0.9552083333333243
9122-UMROB,1,0,0,0,1,1,0,20.3,20.3,0,0,0,0,1,1,0,1,0,1,0,1,0,1,0,1,0,0,0,0,0,1,0,1,20.3,0.0
4232-JGKIY,1,0,0,0,1,1,0,19.2,19.2,0,0,0,0,1,1,0,1,0,1,0,1,0,1,0,1,0,0,0,0,1,0,0,1,19.2,0.0
2402-TAIRZ,0,0,0,0,37,1,0,80.05,3019.1,0,0,0,1,0,0,0,0,1,0,1,0,0,0,0,0,0,1,0,0,1,0,2,0,81.59729729729729,-1.5472972972972912
9659-ZTWSM,1,1,1,0,66,1,1,107.35,7051.95,0,0,1,1,0,0,0,0,1,0,1,0,1,0,1,0,1,1,0,0,0,0,5,0,106.84772727272727,0.5022727272727252
9139-TWBAS,0,0,1,0,26,0,0,47.85,1190.5,0,1,0,0,0,0,1,0,1,0,1,0,0,0,1,0,0,1,0,0,0,0,4,0,45.78846153846154,2.0615384615384613
6685-GBWJZ,1,0,1,0,63,1,0,70.8,4448.8,0,0,0,0,0,0,1,0,1,0,0,0,1,0,1,0,0,1,0,1,0,0,4,0,70.61587301587302,0.18412698412697637
5016-ETTFF,1,0,0,0,10,0,0,29.5,255.25,1,1,0,0,0,0,0,0,0,0,1,0,0,0,0,0,0,0,0,0,0,1,1,1,25.525,3.9750000000000014
3866-MDTUB,0,0,0,0,2,1,1,70.75,146.9,1,0,0,0,0,0,1,0,0,0,0,0,0,0,1,0,1,0,0,0,1,0,3,1,73.45,-2.700000000000003
2195-VVRJF,1,1,1,0,18,1,1,59.1,1011.05,0,0,0,0,0,0,1,0,0,0,0,0,0,0,0,0,1,0,0,1,0,0,2,0,56.169444444444444,2.930555555555557
3913-RDSJZ,0,0,1,0,64,1,0,25.55,1714.95,0,0,1,0,1,1,0,1,0,1,0,1,0,1,0,1,0,0,1,0,0,1,0,0,26.79609375,-1.24609375
8058-JMEQO,0,1,0,0,9,1,1,84.45,762.5,1,0,1,1,0,0,0,0,0,0,0,0,0,0,0,0,1,0,0,0,1,0,1,1,84.72222222222223,-0.2722222222222257
4203-QGNZA,0,0,0,1,28,1,0,20.25,535.35,0,0,0,0,1,1,0,1,0,1,0,1,0,1,0,1,0,0,0,0,0,1,0,0,19.119642857142857,1.130357142857143
5043-TRZWM,0,0,0,0,1,1,0,75.55,75.55,0,0,0,1,0,0,0,0,0,0,1,0,0,0,0,0,0,0,0,0,1,0,1,1,75.55,0.0
0697-ZMSWS,1,0,0,0,4,1,1,85.65,338.9,1,0,1,1,0,0,0,0,0,0,0,0,0,0,0,0,1,0,0,0,1,0,1,1,84.725,0.9250000000000114
7657-DYEPJ,1,1,0,0,38,1,1,70.15,2497.35,1,0,0,0,0,0,0,0,1,0,1,0,1,0,1,0,0,1,0,1,0,0,4,0,65.71973684210526,4.430263157894743
9494-BDNNC,1,0,1,0,66,1,0,95.3,6273.4,0,0,1,1,0,0,0,0,1,0,1,0,0,0,0,0,1,1,0,0,1,0,3,0,95.05151515151515,0.24848484848484986
1640-PLFMP,0,0,0,0,1,1,1,70.25,70.25,0,0,0,1,0,0,0,0,0,0,0,0,0,0,0,0,0,0,0,0,1,0,0,1,70.25,0.0
5366-OBVMR,0,0,1,0,18,1,1,50.3,908.75,0,0,0,0,0,0,0,0,0,0,0,0,1,0,0,0,0,0,0,0,0,1,1,0,50.486111111111114,-0.1861111111111171
8276-MQBYC,1,1,0,0,51,1,1,97.8,4913.3,1,0,1,1,0,0,0,0,0,0,1,0,0,0,1,0,1,0,0,0,1,0,3,0,96.33921568627451,1.4607843137254832
7644-OMVMY,1,0,1,1,0,1,0,19.85,0.0,0,0,0,0,1,1,0,1,0,1,0,1,0,1,0,1,0,0,1,0,0,1,0,1,0.0,19.85
7593-XFKDI,1,0,0,0,1,1,0,46.3,46.3,1,0,0,0,0,0,0,0,0,0,0,0,0,0,0,0,0,0,0,0,0,1,0,1,46.3,0.0
4573-JKNAE,1,0,0,1,12,1,0,19.35,212.3,0,0,0,0,1,1,0,1,0,1,0,1,0,1,0,1,0,0,1,0,0,0,0,1,17.691666666666666,1.658333333333335
0337-CNPZE,0,0,0,0,41,1,1,106.3,4443.45,1,0,1,1,0,0,0,0,1,0,1,0,0,0,1,0,1,0,0,0,1,0,4,0,108.37682926829268,-2.076829268292684
9817-APLHW,1,0,0,0,12,1,0,25.0,316.2,0,0,1,0,1,1,0,1,0,1,0,1,0,1,0,1,0,0,0,0,1,0,0,1,26.349999999999998,-1.3499999999999979
8380-MQINP,0,0,1,1,55,1,0,20.3,1079.05,0,0,0,0,1,1,0,1,0,1,0,1,0,1,0,1,0,0,1,0,0,1,0,0,19.619090909090907,0.6809090909090934
0840-DFEZH,0,0,0,0,7,1,1,75.35,564.65,0,0,1,1,0,0,0,0,0,0,0,0,0,0,0,0,0,0,0,0,1,0,0,1,80.66428571428571,-5.314285714285717
1513-XNPPH,0,0,0,0,12,1,1,89.4,1095.65,1,0,0,1,0,0,0,0,0,0,1,0,1,0,0,0,1,0,0,0,1,0,3,1,91.30416666666667,-1.9041666666666686
8690-ZVLCL,0,0,1,1,68,1,0,88.0,6161.9,0,0,1,0,0,0,1,0,1,0,1,0,1,0,1,0,1,0,1,1,0,0,6,0,90.61617647058823,-2.616176470588229
6015-VVHHE,0,1,0,0,5,1,1,83.15,446.05,1,0,1,1,0,0,0,0,0,0,0,0,0,0,1,0,0,0,0,1,0,0,1,1,89.21000000000001,-6.060000000000002
1125-SNVCK,0,1,0,0,49,1,0,43.8,2106.05,0,0,0,0,0,0,0,0,0,0,0,0,0,0,0,0,0,0,0,0,0,1,0,0,42.98061224489796,0.819387755102035
0384-LPITE,1,0,0,0,40,0,0,62.05,2511.55,0,1,0,0,0,0,1,0,1,0,1,0,0,0,1,0,1,1,0,1,0,0,5,0,62.78875000000001,-0.7387500000000102
4616-EWBNJ,0,0,0,0,16,1,0,20.1,318.6,0,0,0,0,1,1,0,1,0,1,0,1,0,1,0,1,0,1,0,0,0,0,0,0,19.9125,0.1875
6347-DCUIK,1,0,0,0,10,1,1,74.15,811.8,1,0,1,1,0,0,0,0,0,0,0,0,0,0,0,0,0,0,0,0,0,1,0,1,81.17999999999999,-7.029999999999987
1335-HQMKX,0,0,1,0,72,1,1,101.35,7323.15,0,0,1,1,0,0,0,0,1,0,1,0,0,0,1,0,1,1,0,0,1,0,4,0,101.71041666666666,-0.3604166666666657
2545-EBUPK,0,1,0,0,2,1,1,84.05,186.05,0,0,1,1,0,0,0,0,0,0,0,0,0,0,0,0,1,0,0,0,1,0,1,1,93.025,-8.975000000000009
6923-AQONU,1,0,1,1,23,1,0,20.9,454.0,0,0,0,0,1,1,0,1,0,1,0,1,0,1,0,1,0,0,1,0,0,1,0,0,19.73913043478261,1.1608695652173893
2172-EJXVF,0,1,0,0,71,1,1,105.9,7521.95,0,0,1,1,0,0,0,0,1,0,1,0,0,0,1,0,1,1,0,0,1,0,4,0,105.94295774647887,-0.04295774647886219
0897-FEGMU,0,0,1,0,11,1,1,99.5,1056.95,1,0,1,1,0,0,0,0,0,0,1,0,0,0,1,0,1,0,0,0,1,0,3,1,96.08636363636364,3.413636363636357
7663-RGWBC,1,0,0,0,1,1,1,44.15,44.15,1,0,0,0,0,0,0,0,0,0,0,0,0,0,0,0,0,0,0,0,0,1,0,1,44.15,0.0
1120-BMWUB,0,0,0,0,16,1,1,53.9,834.15,1,0,0,0,0,0,0,0,1,0,0,0,1,0,0,0,0,0,0,0,0,1,2,0,52.134375,1.765625
9124-LHCJQ,0,0,0,0,1,1,1,85.45,85.45,1,0,1,1,0,0,0,0,0,0,0,0,0,0,0,0,1,0,0,0,0,1,1,1,85.45,0.0
4536-PLEQY,1,0,1,0,12,1,1,85.05,999.8,0,0,0,1,0,0,0,0,1,0,0,0,0,0,0,0,1,0,0,1,0,0,2,1,83.31666666666666,1.7333333333333343
7029-IJEJK,0,0,0,0,54,0,0,44.1,2369.7,0,1,0,0,0,0,1,0,0,0,0,0,1,0,0,0,1,1,0,0,0,0,3,0,43.88333333333333,0.21666666666666856
8871-JLMHM,0,0,1,0,68,1,0,90.2,6297.65,0,0,1,1,0,0,0,0,1,0,1,0,1,0,0,0,0,0,1,1,0,0,3,0,92.6125,-2.4124999999999943
2235-ZGKPT,0,0,1,1,4,1,0,50.85,239.55,1,0,1,0,0,0,0,0,0,0,0,0,0,0,0,0,0,0,0,0,0,1,0,1,59.8875,-9.037500000000001
3891-PUQOD,0,0,0,1,1,1,0,59.2,59.2,1,0,0,0,0,0,0,0,0,0,1,0,0,0,0,0,1,0,0,0,1,0,2,1,59.2,0.0
5447-VYTKW,1,0,0,0,27,1,0,53.45,1461.45,0,0,0,0,0,0,1,0,0,0,0,0,1,0,0,0,0,0,0,0,0,1,2,0,54.12777777777778,-0.6777777777777771
3623-FQBOX,1,0,0,0,21,1,1,19.95,416.4,0,0,0,0,1,1,0,1,0,1,0,1,0,1,0,1,0,0,0,0,0,1,0,0,19.82857142857143,0.12142857142857011
0689-NKYLF,1,0,0,0,13,1,1,83.2,1060.6,1,0,0,1,0,0,0,0,0,0,1,0,0,0,1,0,0,0,0,0,1,0,2,0,81.58461538461538,1.6153846153846274
8659-HDIYE,0,1,0,0,64,1,0,74.65,4869.35,0,0,1,0,0,0,0,0,1,0,1,0,1,0,0,0,1,0,0,1,0,0,4,0,76.08359375,-1.43359375
3658-KIBGF,0,0,0,0,1,1,1,54.9,54.9,1,0,0,0,0,0,1,0,1,0,0,0,0,0,0,0,0,0,0,0,1,0,2,1,54.9,0.0
3474-BAFSJ,1,0,1,0,57,0,1,57.5,3265.95,0,1,0,0,0,0,0,0,1,0,1,0,1,0,1,0,1,0,1,0,0,0,5,0,57.29736842105263,0.2026315789473685
5519-YLDGW,0,0,1,0,21,1,1,103.9,2254.2,1,0,1,1,0,0,1,0,0,0,1,0,0,0,1,0,1,0,0,0,1,0,4,0,107.34285714285713,-3.4428571428571217
3865-ZFZIB,1,0,0,0,19,1,0,19.65,358.15,0,0,0,0,1,1,0,1,0,1,0,1,0,1,0,1,0,0,1,0,0,1,0,0,18.849999999999998,0.8000000000000007
1855-AGAWH,1,0,1,0,31,1,1,93.8,2939.8,0,0,0,1,0,0,0,0,0,0,1,0,0,0,1,0,1,1,0,0,1,0,3,0,94.83225806451614,-1.0322580645161423
7109-CQYUZ,1,0,0,0,52,1,1,89.25,4652.4,0,0,1,0,0,0,1,0,1,0,1,0,1,0,1,0,1,0,1,0,0,1,6,0,89.46923076923076,-0.21923076923076223
1370-GGAWX,0,0,0,0,46,1,1,94.15,4408.45,0,0,1,1,0,0,0,0,1,0,1,0,0,0,0,0,1,1,0,0,1,0,3,0,95.8358695652174,-1.6858695652173878
4680-KUTAJ,0,1,0,0,11,1,1,55.6,580.8,0,0,1,0,0,0,1,0,0,0,0,0,0,0,0,0,0,0,0,0,1,0,1,1,52.8,2.8000000000000043
5307-UVGNB,0,0,1,1,53,0,1,48.7,2495.2,0,1,0,0,0,0,1,0,1,0,1,0,0,0,0,0,1,0,0,0,0,0,4,0,47.079245283018864,1.6207547169811392
4946-EDSEW,0,0,1,1,11,1,1,19.25,180.3,1,0,0,0,1,1,0,1,0,1,0,1,0,1,0,1,0,0,0,0,0,1,0,1,16.39090909090909,2.8590909090909093
2883-ILGWO,1,1,0,0,57,1,1,104.9,5913.95,0,0,1,1,0,0,0,0,1,0,0,0,1,0,1,0,1,0,0,0,0,0,4,0,103.75350877192982,1.1464912280701895
2516-VQRRV,0,1,0,0,2,1,1,75.45,158.4,1,0,1,1,0,0,0,0,0,0,0,0,0,0,0,0,0,0,0,0,0,1,0,1,79.2,-3.75
7580-UGXNC,0,1,0,0,2,1,0,54.85,104.2,1,0,0,0,0,0,1,0,1,0,0,0,0,0,0,0,0,0,0,0,0,1,2,1,52.1,2.75
3642-BYHDO,0,0,1,1,71,1,0,19.9,1389.35,0,0,0,0,1,1,0,1,0,1,0,1,0,1,0,1,0,0,1,0,0,0,0,0,19.56830985915493,0.331690140845069
9629-NHXFW,0,0,1,1,1,1,1,19.4,19.4,0,0,0,0,1,1,0,1,0,1,0,1,0,1,0,1,0,0,0,0,0,1,0,1,19.4,0.0
2696-RZVZW,1,0,1,0,68,1,0,25.05,1629.2,0,0,1,0,1,1,0,1,0,1,0,1,0,1,0,1,0,0,1,1,0,0,0,0,23.958823529411767,1.091176470588234
5766-FTRTS,1,0,1,0,72,1,0,84.45,6033.1,0,0,0,0,0,0,1,0,1,0,1,0,1,0,1,0,1,0,1,0,0,1,6,0,83.79305555555555,0.6569444444444485
0396-HUJBP,0,0,0,0,2,1,0,19.3,44.4,0,0,0,0,1,1,0,1,0,1,0,1,0,1,0,1,0,0,0,0,0,1,0,1,22.2,-2.8999999999999986
5178-LMXOP,1,1,1,0,1,1,1,95.1,95.1,1,0,1,1,0,0,0,0,0,0,0,0,0,0,1,0,1,0,0,0,1,0,2,1,95.1,0.0
8879-ZKJOF,0,0,0,0,41,1,1,79.85,3320.75,0,0,0,0,0,0,1,0,0,0,1,0,1,0,1,0,1,1,0,0,0,0,5,0,80.9939024390244,-1.1439024390244015
6285-FTQBF,1,0,1,1,72,1,0,25.55,1867.7,0,0,1,0,1,1,0,1,0,1,0,1,0,1,0,1,0,0,1,1,0,0,0,0,25.94027777777778,-0.3902777777777793
8185-UPYBR,1,0,1,0,6,1,1,75.5,438.0,1,0,1,1,0,0,0,0,0,0,0,0,0,0,0,0,0,0,0,0,1,0,0,1,73.0,2.5
4585-HETAI,0,0,1,1,4,1,1,73.75,325.45,1,0,0,1,0,0,0,0,0,0,1,0,0,0,0,0,0,0,0,0,1,0,1,1,81.3625,-7.612499999999997
7526-BEZQB,1,0,0,0,12,1,1,96.05,1148.1,1,0,1,1,0,0,0,0,0,0,0,0,0,0,1,0,1,0,0,0,1,0,2,1,95.675,0.375
1474-JUWSM,0,0,1,0,58,1,1,68.4,3972.25,0,0,1,0,0,0,1,0,0,0,0,0,1,0,0,0,1,1,0,0,1,0,3,0,68.48706896551724,-0.08706896551723275
3530-CRZSB,0,0,0,0,7,1,0,20.65,155.9,0,0,0,0,1,1,0,1,0,1,0,1,0,1,0,1,0,0,0,0,0,1,0,1,22.271428571428572,-1.6214285714285737
8498-XXGWA,0,0,1,0,65,1,1,55.15,3673.15,0,0,0,0,0,0,1,0,0,0,1,0,0,0,0,0,0,0,0,0,0,1,2,0,56.51,-1.3599999999999994
9617-INGJY,1,0,0,0,1,1,1,70.6,70.6,0,0,0,1,0,0,0,0,0,0,0,0,0,0,0,0,0,0,0,0,0,1,0,1,70.6,0.0
0621-TSSMU,1,0,1,0,56,1,0,19.95,1126.75,0,0,0,0,1,1,0,1,0,1,0,1,0,1,0,1,0,1,0,1,0,0,0,0,20.120535714285715,-0.170535714285716
7234-KMNRQ,1,0,0,0,4,1,0,19.0,73.45,0,0,0,0,1,1,0,1,0,1,0,1,0,1,0,1,0,0,0,0,0,1,0,1,18.3625,0.6374999999999993
7636-PEPNS,0,0,1,1,58,1,1,44.1,2413.05,0,0,0,0,0,0,0,0,0,0,0,0,0,0,0,0,0,1,0,0,0,1,0,0,41.60431034482759,2.495689655172413
4683-WYDOU,1,0,1,0,62,1,1,107.6,6912.7,0,0,1,1,0,0,0,0,0,0,1,0,1,0,1,0,1,0,1,0,0,0,4,0,111.49516129032257,-3.8951612903225765
9052-DHNKM,1,0,0,0,26,1,0,61.55,1581.95,0,0,1,0,0,0,1,0,1,0,0,0,0,0,0,0,0,1,0,0,1,0,2,0,60.84423076923077,0.7057692307692278
6794-HKIAJ,1,0,0,0,62,1,0,90.7,5586.45,0,0,1,1,0,0,1,0,1,0,1,0,0,0,0,0,0,0,0,0,0,0,3,0,90.1040322580645,0.5959677419354961
5578-NKCXI,0,0,1,1,58,1,0,99.25,5846.65,0,0,0,1,0,0,1,0,1,0,0,0,0,0,1,0,1,1,0,1,0,0,4,0,100.80431034482758,-1.5543103448275843
1642-HMARX,0,0,1,0,68,1,1,91.7,6424.7,0,0,1,0,0,0,1,0,1,0,1,0,1,0,1,0,1,0,1,0,1,0,6,0,94.48088235294118,-2.780882352941177
3096-WPXBT,0,0,1,1,61,1,1,100.7,6018.65,0,0,1,1,0,0,1,0,1,0,1,0,0,0,0,0,1,1,0,1,0,0,4,0,98.66639344262295,2.0336065573770554
8434-PNQZX,0,0,0,0,42,1,1,78.45,3373.4,0,0,1,0,0,0,0,0,0,0,1,0,1,0,1,0,1,0,1,1,0,0,4,0,80.31904761904762,-1.8690476190476204
5950-AAAGJ,1,0,0,0,18,1,0,84.3,1537.9,0,0,1,1,0,0,0,0,0,0,0,0,0,0,1,0,0,0,0,0,0,0,1,0,85.4388888888889,-1.1388888888889
4299-OPXEJ,0,0,0,0,56,1,1,19.55,1080.55,0,0,0,0,1,1,0,1,0,1,0,1,0,1,0,1,0,0,1,0,0,0,0,0,19.295535714285712,0.25446428571428825
4951-UKAAQ,0,0,0,0,4,1,1,88.95,355.2,1,0,1,1,0,0,0,0,1,0,0,0,0,0,0,0,1,0,0,0,1,0,2,1,88.8,0.15000000000000568
9618-LFJRU,0,0,0,0,4,1,0,20.45,82.85,0,0,0,0,1,1,0,1,0,1,0,1,0,1,0,1,0,0,0,1,0,0,0,1,20.7125,-0.2624999999999993
6693-DJWTY,0,0,0,1,35,1,0,55.6,2016.45,0,0,0,0,0,0,1,0,1,0,0,0,0,0,0,0,0,1,0,1,0,0,2,0,57.612857142857145,-2.0128571428571433
0744-GKNGE,0,0,1,1,64,1,1,86.8,5327.25,0,0,1,1,0,0,1,0,0,0,0,0,1,0,0,0,0,0,0,0,0,0,2,0,83.23828125,3.561718749999997
6447-EGDIV,0,0,0,0,31,1,0,20.95,683.25,0,0,0,0,1,1,0,1,0,1,0,1,0,1,0,1,0,1,0,0,0,1,0,0,22.04032258064516,-1.0903225806451609
1167-OYZJF,0,1,1,0,67,1,1,20.05,1263.05,0,0,0,0,1,1,0,1,0,1,0,1,0,1,0,1,0,0,1,0,0,0,0,0,18.851492537313433,1.1985074626865675
2108-YKQTY,0,0,0,0,4,1,0,50.7,151.3,1,0,0,0,0,0,0,0,1,0,0,0,0,0,0,0,0,0,0,1,0,0,1,1,37.825,12.875
4806-DXQCE,0,1,1,0,70,1,1,113.65,7714.65,0,0,1,1,0,0,1,0,1,0,1,0,1,0,1,0,1,0,1,0,1,0,6,0,110.20928571428571,3.440714285714293
4918-QLLIW,1,0,0,0,3,1,0,53.4,188.7,1,0,0,0,0,0,0,0,0,0,0,0,0,0,1,0,0,0,0,1,0,0,1,1,62.9,-9.5
7056-IMHCC,1,1,1,0,53,1,1,101.9,5549.4,1,0,1,1,0,0,0,0,1,0,0,0,0,0,1,0,1,0,0,0,1,0,3,0,104.70566037735848,-2.8056603773584783
4854-SSLTN,1,0,1,1,2,1,0,59.5,130.5,0,0,0,0,0,0,1,0,1,0,0,0,1,0,0,0,0,0,1,0,0,1,3,1,65.25,-5.75
5294-DMSFH,0,0,1,1,29,1,1,87.8,2621.75,0,0,0,1,0,0,0,0,0,0,0,0,0,0,1,0,1,0,0,1,0,0,2,0,90.40517241379311,-2.605172413793113
4837-PZTIC,0,0,0,0,47,0,0,41.9,1875.25,0,1,0,0,0,0,1,0,0,0,1,0,1,0,0,0,0,0,1,0,0,1,3,0,39.898936170212764,2.0010638297872347
1625-JAIIY,0,0,1,1,68,1,1,83.0,5685.8,1,0,1,1,0,0,0,0,0,0,0,0,0,0,1,0,0,1,0,0,1,0,1,0,83.61470588235295,-0.6147058823529505
0603-OLQDC,1,0,0,1,12,1,1,69.85,837.5,0,0,0,0,0,0,1,0,0,0,0,0,0,0,1,0,1,0,0,0,0,1,3,1,69.79166666666667,0.05833333333332291
3272-VUHPV,0,0,1,1,8,1,0,56.3,401.5,0,0,0,0,0,0,0,0,1,0,0,0,1,0,0,0,0,0,0,0,0,0,2,1,50.1875,6.112499999999997
4176-FXYBO,1,0,1,0,54,1,0,109.55,6118.95,0,0,1,1,0,0,1,0,1,0,1,0,0,0,1,0,1,0,0,0,1,0,5,0,113.31388888888888,-3.7638888888888857
1063-DHQJF,1,0,1,1,69,1,1,92.15,6480.9,0,0,0,1,0,0,0,0,1,0,0,0,1,0,1,0,0,0,1,0,0,1,3,0,93.92608695652173,-1.7760869565217234
8663-UPDGF,0,0,0,0,26,1,1,69.5,1800.05,0,0,1,0,0,0,1,0,1,0,0,0,0,0,1,0,0,0,0,0,0,0,3,0,69.2326923076923,0.26730769230769624
6719-FGEDO,0,0,1,0,72,1,1,97.0,7104.2,0,0,1,1,0,0,1,0,1,0,1,0,1,0,0,0,0,0,1,0,0,0,4,0,98.66944444444444,-1.6694444444444372
1837-YQUCE,0,0,0,0,70,0,1,58.35,4214.25,0,1,0,0,0,0,1,0,0,0,1,0,1,0,1,0,1,0,1,0,0,0,5,0,60.20357142857143,-1.8535714285714278
2947-DOMLJ,1,0,0,1,1,1,0,50.6,50.6,1,0,0,0,0,0,1,0,0,0,0,0,0,0,0,0,0,0,0,0,0,1,1,1,50.6,0.0
4112-LUEIZ,1,0,0,0,10,1,1,89.5,863.1,1,0,0,1,0,0,0,0,0,0,0,0,0,0,1,0,1,0,0,0,1,0,2,1,86.31,3.1899999999999977
0369-ZGOVK,0,0,1,1,28,1,1,70.4,1992.2,0,0,0,1,0,0,0,0,0,0,0,0,0,0,0,0,0,1,0,0,0,0,0,0,71.15,-0.75
4510-HIMLV,1,0,0,0,1,1,1,69.8,69.8,1,0,0,1,0,0,0,0,0,0,0,0,0,0,0,0,0,0,0,0,1,0,0,1,69.8,0.0
9919-KNPOO,0,0,1,0,21,1,1,94.3,1948.35,0,0,1,1,0,0,0,0,0,0,0,0,0,0,1,0,1,0,0,0,1,0,2,0,92.77857142857142,1.5214285714285722
8749-JMNKX,1,1,1,0,51,1,1,93.8,4750.95,1,0,1,1,0,0,1,0,0,0,1,0,0,0,1,0,0,0,0,0,0,0,3,0,93.15588235294118,0.6441176470588204
7872-BAAZR,0,0,1,1,53,1,0,19.55,1007.9,0,0,0,0,1,1,0,1,0,1,0,1,0,1,0,1,0,1,0,0,0,0,0,0,19.016981132075472,0.5330188679245289
9391-LMANN,1,0,0,1,53,1,0,95.95,5036.9,0,0,0,1,0,0,1,0,1,0,1,0,0,0,0,0,1,1,0,0,1,0,4,0,95.03584905660377,0.9141509433962369
2430-USGXP,1,0,1,0,24,1,1,101.05,2391.8,1,0,1,1,0,0,0,0,0,0,1,0,0,0,1,0,1,0,0,0,1,0,3,0,99.65833333333335,1.3916666666666515
8174-TBVCF,0,0,1,0,70,1,1,94.8,6859.05,0,0,1,0,0,0,1,0,1,0,1,0,1,0,1,0,1,0,1,1,0,0,6,0,97.98642857142858,-3.1864285714285785
1698-XFZCI,1,0,0,0,61,1,1,107.75,6521.9,0,0,1,1,0,0,1,0,1,0,1,0,0,0,1,0,1,1,0,0,1,0,5,0,106.91639344262295,0.8336065573770526
1877-HKBQX,0,0,0,0,11,1,1,54.6,617.85,0,0,0,0,0,0,1,0,0,0,0,0,1,0,0,0,0,1,0,0,0,1,2,1,56.16818181818182,-1.5681818181818201
4450-DLLMH,1,0,0,0,2,1,1,71.3,157.75,0,0,0,1,0,0,0,0,0,0,0,0,0,0,0,0,0,0,0,1,0,0,0,1,78.875,-7.575000000000003
0428-AXXLJ,1,0,0,0,25,1,1,19.5,516.3,0,0,0,0,1,1,0,1,0,1,0,1,0,1,0,1,0,1,0,0,0,0,0,0,20.651999999999997,-1.1519999999999975
2746-DIJLO,0,0,0,0,41,1,1,56.3,2364.0,0,0,1,0,0,0,0,0,1,0,0,0,0,0,0,0,0,1,0,1,0,0,1,0,57.65853658536585,-1.3585365853658544
5955-ERIHD,1,0,1,0,18,1,1,94.7,1687.95,1,0,1,1,0,0,0,0,0,0,0,0,0,0,1,0,1,0,0,0,1,0,2,0,93.775,0.9249999999999972
0917-EZOLA,1,1,1,0,72,1,1,104.15,7689.95,1,0,1,1,0,0,0,0,1,0,1,0,0,0,1,0,1,0,1,0,0,0,4,0,106.80486111111111,-2.654861111111103
3508-VLHCZ,0,0,1,1,71,1,1,90.55,6239.05,0,0,1,0,0,0,1,0,1,0,1,0,1,0,1,0,1,0,1,1,0,0,6,0,87.87394366197184,2.676056338028161
4086-ATNFV,0,0,1,1,34,1,1,60.8,2042.05,0,0,0,0,0,0,1,0,1,0,1,0,0,0,0,0,0,1,0,0,0,1,3,0,60.06029411764706,0.7397058823529363
0468-YRPXN,1,0,0,0,29,1,1,98.8,2807.1,0,0,0,1,0,0,0,0,0,0,1,0,1,0,1,0,1,0,0,1,0,0,4,0,96.79655172413793,2.0034482758620697
5996-NRVXR,1,1,1,0,40,1,1,98.15,4116.8,0,0,0,1,0,0,1,0,1,0,1,0,1,0,1,0,0,1,0,1,0,0,5,0,102.92,-4.769999999999996
3739-YBWAB,1,0,1,0,36,0,0,35.35,1317.95,0,1,0,0,0,0,1,0,0,0,1,0,0,0,0,0,0,1,0,0,0,1,2,0,36.609722222222224,-1.2597222222222229
7047-FWEYA,0,0,1,0,46,1,1,103.15,4594.65,0,0,1,1,0,0,0,0,1,0,0,0,1,0,1,0,1,1,0,0,1,0,4,0,99.8836956521739,3.2663043478261073
2000-MPKCA,0,0,0,0,58,1,1,107.75,6332.75,0,0,1,1,0,0,1,0,1,0,1,0,0,0,1,0,1,1,0,0,1,0,5,0,109.1853448275862,-1.4353448275862064
9762-YAQAA,1,0,0,0,39,1,0,81.4,3213.75,0,0,1,1,0,0,0,0,1,0,0,0,0,0,0,0,0,1,0,1,0,0,1,0,82.40384615384616,-1.0038461538461547
5949-EBSQK,1,0,1,1,4,1,0,61.45,229.55,1,0,0,0,0,0,0,0,0,0,0,0,1,0,0,0,1,0,0,1,0,0,2,1,57.3875,4.0625
5473-KHBPS,0,0,1,1,52,1,1,95.7,4976.15,0,0,1,1,0,0,0,0,1,0,1,0,0,0,1,0,0,1,0,1,0,0,3,0,95.6951923076923,0.004807692307707612
0100-DUVFC,1,1,1,0,70,1,1,104.8,7308.95,0,0,1,1,0,0,0,0,1,0,1,0,0,0,1,0,1,1,0,0,1,0,4,0,104.41357142857143,0.3864285714285671
5397-TUPSH,1,1,1,0,65,1,1,70.95,4555.2,0,0,0,1,0,0,0,0,0,0,0,0,0,0,0,0,0,1,0,0,0,0,0,0,70.08,0.8700000000000045
8950-MTZNV,1,0,0,0,1,1,1,44.95,44.95,0,0,0,0,0,0,0,0,0,0,0,0,0,0,0,0,0,0,0,0,0,1,0,1,44.95,0.0
0326-VDYXE,0,0,1,0,70,1,1,97.65,6982.5,0,0,1,1,0,0,0,0,0,0,1,0,0,0,1,0,1,1,0,0,1,0,3,0,99.75,-2.0999999999999943
6773-LQTVT,0,1,1,1,29,0,1,35.65,1025.15,0,1,0,0,0,0,0,0,1,0,1,0,0,0,0,0,0,0,0,0,0,1,2,0,35.35,0.29999999999999716
7274-RTAPZ,1,0,0,0,1,1,1,90.55,90.55,1,0,0,1,0,0,0,0,0,0,0,0,0,0,1,0,1,0,0,0,1,0,2,1,90.55,0.0
0436-TWFFZ,0,0,0,0,67,1,1,85.25,5714.2,0,0,1,0,0,0,1,0,0,0,1,0,1,0,1,0,1,0,1,0,0,1,5,0,85.2865671641791,-0.036567164179103884
8566-YPRGL,0,0,0,0,1,1,1,19.5,19.5,0,0,0,0,1,1,0,1,0,1,0,1,0,1,0,1,0,0,0,0,0,1,0,1,19.5,0.0
0311-UNPFF,0,0,0,0,26,1,1,88.8,2274.35,1,0,0,1,0,0,0,0,0,0,0,0,0,0,1,0,1,0,0,0,0,0,2,0,87.475,1.3250000000000028
6609-MXJHJ,0,0,1,1,30,1,1,25.1,789.55,0,0,1,0,1,1,0,1,0,1,0,1,0,1,0,1,0,0,1,0,0,1,0,0,26.31833333333333,-1.2183333333333302
2669-OIDSD,0,0,1,0,48,1,1,100.05,4834.0,0,0,0,1,0,0,0,0,0,0,1,0,1,0,1,0,1,0,0,1,0,0,4,0,100.70833333333333,-0.6583333333333314
8400-WZICQ,0,0,1,1,55,1,0,55.7,3131.8,0,0,0,0,0,0,1,0,1,0,0,0,0,0,0,0,0,0,0,0,1,0,2,0,56.941818181818185,-1.2418181818181822
3834-XUIFC,1,0,0,0,7,1,1,85.2,602.55,1,0,1,1,0,0,0,0,0,0,0,0,0,0,0,0,1,0,0,0,0,1,1,1,86.07857142857142,-0.8785714285714192
9576-SYUHJ,1,0,0,0,37,1,1,91.15,3369.25,0,0,1,1,0,0,1,0,0,0,0,0,0,0,1,0,0,0,0,0,1,0,2,0,91.0608108108108,0.08918918918919871
0410-IPFTY,0,0,1,0,31,1,1,83.85,2674.15,0,0,0,1,0,0,0,0,1,0,0,0,0,0,0,0,1,0,0,0,0,0,2,0,86.26290322580645,-2.4129032258064598
2831-EBWRN,1,0,0,0,4,1,1,45.9,199.75,0,0,0,0,0,0,0,0,0,0,0,0,0,0,0,0,0,0,0,0,1,0,0,1,49.9375,-4.037500000000001
9430-NKQLY,1,0,1,1,72,1,1,25.1,1790.8,0,0,1,0,1,1,0,1,0,1,0,1,0,1,0,1,0,0,1,1,0,0,0,0,24.87222222222222,0.2277777777777814
8414-MYSHR,1,1,0,0,5,1,1,91.4,449.75,1,0,0,1,0,0,0,0,0,0,0,0,0,0,1,0,1,0,0,0,1,0,2,1,89.95,1.4500000000000028
0247-SLUJI,1,0,1,1,1,1,0,19.7,19.7,0,0,0,0,1,1,0,1,0,1,0,1,0,1,0,1,0,0,0,0,0,1,0,1,19.7,0.0
9402-ORRAH,0,1,0,0,15,1,1,91.5,1400.3,0,0,0,1,0,0,0,0,0,0,0,0,0,0,1,0,1,0,0,0,1,0,2,0,93.35333333333332,-1.8533333333333246
6483-OATDN,1,0,1,1,8,1,1,51.3,411.6,0,0,0,0,0,0,1,0,0,0,0,0,0,0,0,0,0,0,0,1,0,0,1,1,51.45,-0.15000000000000568
1293-HHSHJ,0,0,0,0,35,1,0,21.1,741.0,0,0,0,0,1,1,0,1,0,1,0,1,0,1,0,1,0,1,0,0,0,1,0,0,21.17142857142857,-0.0714285714285694
4840-ORQXB,0,1,0,0,56,1,0,104.75,5841.35,0,0,1,1,0,0,0,0,1,0,1,0,0,0,1,0,1,0,0,0,1,0,4,0,104.30982142857144,0.44017857142856087
7599-FKVXZ,1,0,1,0,42,1,1,106.15,4512.7,1,0,1,1,0,0,0,0,0,0,1,0,1,0,1,0,1,0,0,0,0,0,4,0,107.4452380952381,-1.2952380952380906
3982-DQLUS,1,1,1,1,65,1,1,85.75,5688.45,0,0,1,1,0,0,1,0,1,0,0,0,0,0,0,0,0,0,0,0,1,0,2,0,87.51461538461538,-1.7646153846153823
8610-ZIKJJ,0,0,1,1,2,1,0,20.3,31.9,0,0,0,0,1,1,0,1,0,1,0,1,0,1,0,1,0,1,0,0,0,1,0,1,15.95,4.350000000000001
3756-VNWDH,1,1,1,0,65,1,1,100.75,6674.65,0,0,1,1,0,0,1,0,0,0,0,0,0,0,1,0,1,1,0,0,1,0,3,0,102.68692307692307,-1.9369230769230654
7801-KICAO,0,0,0,0,18,1,1,74.15,1345.75,0,0,1,1,0,0,0,0,0,0,0,0,0,0,0,0,0,0,0,0,1,0,0,0,74.76388888888889,-0.61388888888888
7673-LPRNY,0,0,0,0,23,1,1,78.55,1843.05,0,0,1,0,0,0,1,0,0,0,1,0,0,0,1,0,1,1,0,0,1,0,4,0,80.13260869565217,-1.5826086956521692
8229-TNIQA,0,0,0,0,4,1,1,45.3,196.95,1,0,0,0,0,0,0,0,0,0,0,0,0,0,0,0,0,0,0,0,0,1,0,1,49.2375,-3.9375
6060-QBMGV,1,0,1,0,70,1,0,19.85,1433.8,0,0,0,0,1,1,0,1,0,1,0,1,0,1,0,1,0,0,1,1,0,0,0,0,20.482857142857142,-0.6328571428571408
7339-POGZN,0,0,0,0,4,1,0,50.7,214.55,0,0,1,0,0,0,0,0,0,0,0,0,0,0,0,0,0,0,0,0,1,0,0,1,53.6375,-2.9375
2828-SLQPF,1,0,0,0,19,1,1,45.0,865.85,0,0,0,0,0,0,0,0,0,0,0,0,0,0,0,0,0,0,0,0,0,0,0,0,45.57105263157895,-0.5710526315789508
4465-VDKIQ,0,0,0,0,18,1,0,77.8,1358.6,0,0,0,1,0,0,0,0,1,0,1,0,0,0,0,0,0,0,0,0,1,0,2,0,75.47777777777777,2.322222222222223
2921-XWDJH,0,1,1,0,38,1,1,83.45,3147.15,0,0,0,1,0,0,1,0,0,0,0,0,0,0,0,0,1,0,0,0,1,0,2,0,82.81973684210527,0.6302631578947313
6221-AVQYL,1,0,0,0,2,1,1,73.25,131.05,1,0,1,1,0,0,0,0,0,0,0,0,0,0,0,0,0,0,0,1,0,0,0,1,65.525,7.724999999999994
2558-BUOZZ,1,0,0,0,47,1,0,94.8,4535.85,0,0,1,1,0,0,1,0,1,0,0,0,0,0,1,0,0,1,0,0,0,0,3,0,96.50744680851065,-1.7074468085106531
9257-AZMTZ,0,0,1,1,52,1,0,20.1,1078.75,0,0,0,0,1,1,0,1,0,1,0,1,0,1,0,1,0,0,1,0,0,0,0,0,20.745192307692307,-0.6451923076923052
0003-MKNFE,1,0,0,0,9,1,0,59.9,542.4,0,0,1,0,0,0,0,0,0,0,0,0,0,0,0,0,1,0,0,0,0,1,1,1,60.266666666666666,-0.36666666666666714
0975-UYDTX,0,0,1,0,26,1,1,90.1,2312.55,0,0,1,0,0,0,1,0,1,0,1,0,1,0,1,0,1,1,0,1,0,0,6,0,88.94423076923077,1.1557692307692236
7743-EXURX,1,0,1,1,8,1,1,51.05,415.05,1,0,0,0,0,0,0,0,0,0,1,0,0,0,0,0,0,0,0,0,1,0,1,1,51.88125,-0.8312500000000043
4682-BLBUC,1,0,1,0,44,1,1,70.95,3250.45,0,0,0,0,0,0,0,0,1,0,1,0,1,0,1,0,0,1,0,0,1,0,4,0,73.87386363636364,-2.9238636363636346
0975-VOOVL,0,0,0,0,3,0,0,29.2,98.5,0,1,0,0,0,0,0,0,1,0,0,0,0,0,0,0,0,0,0,0,0,1,1,1,32.833333333333336,-3.6333333333333364
5968-VXZLG,1,0,0,0,2,1,1,46.6,87.9,0,0,0,0,0,0,0,0,0,0,0,0,0,0,0,0,0,0,0,0,0,0,0,1,43.95,2.6499999999999986
5569-KGJHX,0,0,1,1,9,1,1,85.35,754.65,1,0,1,1,0,0,0,0,0,0,0,0,0,0,1,0,0,0,0,0,0,0,1,1,83.85,1.5
4988-IQIGL,1,1,0,0,1,1,1,75.35,75.35,1,0,1,1,0,0,0,0,0,0,0,0,0,0,0,0,0,0,0,0,1,0,0,1,75.35,0.0
5201-FRKKS,1,0,0,0,25,1,0,74.3,1952.25,0,0,0,1,0,0,1,0,0,0,0,0,0,0,0,0,0,0,0,0,0,0,1,0,78.09,-3.7900000000000063
9799-CAYJJ,0,1,1,0,2,1,1,69.3,153.8,0,0,0,1,0,0,0,0,0,0,0,0,0,0,0,0,0,0,0,0,1,0,0,1,76.9,-7.6000000000000085
7730-IUTDZ,1,0,0,0,43,1,1,75.2,3198.6,1,0,0,1,0,0,1,0,0,0,0,0,0,0,0,0,0,0,0,0,1,0,1,0,74.38604651162791,0.8139534883720927
0426-TIRNE,0,0,0,0,1,1,0,20.9,20.9,1,0,0,0,1,1,0,1,0,1,0,1,0,1,0,1,0,0,0,0,0,1,0,1,20.9,0.0
5443-SCMKX,0,0,1,0,58,1,1,94.3,5610.15,0,0,1,1,0,0,0,0,1,0,1,0,0,0,0,0,1,1,0,0,1,0,3,0,96.72672413793103,-2.426724137931032
8295-KMENE,0,0,1,1,59,1,1,76.45,4519.5,0,0,1,0,0,0,1,0,0,0,1,0,1,0,1,0,0,0,1,0,0,1,4,0,76.60169491525424,-0.1516949152542395
6738-ISCBM,1,0,0,0,44,0,1,54.0,2440.25,0,1,0,0,0,0,1,0,0,0,1,0,0,0,1,0,1,1,0,0,1,0,4,0,55.46022727272727,-1.4602272727272734
9821-BESNZ,1,0,0,0,66,1,1,104.25,6860.6,0,0,1,1,0,0,0,0,1,0,0,0,1,0,1,0,1,1,0,0,1,0,4,0,103.94848484848485,0.3015151515151473
3678-MNGZX,1,0,1,1,68,1,0,19.95,1377.7,0,0,0,0,1,1,0,1,0,1,0,1,0,1,0,1,0,0,1,0,0,0,0,0,20.26029411764706,-0.31029411764706083
1335-NTIUC,1,0,0,0,9,0,1,24.95,190.25,0,1,0,0,0,0,0,0,0,0,0,0,0,0,0,0,0,0,0,0,1,0,0,1,21.13888888888889,3.81111111111111
2916-BQZLN,1,0,0,0,19,1,1,84.75,1651.95,0,0,1,1,0,0,1,0,0,0,1,0,0,0,0,0,0,0,0,0,1,0,2,0,86.94473684210527,-2.1947368421052715
4558-CGYCZ,1,0,0,0,4,1,0,19.75,78.3,0,0,0,0,1,1,0,1,0,1,0,1,0,1,0,1,0,0,0,0,0,1,0,1,19.575,0.1750000000000007
2368-GAKKQ,0,0,0,0,70,1,1,113.65,7939.25,0,0,1,1,0,0,1,0,1,0,1,0,1,0,1,0,1,0,1,0,0,0,6,0,113.41785714285714,0.2321428571428612
8710-YGLWG,1,0,0,0,1,1,1,44.9,44.9,0,0,0,0,0,0,0,0,0,0,0,0,0,0,0,0,0,0,0,0,0,1,0,1,44.9,0.0
3199-XGZCY,0,0,0,0,8,1,1,75.25,576.7,0,0,1,1,0,0,0,0,0,0,0,0,0,0,0,0,0,0,0,0,1,0,0,1,72.0875,3.1624999999999943
3785-KTYSH,1,0,0,0,53,1,0,24.6,1279.0,0,0,1,0,1,1,0,1,0,1,0,1,0,1,0,1,0,0,1,0,0,1,0,0,24.132075471698112,0.46792452830188935
6814-ZPWFQ,1,1,0,0,51,1,0,25.0,1260.7,0,0,1,0,1,1,0,1,0,1,0,1,0,1,0,1,0,1,0,0,0,0,0,0,24.719607843137254,0.2803921568627459
4063-EIKNQ,1,0,1,1,11,1,0,20.95,267.35,0,0,0,0,1,1,0,1,0,1,0,1,0,1,0,1,0,0,0,0,0,0,0,1,24.30454545454546,-3.354545454545459
6993-YCOBK,1,0,1,1,60,1,1,110.6,6586.85,0,0,1,1,0,0,1,0,0,0,1,0,1,0,1,0,1,0,1,0,1,0,5,0,109.78083333333333,0.8191666666666606
5206-HPJKM,1,0,0,0,17,1,1,55.5,934.15,0,0,0,0,0,0,1,0,1,0,0,0,0,0,0,0,0,0,0,1,0,0,2,0,54.949999999999996,0.5500000000000043
7587-RZNME,1,0,0,0,3,1,1,43.3,123.65,1,0,0,0,0,0,0,0,0,0,0,0,0,0,0,0,0,0,0,0,1,0,0,1,41.21666666666667,2.0833333333333286
0748-RDGGM,1,0,1,0,70,1,1,109.5,7534.65,1,0,0,1,0,0,1,0,1,0,1,0,1,0,1,0,1,1,0,0,0,0,6,0,107.63785714285714,1.8621428571428567
8393-JMVMB,1,0,0,0,1,1,0,19.45,19.45,0,0,0,0,1,1,0,1,0,1,0,1,0,1,0,1,0,0,0,0,0,1,0,1,19.45,0.0
5019-GQVCR,1,1,0,0,43,1,1,84.85,3645.6,0,0,1,1,0,0,0,0,0,0,0,0,0,0,1,0,0,0,0,0,1,0,1,0,84.78139534883721,0.06860465116278647
6036-TTFYU,0,0,1,0,16,1,0,19.6,314.45,0,0,0,0,1,1,0,1,0,1,0,1,0,1,0,1,0,0,0,0,0,1,0,0,19.653125,-0.05312499999999787
2550-AEVRU,0,0,1,1,57,1,0,53.45,3053.0,0,0,0,0,0,0,1,0,1,0,0,0,0,0,0,0,0,1,0,0,1,0,2,0,53.56140350877193,-0.11140350877192873
0969-RGKCU,1,0,1,1,37,1,0,19.8,677.05,0,0,0,0,1,1,0,1,0,1,0,1,0,1,0,1,0,1,0,1,0,0,0,0,18.298648648648648,1.501351351351353
0378-CJKPV,0,0,1,0,72,1,0,112.1,7965.95,0,0,1,1,0,0,1,0,1,0,1,0,1,0,1,0,1,0,1,1,0,0,6,0,110.63819444444444,1.4618055555555571
4706-AXVKM,0,1,0,0,11,1,1,84.8,906.85,1,0,1,1,0,0,0,0,0,0,0,0,0,0,0,0,1,0,0,1,0,0,1,1,82.44090909090909,2.3590909090909093
5889-JTMUL,0,1,1,0,50,1,1,95.05,4888.7,1,0,1,1,0,0,0,0,1,0,1,0,0,0,1,0,0,0,0,0,1,0,3,0,97.774,-2.7240000000000038
9026-RNUJS,1,1,0,0,5,1,0,50.35,237.25,1,0,0,0,0,0,0,0,0,0,1,0,0,0,0,0,0,0,0,0,1,0,1,1,47.45,2.8999999999999986
3746-EUBYR,1,0,1,0,1,1,1,74.6,74.6,1,0,1,1,0,0,0,0,0,0,0,0,0,0,0,0,0,0,0,0,0,0,0,1,74.6,0.0
2332-EFBJY,1,0,0,0,16,1,1,19.7,342.4,1,0,0,0,1,1,0,1,0,1,0,1,0,1,0,1,0,0,0,0,0,1,0,0,21.4,-1.6999999999999993
2880-FPNAE,1,1,1,0,2,1,1,74.2,140.1,0,0,0,1,0,0,0,0,0,0,1,0,0,0,0,0,0,0,0,0,1,0,1,1,70.05,4.150000000000006
1703-MGIAB,0,0,0,0,17,1,1,69.0,1108.0,0,0,1,0,0,0,0,0,0,0,1,0,1,0,1,0,0,0,0,0,0,1,3,0,65.17647058823529,3.82352941176471
4311-QTTAI,0,0,0,0,16,1,0,19.35,295.55,0,0,0,0,1,1,0,1,0,1,0,1,0,1,0,1,0,1,0,1,0,0,0,0,18.471875,0.8781250000000007
9474-PHLYD,0,0,0,0,15,1,1,59.45,892.65,1,0,0,0,0,0,0,0,0,0,1,0,0,0,0,0,1,0,0,0,1,0,2,0,59.51,-0.05999999999999517
4318-RAJVY,0,0,0,0,10,1,1,19.8,198.25,0,0,0,0,1,1,0,1,0,1,0,1,0,1,0,1,0,1,0,0,0,1,0,1,19.825,-0.02499999999999858
2165-VOEGB,0,0,0,1,46,1,1,105.2,4822.85,1,0,0,1,0,0,1,0,1,0,0,0,1,0,1,0,1,1,0,0,0,0,5,0,104.8445652173913,0.35543478260869676
3612-YUNGG,1,0,1,1,64,1,1,109.2,6741.15,0,0,1,1,0,0,0,0,1,0,1,0,1,0,1,0,1,0,1,1,0,0,5,0,105.33046875,3.8695312500000085
2254-DLXRI,0,0,0,0,1,1,1,79.15,79.15,0,0,1,1,0,0,0,0,1,0,0,0,0,0,0,0,0,0,0,0,0,1,1,1,79.15,0.0
5062-CJJKH,1,0,1,1,25,1,0,53.65,1355.45,0,0,0,0,0,0,0,0,1,0,1,0,0,0,0,0,0,1,0,0,0,1,2,0,54.218,-0.568000000000005
9028-LIHRP,1,0,1,1,71,1,0,100.2,7209.0,0,0,0,1,0,0,1,0,1,0,1,0,1,0,1,0,0,0,1,1,0,0,5,0,101.53521126760563,-1.3352112676056294
2219-MVUSO,1,0,0,0,8,1,1,45.15,438.4,1,0,0,0,0,0,0,0,0,0,0,0,0,0,0,0,0,0,0,0,0,1,0,1,54.8,-9.649999999999999
1053-MXTTK,0,0,1,1,72,1,1,108.65,7726.35,0,0,0,1,0,0,1,0,1,0,1,0,1,0,1,0,1,0,1,0,0,0,6,0,107.31041666666667,1.3395833333333371
1530-ZTDOZ,0,0,1,0,49,0,0,40.65,2070.75,0,1,0,0,0,0,1,0,0,0,0,0,0,0,1,0,0,0,0,0,0,0,2,0,42.26020408163265,-1.6102040816326522
1301-LOPVR,1,0,1,1,29,0,1,55.35,1636.95,0,1,0,0,0,0,1,0,1,0,1,0,1,0,0,0,1,1,0,1,0,0,5,0,56.44655172413793,-1.0965517241379317
0853-TWRVK,1,0,1,0,72,1,0,105.6,7581.5,0,0,1,1,0,0,1,0,1,0,1,0,1,0,0,0,1,0,1,0,0,0,5,0,105.29861111111111,0.30138888888888005
8914-RBTSB,1,0,1,0,31,1,0,93.8,3019.5,1,0,1,1,0,0,0,0,1,0,1,0,0,0,1,0,0,0,0,0,1,0,3,0,97.40322580645162,-3.6032258064516185
6212-ATMLK,0,0,0,0,50,1,1,95.7,4729.75,0,0,1,1,0,0,0,0,0,0,0,0,0,0,1,0,1,0,0,0,1,0,2,0,94.595,1.105000000000004
8200-LGKSR,1,0,1,0,71,1,0,83.2,6126.1,0,0,1,0,0,0,1,0,0,0,1,0,1,0,1,0,1,0,1,0,1,0,5,0,86.2830985915493,-3.0830985915493017
1568-BEKZM,1,1,1,0,70,1,0,90.05,6333.4,0,0,1,0,0,0,1,0,1,0,1,0,1,0,1,0,1,0,1,1,0,0,6,0,90.47714285714285,-0.4271428571428544
0670-ANMUU,1,0,0,0,71,1,0,97.65,6687.85,0,0,1,1,0,0,1,0,0,0,0,0,1,0,0,0,1,1,0,1,0,0,3,0,94.19507042253521,3.454929577464796
6897-RWMUB,1,0,1,1,61,1,1,68.05,4158.25,0,0,0,0,0,0,1,0,1,0,1,0,1,0,0,0,0,0,1,0,0,0,4,0,68.16803278688525,-0.11803278688525154
0963-ZBDRN,1,0,0,0,32,1,1,96.2,3183.4,1,0,0,1,0,0,0,0,0,0,0,0,1,0,1,0,1,0,0,0,1,0,3,0,99.48125,-3.28125
7594-RQHXR,0,0,0,1,1,1,1,79.6,79.6,1,0,0,1,0,0,0,0,0,0,0,0,0,0,0,0,1,0,0,0,1,0,1,1,79.6,0.0
6999-CHVCF,1,0,0,0,68,1,1,102.1,7149.35,0,0,1,1,0,0,1,0,1,0,1,0,0,0,0,0,1,0,1,0,0,0,4,0,105.1375,-3.0375000000000085
6134-KWTBV,1,0,0,0,62,1,0,23.4,1429.65,0,0,1,0,1,1,0,1,0,1,0,1,0,1,0,1,0,0,1,0,0,0,0,0,23.058870967741935,0.34112903225806335
1077-HUUJM,0,0,0,1,7,1,1,71.05,472.65,0,0,0,1,0,0,0,0,0,0,0,0,0,0,0,0,0,0,0,0,1,0,0,1,67.52142857142857,3.528571428571425
6331-EWIEB,1,0,0,0,20,1,1,85.25,1734.5,1,0,1,1,0,0,0,0,0,0,0,0,0,0,1,0,0,0,0,0,1,0,1,0,86.725,-1.4749999999999943
0895-LNKRC,1,0,1,1,6,1,0,19.45,113.5,0,0,0,0,1,1,0,1,0,1,0,1,0,1,0,1,0,1,0,0,0,1,0,1,18.916666666666668,0.5333333333333314
2045-BMBTJ,0,1,0,0,33,0,1,59.45,1884.65,0,1,0,0,0,0,1,0,1,0,1,0,0,0,1,0,1,0,0,0,0,0,5,0,57.11060606060607,2.3393939393939363
8417-GSODA,1,0,1,1,28,1,0,92.2,2568.15,0,0,1,1,0,0,0,0,0,0,0,0,0,0,1,0,1,1,0,0,0,0,2,0,91.71964285714286,0.4803571428571445
5171-EPLKN,1,0,0,0,27,1,0,19.85,470.0,0,0,0,0,1,1,0,1,0,1,0,1,0,1,0,1,0,0,1,1,0,0,0,0,17.40740740740741,2.442592592592593
4452-QIIEB,1,0,0,0,7,1,0,43.9,278.4,0,0,0,0,0,0,0,0,0,0,0,0,0,0,0,0,0,0,0,0,0,1,0,1,39.771428571428565,4.128571428571433
5998-VVEJY,1,0,0,0,26,1,1,80.5,2088.8,1,0,1,1,0,0,0,0,0,0,0,0,1,0,0,0,0,0,0,0,1,0,1,0,80.33846153846154,0.16153846153845564
1624-NALOJ,1,1,0,0,5,1,1,89.8,502.6,1,0,1,1,0,0,0,0,1,0,0,0,0,0,0,0,1,0,0,0,1,0,2,1,100.52000000000001,-10.720000000000013
6741-EGCBI,1,1,0,0,30,1,1,90.5,2595.85,0,0,1,1,0,0,1,0,0,0,0,0,0,0,0,0,1,0,0,1,0,0,2,0,86.52833333333334,3.971666666666664
7820-ZYGNY,1,0,0,0,63,1,0,90.45,5825.5,0,0,1,1,0,0,0,0,1,0,0,0,0,0,0,0,1,1,0,1,0,0,2,0,92.46825396825396,-2.0182539682539584
4317-VTEOA,1,0,0,0,1,1,1,50.75,50.75,1,0,0,0,0,0,0,0,1,0,0,0,0,0,0,0,0,0,0,0,1,0,1,1,50.75,0.0
9677-AVKED,0,0,0,1,53,1,1,84.6,4449.75,0,0,1,0,0,0,0,0,1,0,1,0,1,0,1,0,1,1,0,0,1,0,5,0,83.95754716981132,0.6424528301886738
1670-SVOWZ,0,0,1,1,14,1,1,89.65,1208.35,1,0,0,1,0,0,0,0,1,0,0,0,1,0,0,0,1,0,0,1,0,0,3,0,86.31071428571428,3.3392857142857224
2227-JRSJX,0,0,0,0,21,1,1,99.15,1956.4,0,0,0,1,0,0,0,0,1,0,0,0,1,0,1,0,1,0,0,0,0,0,4,0,93.16190476190476,5.988095238095241
9847-HNVGP,1,0,0,0,17,1,0,19.95,310.6,0,0,0,0,1,1,0,1,0,1,0,1,0,1,0,1,0,1,0,0,0,1,0,0,18.27058823529412,1.679411764705879
6696-YDAYZ,1,0,1,1,16,1,0,20.5,290.55,0,0,0,0,1,1,0,1,0,1,0,1,0,1,0,1,0,0,1,0,0,1,0,0,18.159375,2.3406249999999993
8980-WQFWL,0,0,0,0,35,1,1,62.1,2096.1,0,0,0,0,0,0,0,0,0,0,1,0,0,0,0,0,1,0,0,0,1,0,2,0,59.888571428571424,2.211428571428577
1730-ZMAME,0,1,0,0,32,1,1,79.5,2665.0,0,0,0,1,0,0,0,0,0,0,0,0,0,0,0,0,1,0,0,0,1,0,1,0,83.28125,-3.78125
6506-EYCNH,0,0,1,1,28,1,1,19.55,543.8,0,0,0,0,1,1,0,1,0,1,0,1,0,1,0,1,0,0,0,0,0,0,0,0,19.42142857142857,0.1285714285714299
4634-JLRJT,0,0,0,0,1,1,1,20.35,20.35,0,0,0,0,1,1,0,1,0,1,0,1,0,1,0,1,0,0,0,0,0,1,0,1,20.35,0.0
9501-UKKNL,1,0,0,0,59,0,1,51.7,3005.8,0,1,0,0,0,0,0,0,0,0,0,0,1,0,1,0,1,0,0,0,1,0,3,0,50.94576271186441,0.7542372881355917
2560-QTSBS,0,0,1,1,72,1,1,23.3,1623.15,0,0,1,0,1,1,0,1,0,1,0,1,0,1,0,1,0,1,0,0,0,0,0,0,22.543750000000003,0.7562499999999979
7541-YLXCL,1,0,0,0,36,1,1,65.4,2498.4,1,0,0,0,0,0,0,0,1,0,0,0,1,0,0,0,1,1,0,0,0,1,3,0,69.4,-4.0
4795-WRNVT,0,0,0,0,40,1,0,65.1,2586.0,0,0,0,0,0,0,1,0,1,0,0,0,0,0,1,0,0,0,0,0,0,1,3,0,64.65,0.44999999999998863
6080-TCMYC,1,0,1,1,40,1,1,81.2,3292.3,0,0,1,1,0,0,0,0,0,0,1,0,0,0,0,0,0,0,0,0,1,0,1,0,82.3075,-1.1075000000000017
0260-ZDLGK,0,0,0,1,9,1,1,72.9,651.4,1,0,0,0,0,0,0,0,0,0,1,0,1,0,1,0,1,0,0,0,0,1,4,1,72.37777777777778,0.5222222222222257
7860-UXCRM,1,0,1,1,63,1,0,74.5,4674.55,0,0,0,0,0,0,1,0,1,0,1,0,1,0,1,0,0,0,1,1,0,0,5,0,74.19920634920635,0.3007936507936506
6357-JJPQT,0,0,0,0,3,1,1,80.5,232.35,0,0,0,1,0,0,0,0,0,0,0,0,0,0,1,0,0,0,0,0,1,0,1,1,77.45,3.049999999999997
2292-XQWSV,1,0,1,1,40,0,0,60.3,2448.5,0,1,0,0,0,0,0,0,1,0,1,0,1,0,1,0,1,1,0,0,0,1,5,0,61.2125,-0.9125000000000014
9552-TGUZV,1,0,1,0,8,1,1,75.0,658.1,0,0,0,1,0,0,1,0,0,0,0,0,0,0,0,0,0,0,0,0,0,1,1,1,82.2625,-7.262500000000003
5913-INRQV,1,1,1,0,34,1,0,90.15,3128.8,0,0,0,1,0,0,1,0,0,0,0,0,1,0,1,0,0,1,0,0,0,1,3,0,92.02352941176471,-1.8735294117647072
8722-NGNBH,1,0,0,0,5,0,0,40.0,223.45,1,1,0,0,0,0,1,0,0,0,1,0,1,0,0,0,0,0,0,0,0,1,3,1,44.69,-4.689999999999998
6210-KBBPI,1,1,0,0,9,1,1,99.45,919.4,1,0,1,1,0,0,0,0,1,0,0,0,0,0,1,0,1,0,0,1,0,0,3,1,102.15555555555555,-2.7055555555555486
9643-YBLUR,1,0,1,0,9,1,1,69.05,653.95,0,0,1,0,0,0,0,0,1,0,1,0,0,0,0,0,1,0,0,1,0,0,3,1,72.66111111111111,-3.6111111111111143
8734-FNWVH,1,0,1,1,31,1,0,59.7,1825.5,0,0,1,0,0,0,0,0,0,0,0,0,0,0,0,0,1,0,0,0,0,0,1,0,58.88709677419355,0.8129032258064512
9447-YPTBX,0,0,1,0,50,1,1,19.85,943.1,0,0,0,0,1,1,0,1,0,1,0,1,0,1,0,1,0,1,0,0,0,0,0,0,18.862000000000002,0.9879999999999995
0133-BMFZO,0,0,0,0,2,1,1,86.25,181.65,1,0,0,1,0,0,1,0,1,0,0,0,1,0,0,0,0,0,0,0,1,0,3,1,90.825,-4.575000000000003
6128-CZOMY,0,0,0,0,1,1,1,45.65,45.65,1,0,0,0,0,0,0,0,0,0,0,0,0,0,0,0,0,0,0,0,1,0,0,1,45.65,0.0
9540-JYROE,1,0,0,0,8,1,1,70.1,551.35,1,0,0,1,0,0,0,0,0,0,0,0,0,0,0,0,0,0,0,0,0,1,0,1,68.91875,1.1812499999999915
9026-LHEVG,0,0,0,0,9,0,0,40.75,359.4,0,1,0,0,0,0,0,0,1,0,0,0,0,0,0,0,1,0,0,0,1,0,2,1,39.93333333333333,0.81666666666667
2260-USTRB,0,1,0,0,2,1,1,70.2,115.95,1,0,0,1,0,0,0,0,0,0,0,0,0,0,0,0,0,0,0,0,0,0,0,1,57.975,12.225000000000001
3656-TKRVZ,0,0,0,0,3,1,0,55.35,165.2,1,0,0,0,0,0,1,0,1,0,0,0,0,0,0,0,0,0,0,0,1,0,2,1,55.06666666666666,0.28333333333333854
7011-CVEUC,1,0,1,0,25,1,1,95.7,2338.35,0,0,0,1,0,0,0,0,0,0,0,0,1,0,1,0,1,0,0,1,0,0,3,0,93.53399999999999,2.166000000000011
6185-TASNN,1,1,0,0,1,1,0,46.3,46.3,0,0,0,0,0,0,0,0,0,0,0,0,0,0,0,0,0,0,0,0,1,0,0,1,46.3,0.0
7925-PNRGI,0,0,1,1,45,1,0,81.3,3541.1,0,0,1,0,0,0,1,0,1,0,1,0,1,0,1,0,0,0,0,0,0,1,5,0,78.69111111111111,2.6088888888888846
8623-TMRBY,1,1,1,1,51,1,1,84.2,4146.05,1,0,1,1,0,0,0,0,1,0,1,0,0,0,0,0,0,0,0,0,1,0,2,0,81.29509803921569,2.904901960784315
1552-CZCLL,0,0,1,1,55,1,0,20.0,1087.25,0,0,0,0,1,1,0,1,0,1,0,1,0,1,0,1,0,0,0,1,0,0,0,0,19.76818181818182,0.2318181818181806
3038-PQIUY,0,0,0,0,38,1,1,66.15,2522.4,0,0,1,0,0,0,1,0,1,0,1,0,0,0,0,0,0,0,0,0,0,0,3,0,66.37894736842105,-0.22894736842104635
1501-SGHBW,1,0,0,0,2,1,0,45.85,81.0,1,0,0,0,0,0,0,0,0,0,0,0,0,0,0,0,0,0,0,0,0,1,0,1,40.5,5.350000000000001
9313-CDOGY,1,0,1,1,38,1,0,19.6,717.3,0,0,0,0,1,1,0,1,0,1,0,1,0,1,0,1,0,0,0,0,1,0,0,0,18.876315789473683,0.7236842105263186
8148-BPLZQ,1,0,0,0,34,1,1,49.8,1734.2,0,0,0,0,0,0,0,0,1,0,0,0,0,0,0,0,0,0,0,0,1,0,1,0,51.00588235294118,-1.205882352941181
2623-DRYAM,0,0,1,0,70,1,1,101.75,7069.3,0,0,1,1,0,0,0,0,0,0,1,0,0,0,1,0,1,1,0,0,1,0,3,0,100.99000000000001,0.7599999999999909
9987-LUTYD,0,0,0,0,13,1,0,55.15,742.9,0,0,0,0,0,0,1,0,0,0,0,0,1,0,0,0,0,1,0,0,0,1,2,0,57.146153846153844,-1.9961538461538453
3208-YPIOE,1,0,0,0,39,1,0,75.25,3017.65,1,0,1,1,0,0,0,0,0,0,0,0,0,0,0,0,0,0,0,0,1,0,0,0,77.37564102564103,-2.1256410256410305
4488-KQFDT,0,0,0,0,61,1,1,103.95,6423.0,0,0,1,1,0,0,0,0,1,0,1,0,0,0,1,0,1,1,0,0,1,0,4,0,105.29508196721312,-1.345081967213119
2612-RANWT,0,0,0,0,12,1,1,100.15,1164.3,1,0,1,1,0,0,0,0,0,0,1,0,0,0,1,0,1,0,0,0,0,0,3,1,97.02499999999999,3.125000000000014
5693-PIPCS,1,0,0,0,41,1,1,99.65,4220.35,0,0,0,1,0,0,0,0,1,0,0,0,1,0,1,0,1,0,1,1,0,0,4,0,102.93536585365854,-3.285365853658533
0491-KAPQG,1,0,0,0,21,1,1,73.7,1558.7,0,0,1,1,0,0,0,0,0,0,0,0,0,0,0,0,0,0,0,0,1,0,0,0,74.22380952380952,-0.5238095238095184
1925-LFCZZ,1,1,0,0,55,0,1,50.05,2743.45,0,1,0,0,0,0,0,0,0,0,1,0,0,0,1,0,1,1,0,0,0,0,3,0,49.880909090909086,0.16909090909091162
8039-EQPIM,1,0,1,0,69,0,0,60.25,4055.5,0,1,0,0,0,0,1,0,0,0,1,0,1,0,1,0,1,0,1,0,0,0,5,0,58.77536231884058,1.4746376811594217
6900-PXRMS,1,1,1,1,26,1,0,105.75,2710.25,1,0,1,1,0,0,0,0,1,0,1,0,0,0,1,0,1,0,0,0,1,0,4,0,104.24038461538461,1.5096153846153868
8707-RMEZH,0,1,1,0,69,1,0,87.3,6055.55,0,0,0,1,0,0,1,0,1,0,0,0,0,0,0,0,1,1,0,1,0,0,3,0,87.76159420289855,-0.4615942028985529
3346-BRMIS,0,1,1,0,18,0,1,48.35,810.7,1,1,0,0,0,0,0,0,0,0,1,0,0,0,1,0,1,0,0,0,1,0,3,0,45.03888888888889,3.31111111111111
3209-ZPKFI,1,0,1,1,47,1,0,54.25,2538.2,0,0,1,0,0,0,0,0,1,0,0,0,0,0,0,0,0,0,0,0,1,0,1,0,54.00425531914893,0.24574468085106815
6479-VDGRK,0,0,1,1,72,1,0,85.3,6129.2,0,0,0,0,0,0,1,0,1,0,1,0,1,0,1,0,1,0,1,0,0,0,6,0,85.12777777777778,0.17222222222221717
9373-WSLOY,1,1,1,0,33,0,1,50.0,1750.85,0,1,0,0,0,0,0,0,1,0,1,0,1,0,1,0,0,0,0,0,1,0,4,0,53.056060606060605,-3.056060606060605
2933-FILNV,0,0,1,1,2,0,1,24.4,36.55,1,1,0,0,0,0,0,0,0,0,0,0,0,0,0,0,0,0,0,0,0,1,0,1,18.275,6.125
3569-JFODW,0,0,1,1,72,1,0,90.95,6652.45,0,0,1,0,0,0,1,0,1,0,1,0,1,0,1,0,1,0,1,1,0,0,6,0,92.39513888888888,-1.4451388888888772
9819-FBNSV,1,1,1,0,37,1,1,72.25,2575.45,0,0,0,1,0,0,0,0,0,0,0,0,0,0,0,0,0,0,0,0,0,0,0,0,69.60675675675675,2.6432432432432478
9544-PYPSJ,0,1,1,1,62,1,1,96.1,6019.35,0,0,1,1,0,0,0,0,1,0,1,0,0,0,0,0,1,0,0,1,0,0,3,0,97.08629032258065,-0.9862903225806576
1591-XWLGB,0,0,1,0,71,1,0,19.85,1379.6,0,0,0,0,1,1,0,1,0,1,0,1,0,1,0,1,0,0,1,1,0,0,0,0,19.430985915492958,0.4190140845070438
0396-UKGAI,1,0,0,1,23,1,1,55.3,1284.2,0,0,0,0,0,0,0,0,1,0,0,0,1,0,0,0,0,0,0,0,0,0,2,0,55.834782608695654,-0.5347826086956573
3243-ZHOHY,0,0,0,0,16,1,0,20.1,296.15,0,0,0,0,1,1,0,1,0,1,0,1,0,1,0,1,0,1,0,0,0,1,0,0,18.509375,1.5906250000000028
5186-EJEGL,1,0,0,0,9,1,1,69.5,653.25,0,0,0,0,0,0,1,0,0,0,1,0,1,0,1,0,0,0,0,0,0,1,4,1,72.58333333333333,-3.0833333333333286
7527-QNRUS,1,0,1,1,17,1,1,25.15,412.6,0,0,1,0,1,1,0,1,0,1,0,1,0,1,0,1,0,0,1,0,0,1,0,0,24.27058823529412,0.8794117647058783
9986-BONCE,0,0,0,0,4,1,0,20.95,85.5,1,0,0,0,1,1,0,1,0,1,0,1,0,1,0,1,0,0,0,0,0,0,0,1,21.375,-0.4250000000000007
2722-JMONI,0,1,1,0,1,1,1,49.55,49.55,1,0,0,0,0,0,1,0,0,0,0,0,0,0,0,0,0,0,0,0,1,0,1,1,49.55,0.0
2203-GHNWN,0,0,1,0,24,1,1,79.65,1928.7,0,0,1,1,0,0,0,0,0,0,1,0,0,0,0,0,0,0,0,0,0,1,1,0,80.3625,-0.7124999999999915
3878-AVSOQ,0,1,0,0,1,1,1,71.25,71.25,0,0,0,1,0,0,0,0,0,0,0,0,0,0,0,0,0,0,0,0,1,0,0,1,71.25,0.0
3258-SYSWS,1,1,0,0,72,1,0,113.8,7845.8,0,0,1,1,0,0,1,0,1,0,1,0,1,0,1,0,1,0,1,0,0,0,6,0,108.96944444444445,4.830555555555549
5296-PSYVW,0,0,1,0,72,1,0,24.55,1750.7,0,0,1,0,1,1,0,1,0,1,0,1,0,1,0,1,0,0,1,0,1,0,0,0,24.31527777777778,0.23472222222222072
6319-QSUSR,0,0,0,1,11,1,0,19.7,216.2,0,0,0,0,1,1,0,1,0,1,0,1,0,1,0,1,0,0,0,1,0,0,0,1,19.654545454545453,0.045454545454546746
4083-EUGRJ,1,0,0,0,9,1,0,20.25,178.5,1,0,0,0,1,1,0,1,0,1,0,1,0,1,0,1,0,0,0,0,0,1,0,1,19.833333333333332,0.41666666666666785
7579-OOPEC,0,1,1,0,2,1,0,50.15,115.1,1,0,0,0,0,0,0,0,1,0,0,0,0,0,0,0,0,0,0,1,0,0,1,1,57.55,-7.399999999999999
0512-FLFDW,0,1,1,0,60,1,1,100.5,6029.0,0,0,1,1,0,0,0,0,0,0,1,0,0,0,1,0,1,1,0,1,0,0,3,0,100.48333333333333,0.01666666666666572
1771-OADNZ,1,1,1,0,29,1,1,95.9,2745.2,1,0,1,1,0,0,0,0,1,0,1,0,0,0,0,0,1,0,0,0,1,0,3,0,94.66206896551724,1.23793103448277
0487-CRLZF,0,0,0,0,49,1,1,74.45,3721.9,0,0,0,0,0,0,0,0,0,0,1,0,1,0,1,0,1,0,1,0,0,0,4,0,75.95714285714286,-1.5071428571428527
2107-FBPTK,0,1,0,0,30,1,1,104.1,3121.1,0,0,1,1,0,0,0,0,1,0,1,0,0,0,1,0,1,0,0,0,1,0,4,0,104.03666666666666,0.06333333333333258
9451-WLYRI,0,0,1,0,53,1,0,19.05,990.45,0,0,0,0,1,1,0,1,0,1,0,1,0,1,0,1,0,1,0,1,0,0,0,0,18.687735849056605,0.36226415094339615
8219-VYBVI,1,0,0,1,39,1,0,25.0,1004.35,0,0,1,0,1,1,0,1,0,1,0,1,0,1,0,1,0,0,1,0,0,1,0,0,25.752564102564104,-0.7525641025641043
1991-VOPLL,0,0,0,0,9,1,0,19.05,157.65,0,0,0,0,1,1,0,1,0,1,0,1,0,1,0,1,0,0,0,0,0,1,0,1,17.516666666666666,1.533333333333335
9738-QLWTP,1,0,0,0,39,1,0,81.9,3219.75,0,0,0,1,0,0,0,0,0,0,1,0,1,0,0,0,0,1,0,0,1,0,2,0,82.5576923076923,-0.6576923076923009
1016-DJTSV,1,1,0,0,8,1,1,69.7,572.85,0,0,0,1,0,0,0,0,0,0,0,0,0,0,0,0,0,0,0,0,1,0,0,1,71.60625,-1.90625
9419-IPPBE,0,0,1,1,51,1,1,90.15,4554.85,0,0,1,1,0,0,0,0,0,0,1,0,0,0,0,0,1,1,0,0,1,0,2,0,89.31078431372549,0.8392156862745139
0174-QRVVY,1,0,1,1,71,1,0,25.35,1847.55,0,0,1,0,1,1,0,1,0,1,0,1,0,1,0,1,0,0,1,1,0,0,0,0,26.021830985915493,-0.6718309859154914
5699-BNCAS,1,1,0,0,71,1,1,24.65,1766.75,0,0,1,0,1,1,0,1,0,1,0,1,0,1,0,1,0,0,1,0,0,1,0,0,24.883802816901408,-0.23380281690140947
2900-PHPLN,0,1,1,0,70,1,1,19.55,1462.05,0,0,0,0,1,1,0,1,0,1,0,1,0,1,0,1,0,0,1,1,0,0,0,0,20.88642857142857,-1.33642857142857
0612-RTZZA,0,1,0,0,1,0,0,25.25,25.25,1,1,0,0,0,0,0,0,0,0,0,0,0,0,0,0,0,0,0,0,1,0,0,1,25.25,0.0
8106-GWQOK,1,0,1,0,38,0,1,60.0,2193.2,0,1,0,0,0,0,1,0,1,0,0,0,1,0,1,0,1,0,1,0,0,0,5,0,57.715789473684204,2.284210526315796
8751-EDEKA,0,0,1,0,28,1,0,89.9,2433.5,0,0,0,1,0,0,0,0,1,0,1,0,0,0,0,0,1,0,0,1,0,0,3,0,86.91071428571429,2.989285714285714
6878-GGDWG,0,0,1,0,32,1,0,19.4,641.15,0,0,0,0,1,1,0,1,0,1,0,1,0,1,0,1,0,0,0,0,0,0,0,0,20.0359375,-0.6359375000000007
4039-PIMHX,1,1,1,0,49,1,0,49.8,2398.4,0,0,0,0,0,0,0,0,1,0,0,0,0,0,0,0,0,0,1,0,0,1,1,0,48.946938775510205,0.8530612244897924
8450-LUGUK,0,0,1,1,37,1,1,24.1,861.85,0,0,1,0,1,1,0,1,0,1,0,1,0,1,0,1,0,0,1,0,0,0,0,0,23.293243243243243,0.8067567567567586
3604-WLABM,0,0,0,0,10,1,0,54.25,583.0,0,0,0,0,0,0,0,0,0,0,1,0,1,0,0,0,0,0,0,0,1,0,2,1,58.3,-4.049999999999997
0795-GMVQO,1,0,1,0,67,1,0,109.9,7332.4,0,0,1,1,0,0,1,0,1,0,1,0,0,0,1,0,1,1,0,1,0,0,5,0,109.43880597014925,0.4611940298507591
2259-OUUSZ,1,0,0,0,7,0,1,35.5,249.55,0,1,0,0,0,0,0,0,0,0,1,0,1,0,0,0,0,1,0,1,0,0,2,1,35.65,-0.14999999999999858
1142-IHLOO,0,0,0,0,51,1,0,87.55,4475.9,0,0,0,1,0,0,0,0,0,0,0,0,0,0,1,0,1,1,0,1,0,0,2,0,87.7627450980392,-0.21274509803920694
6410-LEFEN,0,0,0,0,9,1,0,45.15,416.45,1,0,0,0,0,0,0,0,0,0,0,0,0,0,0,0,0,0,0,0,1,0,0,1,46.27222222222222,-1.12222222222222
4633-MKHYU,0,0,0,0,9,1,1,88.4,788.6,0,0,0,1,0,0,0,0,0,0,0,0,0,0,1,0,1,0,0,0,0,1,2,1,87.62222222222222,0.7777777777777857
6257-RJOHI,1,0,0,0,4,1,1,50.8,202.3,0,0,0,0,0,0,0,0,0,0,0,0,1,0,0,0,0,0,0,0,0,1,1,1,50.575,0.22499999999999432
1545-JFUML,1,0,1,0,71,1,1,99.0,6994.6,0,0,1,1,0,0,1,0,1,0,1,0,0,0,1,0,0,0,1,0,1,0,4,0,98.51549295774649,0.4845070422535116
3194-ORPIK,0,0,1,1,50,1,1,84.4,4116.15,1,0,1,1,0,0,0,0,0,0,0,0,0,0,1,0,0,0,0,0,0,0,1,0,82.323,2.0770000000000124
7826-VVKWT,0,1,1,1,24,1,1,96.55,2263.45,0,0,0,1,0,0,0,0,0,0,1,0,0,0,1,0,1,0,1,0,1,0,3,0,94.31041666666665,2.239583333333343
1353-GHZOS,1,0,1,0,22,1,1,59.75,1374.35,0,0,0,0,0,0,1,0,0,0,0,0,0,0,1,0,0,1,0,0,0,0,2,0,62.470454545454544,-2.720454545454544
2587-EKXTS,1,0,0,0,44,1,1,111.5,4915.15,0,0,1,1,0,0,1,0,1,0,1,0,0,0,1,0,1,0,0,0,1,0,5,0,111.70795454545454,-0.20795454545454106
5442-BXVND,0,0,1,1,33,1,0,24.25,838.5,0,0,1,0,1,1,0,1,0,1,0,1,0,1,0,1,0,0,0,0,0,0,0,0,25.40909090909091,-1.15909090909091
8816-VXNZD,0,0,0,0,1,1,1,75.1,75.1,1,0,1,1,0,0,0,0,0,0,0,0,0,0,0,0,0,0,0,0,1,0,0,1,75.1,0.0
9378-FXTIZ,0,0,1,0,54,1,1,70.15,3715.65,1,0,1,0,0,0,0,0,0,0,0,0,0,0,1,0,1,1,0,1,0,0,2,0,68.80833333333334,1.3416666666666686
1723-HKXJQ,1,0,0,0,42,1,1,101.75,4273.45,1,0,1,1,0,0,0,0,1,0,0,0,0,0,1,0,1,0,0,0,1,0,3,0,101.74880952380951,0.0011904761904872885
7825-GKXMW,0,0,0,0,1,1,0,45.8,45.8,1,0,0,0,0,0,0,0,0,0,0,0,0,0,0,0,0,0,0,0,1,0,0,1,45.8,0.0
9753-OYLBX,0,0,0,0,1,1,0,20.5,20.5,0,0,0,0,1,1,0,1,0,1,0,1,0,1,0,1,0,0,0,0,0,1,0,1,20.5,0.0
2364-UFROM,1,0,0,0,30,1,0,70.4,2044.75,0,0,0,0,0,0,1,0,1,0,0,0,1,0,1,0,0,1,0,0,1,0,4,0,68.15833333333333,2.2416666666666742
6656-JWRQX,0,0,0,0,1,0,0,30.55,30.55,0,1,0,0,0,0,0,0,0,0,0,0,1,0,0,0,0,0,0,0,0,1,1,1,30.55,0.0
6473-ULUHT,1,0,1,1,16,1,0,84.9,1398.25,0,0,1,0,0,0,1,0,1,0,0,0,1,0,1,0,1,0,0,0,1,0,5,0,87.390625,-2.4906249999999943
1240-KNSEZ,1,0,0,0,1,1,1,20.1,20.1,1,0,0,0,1,1,0,1,0,1,0,1,0,1,0,1,0,0,0,0,0,1,0,1,20.1,0.0
0836-SEYLU,1,0,1,0,9,0,0,40.65,328.95,1,1,0,0,0,0,0,0,0,0,0,0,1,0,1,0,0,0,0,0,0,1,2,1,36.55,4.100000000000001
4433-JCGCG,1,1,1,0,46,1,1,101.0,4680.05,1,0,1,1,0,0,0,0,0,0,1,0,0,0,1,0,1,0,0,0,1,0,3,0,101.74021739130436,-0.7402173913043555
3716-BDVDB,1,0,0,0,1,1,1,69.1,69.1,1,0,0,1,0,0,0,0,0,0,0,0,0,0,0,0,0,0,0,0,1,0,0,1,69.1,0.0
7688-AWMDX,1,0,1,0,71,1,0,54.5,3778.2,0,0,0,0,0,0,1,0,0,0,0,0,1,0,0,0,0,0,1,0,0,0,2,0,53.21408450704225,1.2859154929577485
2842-BCQGE,1,0,0,0,43,1,1,75.35,3161.4,0,0,1,1,0,0,0,0,0,0,0,0,0,0,0,0,0,0,0,1,0,0,0,0,73.52093023255814,1.829069767441851
7244-QWYHG,1,0,1,0,50,0,1,44.45,2188.45,0,1,0,0,0,0,1,0,0,0,0,0,1,0,1,0,0,1,0,0,0,0,3,0,43.769,0.6810000000000045
5899-MQZZL,0,0,0,0,13,1,1,75.0,999.45,1,0,1,1,0,0,0,0,0,0,0,0,0,0,0,0,0,0,0,0,0,1,0,0,76.88076923076923,-1.880769230769232
6849-OYAMU,1,0,1,1,19,1,0,100.0,1888.65,1,0,0,1,0,0,0,0,1,0,0,0,1,0,1,0,1,1,0,0,0,0,4,0,99.40263157894738,0.5973684210526216
5312-UXESG,0,0,0,0,41,1,0,98.05,3990.6,0,0,1,1,0,0,0,0,0,0,1,0,0,0,1,0,1,0,0,0,0,0,3,0,97.33170731707317,0.7182926829268297
9488-HGMJH,0,1,0,0,1,1,1,71.15,71.15,1,0,0,1,0,0,0,0,0,0,0,0,0,0,0,0,0,0,0,0,1,0,0,1,71.15,0.0
6038-GCYEC,0,0,0,0,24,0,1,54.15,1240.25,1,1,0,0,0,0,0,0,1,0,1,0,0,0,1,0,1,0,0,1,0,0,4,0,51.677083333333336,2.472916666666663
2150-WLKUW,0,0,1,0,40,1,0,63.9,2635.0,0,0,1,0,0,0,0,0,1,0,0,0,0,0,1,0,0,1,0,0,0,0,2,0,65.875,-1.9750000000000014
7159-FVYPK,0,0,1,1,3,1,1,69.15,235.0,0,0,1,0,0,0,0,0,1,0,1,0,0,0,1,0,0,0,0,0,0,0,3,1,78.33333333333333,-9.183333333333323
7032-LMBHI,0,0,0,0,37,1,0,64.65,2347.85,0,0,1,0,0,0,1,0,0,0,0,0,0,0,1,0,0,1,0,0,0,0,2,0,63.4554054054054,1.194594594594605
1150-WFARN,0,0,1,1,67,1,1,108.75,7156.2,1,0,1,1,0,0,1,0,0,0,1,0,1,0,1,0,1,0,1,1,0,0,5,0,106.80895522388059,1.941044776119412
6088-BXMRG,0,0,1,1,32,1,1,98.85,3089.6,0,0,1,1,0,0,0,0,1,0,0,0,0,0,1,0,1,0,0,0,1,0,3,0,96.55,2.299999999999997
3144-AUDBS,0,0,1,0,6,1,1,49.15,270.8,1,0,0,0,0,0,0,0,0,0,0,0,1,0,0,0,0,0,0,0,1,0,1,1,45.13333333333333,4.016666666666666
4821-SJHJV,0,0,1,1,32,1,0,89.6,2901.8,0,0,1,1,0,0,1,0,0,0,0,0,0,0,1,0,0,0,0,0,1,0,2,0,90.68125,-1.0812500000000114
7346-MEDWM,0,0,0,0,59,1,1,83.25,4949.1,0,0,1,1,0,0,0,0,1,0,1,0,0,0,0,0,0,0,0,0,1,0,2,0,83.88305084745764,-0.6330508474576391
1137-DGOWI,0,0,1,0,30,1,0,70.25,2198.9,0,0,0,0,0,0,0,0,1,0,1,0,1,0,0,0,1,1,0,0,0,0,4,0,73.29666666666667,-3.046666666666667
5616-PRTNT,1,0,0,1,20,1,1,19.4,374.5,1,0,0,0,1,1,0,1,0,1,0,1,0,1,0,1,0,0,0,0,1,0,0,0,18.725,0.6749999999999972
3812-LRZIR,0,0,1,1,27,1,0,24.5,761.95,0,0,1,0,1,1,0,1,0,1,0,1,0,1,0,1,0,0,1,0,1,0,0,0,28.22037037037037,-3.7203703703703717
4818-QIUFN,0,1,0,0,20,1,1,79.15,1520.9,1,0,1,1,0,0,1,0,0,0,0,0,0,0,0,0,0,0,0,0,1,0,1,0,76.045,3.105000000000004
9483-GCPWE,1,0,0,1,9,1,0,20.1,190.25,0,0,0,0,1,1,0,1,0,1,0,1,0,1,0,1,0,1,0,0,0,1,0,1,21.13888888888889,-1.0388888888888879
4227-OJHAL,0,0,1,1,68,1,1,73.0,5163.0,0,0,1,0,0,0,1,0,1,0,1,0,0,0,1,0,0,1,0,1,0,0,4,0,75.92647058823529,-2.92647058823529
9220-CXRSC,0,0,1,1,69,1,0,61.4,4059.85,0,0,1,0,0,0,1,0,0,0,0,0,1,0,0,0,0,0,1,1,0,0,2,0,58.83840579710145,2.5615942028985472
4993-JCRGJ,1,0,0,0,26,1,1,84.3,2281.6,0,0,1,1,0,0,0,0,0,0,1,0,1,0,0,0,0,0,0,0,0,1,2,0,87.75384615384615,-3.4538461538461576
9537-JALFH,1,0,1,1,69,1,0,19.9,1356.7,0,0,0,0,1,1,0,1,0,1,0,1,0,1,0,1,0,0,1,0,0,0,0,0,19.66231884057971,0.237681159420287
6698-OXETB,1,0,0,0,11,1,0,20.4,231.45,0,0,0,0,1,1,0,1,0,1,0,1,0,1,0,1,0,0,1,0,0,1,0,1,21.04090909090909,-0.6409090909090907
2103-ZRXFN,1,0,0,0,1,1,0,50.75,50.75,0,0,1,0,0,0,0,0,0,0,0,0,0,0,0,0,0,0,0,0,0,1,0,1,50.75,0.0
3724-BSCVH,1,0,1,1,10,1,0,20.45,242.4,0,0,0,0,1,1,0,1,0,1,0,1,0,1,0,1,0,1,0,0,0,1,0,1,24.240000000000002,-3.7900000000000027
4877-TSOFF,0,0,1,1,55,1,1,75.75,4264.25,0,0,1,0,0,0,1,0,1,0,0,0,1,0,0,0,1,1,0,0,0,0,4,0,77.53181818181818,-1.7818181818181813
9209-NWPGU,1,0,0,0,44,1,0,65.4,2774.55,0,0,0,0,0,0,1,0,0,0,0,0,1,0,1,0,0,1,0,0,1,0,3,0,63.05795454545455,2.342045454545456
6961-VCPMC,1,1,1,0,46,1,1,80.4,3605.2,1,0,0,1,0,0,0,0,0,0,0,0,0,0,0,0,1,0,0,0,1,0,1,0,78.37391304347825,2.026086956521752
7306-YDSOI,1,0,1,1,69,1,1,59.75,4069.9,0,0,0,0,0,0,1,0,1,0,1,0,0,0,0,0,0,0,1,0,0,0,3,0,58.984057971014494,0.7659420289855063
5288-AHOUP,1,1,0,0,11,1,1,78.5,874.2,0,0,0,1,0,0,0,0,0,0,0,0,0,0,0,0,1,0,0,0,1,0,1,1,79.47272727272728,-0.9727272727272833
6688-UZPWD,0,0,1,0,11,1,1,102.0,1145.35,1,0,1,1,0,0,0,0,1,0,0,0,0,0,1,0,1,0,0,0,1,0,3,1,104.12272727272726,-2.1227272727272606
0655-YDGFJ,1,0,0,0,29,1,0,48.95,1323.7,0,0,0,0,0,0,0,0,0,0,1,0,0,0,0,0,0,0,0,0,0,0,1,0,45.6448275862069,3.305172413793102
8468-EHYJA,0,0,1,0,57,1,1,99.65,5497.05,0,0,1,1,0,0,1,0,0,0,0,0,0,0,1,0,1,0,0,0,1,0,3,0,96.43947368421053,3.2105263157894797
6823-SIDFQ,1,0,0,0,28,1,0,18.25,534.7,0,0,0,0,1,1,0,1,0,1,0,1,0,1,0,1,0,1,0,1,0,0,0,0,19.09642857142857,-0.8464285714285715
1097-FSPVW,0,0,0,0,42,1,0,54.55,2455.05,0,0,0,0,0,0,1,0,0,0,1,0,0,0,0,0,0,0,0,1,0,0,2,0,58.453571428571436,-3.903571428571439
2839-RFSQE,0,0,0,0,2,1,0,20.65,38.7,1,0,0,0,1,1,0,1,0,1,0,1,0,1,0,1,0,0,0,0,0,1,0,1,19.35,1.2999999999999972
8328-SKJNO,1,0,0,1,23,0,0,40.65,947.4,0,1,0,0,0,0,1,0,1,0,0,0,1,0,0,0,0,1,0,0,0,0,3,0,41.19130434782608,-0.5413043478260846
7010-ZMVBF,0,0,1,1,18,1,0,20.45,357.0,0,0,0,0,1,1,0,1,0,1,0,1,0,1,0,1,0,0,0,0,0,1,0,0,19.833333333333332,0.6166666666666671
5201-CBWYG,1,0,1,1,62,1,0,24.8,1476.25,0,0,1,0,1,1,0,1,0,1,0,1,0,1,0,1,0,1,0,0,0,0,0,0,23.81048387096774,0.9895161290322605
0968-GSIKN,0,0,0,0,1,1,1,70.8,70.8,1,0,0,1,0,0,0,0,0,0,0,0,0,0,0,0,0,0,0,0,0,1,0,1,70.8,0.0
1965-DDBWU,1,0,0,0,16,1,1,89.05,1448.6,1,0,1,1,0,0,0,0,0,0,0,0,1,0,0,0,1,0,0,1,0,0,2,0,90.5375,-1.4874999999999972
9057-SIHCH,0,0,0,0,3,1,1,96.6,291.9,1,0,1,1,0,0,0,0,0,0,0,0,0,0,1,0,1,0,0,0,1,0,2,1,97.3,-0.7000000000000028
6352-GIGGQ,1,0,0,0,67,1,1,88.8,5903.15,0,0,1,0,0,0,1,0,1,0,1,0,1,0,1,0,1,1,0,0,0,0,6,0,88.10671641791045,0.6932835820895491
3635-QQRQD,1,0,0,0,62,1,1,20.05,1201.65,0,0,0,0,1,1,0,1,0,1,0,1,0,1,0,1,0,0,1,1,0,0,0,0,19.381451612903227,0.6685483870967737
6771-XWBDM,0,0,1,0,57,1,1,104.5,5921.35,1,0,1,1,0,0,0,0,1,0,1,0,0,0,1,0,1,0,0,1,0,0,4,0,103.88333333333334,0.61666666666666
2897-DOVND,1,0,0,0,2,1,1,69.8,146.65,0,0,0,1,0,0,0,0,0,0,0,0,0,0,0,0,0,0,0,0,1,0,0,1,73.325,-3.5250000000000057
3082-YVEKW,0,0,1,1,23,1,1,77.15,1759.4,0,0,1,0,0,0,1,0,0,0,1,0,1,0,1,0,0,0,1,0,0,0,4,0,76.49565217391304,0.654347826086962
0191-EQUUH,0,0,0,1,25,0,0,35.05,844.45,0,1,0,0,0,0,1,0,0,0,0,0,1,0,0,0,0,0,1,0,0,0,2,0,33.778,1.2719999999999985
7134-HBPBS,0,1,0,0,72,1,1,108.1,7774.05,0,0,1,1,0,0,0,0,1,0,1,0,1,0,1,0,1,0,1,0,0,0,5,0,107.97291666666666,0.12708333333333144
3489-HHPFY,0,0,1,0,2,1,1,84.05,134.05,0,0,1,1,0,0,0,0,0,0,0,0,0,0,1,0,0,0,0,0,1,0,1,1,67.025,17.02499999999999
2926-JEJJC,0,0,0,0,8,1,1,20.2,140.95,0,0,0,0,1,1,0,1,0,1,0,1,0,1,0,1,0,1,0,0,0,0,0,1,17.61875,2.5812500000000007
8601-QACRS,0,0,0,0,5,1,1,50.6,249.95,1,0,1,0,0,0,0,0,0,0,0,0,0,0,0,0,0,0,0,0,0,1,0,1,49.989999999999995,0.6100000000000065
4950-BDEUX,1,0,0,0,35,0,0,49.2,1701.65,0,1,0,0,0,0,0,0,0,0,1,0,0,0,1,0,1,0,0,0,1,0,3,0,48.61857142857143,0.5814285714285745
5789-LDFXO,1,0,0,0,24,1,0,24.6,592.65,0,0,1,0,1,1,0,1,0,1,0,1,0,1,0,1,0,1,0,0,1,0,0,0,24.693749999999998,-0.09374999999999645
0508-OOLTO,0,0,1,1,2,1,1,71.65,135.75,0,0,0,1,0,0,0,0,0,0,0,0,0,0,0,0,0,0,0,0,1,0,0,1,67.875,3.7750000000000057
2984-TBYKU,1,0,1,1,72,1,1,104.9,7732.65,0,0,1,1,0,0,1,0,1,0,1,0,1,0,0,0,1,0,1,1,0,0,5,0,107.39791666666666,-2.4979166666666544
9822-WMWVG,0,0,0,0,41,1,1,106.5,4282.4,0,0,1,1,0,0,1,0,1,0,1,0,1,0,1,0,0,0,0,0,1,0,5,0,104.44878048780487,2.051219512195132
2391-SOORI,1,0,0,1,4,1,0,49.35,219.65,1,0,0,0,0,0,1,0,0,0,0,0,0,0,0,0,0,0,0,0,1,0,1,1,54.9125,-5.5625
9040-KZVWO,1,0,0,0,26,1,0,75.5,2018.1,0,0,0,1,0,0,0,0,1,0,0,0,0,0,0,0,0,1,0,0,0,0,1,0,77.61923076923077,-2.119230769230768
2645-QTLMB,1,0,0,0,7,1,1,94.25,669.0,1,0,0,1,0,0,0,0,1,0,0,0,0,0,1,0,1,0,0,0,1,0,3,1,95.57142857142857,-1.3214285714285694
4806-HIPDW,0,0,1,0,1,1,1,68.95,68.95,1,0,0,1,0,0,0,0,0,0,0,0,0,0,0,0,0,0,0,0,1,0,0,1,68.95,0.0
1548-ARAGG,0,0,1,1,4,1,1,58.5,224.85,0,0,1,0,0,0,0,0,1,0,0,0,1,0,0,0,0,0,0,0,0,1,2,1,56.2125,2.2875000000000014
6339-RZCBJ,1,0,0,0,48,1,0,78.9,3771.5,0,0,0,0,0,0,0,0,1,0,1,0,1,0,1,0,1,0,1,1,0,0,5,0,78.57291666666667,0.3270833333333343
4424-TKOPW,1,1,0,0,2,1,1,93.85,196.75,1,0,1,1,0,0,0,0,0,0,0,0,0,0,1,0,1,0,0,0,1,0,2,1,98.375,-4.525000000000006
4415-WNGVR,0,1,1,0,12,1,1,79.2,943.85,0,0,0,0,0,0,1,0,0,0,1,0,1,0,1,0,1,1,0,0,1,0,5,1,78.65416666666667,0.5458333333333343
2522-AHJXR,1,0,1,0,60,1,1,109.45,6572.85,0,0,1,1,0,0,1,0,0,0,1,0,1,0,1,0,1,0,0,0,0,0,5,0,109.5475,-0.09749999999999659
0412-UCCNP,1,0,0,0,55,1,1,59.2,3175.85,0,0,0,0,0,0,1,0,0,0,1,0,1,0,0,0,0,0,1,0,1,0,3,0,57.74272727272727,1.4572727272727306
1816-FLZDK,1,0,0,0,1,0,0,29.15,29.15,0,1,0,0,0,0,0,0,0,0,0,0,1,0,0,0,0,0,0,0,0,1,1,1,29.15,0.0
7096-UCLNH,1,0,0,0,1,1,0,20.05,20.05,0,0,0,0,1,1,0,1,0,1,0,1,0,1,0,1,0,0,0,0,0,1,0,1,20.05,0.0
8443-ZRDBZ,1,0,0,0,4,1,1,76.05,318.9,1,0,1,1,0,0,0,0,0,0,0,0,0,0,0,0,0,0,0,0,1,0,0,1,79.725,-3.674999999999997
9136-ALYBR,1,0,0,0,1,0,1,24.45,24.45,1,1,0,0,0,0,0,0,0,0,0,0,0,0,0,0,0,0,0,0,0,1,0,1,24.45,0.0
4615-PIVVU,0,0,0,0,42,1,0,66.5,2762.75,0,0,0,0,0,0,0,0,0,0,1,0,1,0,0,0,1,0,1,1,0,0,3,0,65.7797619047619,0.720238095238102
8885-QSQBX,0,0,0,0,1,1,0,49.55,49.55,0,0,0,0,0,0,1,0,0,0,0,0,0,0,0,0,0,0,0,0,0,0,1,1,49.55,0.0
7479-NITWS,1,0,0,0,7,1,1,89.35,631.85,1,0,1,1,0,0,0,0,0,0,1,0,0,0,1,0,0,0,0,1,0,0,2,1,90.26428571428572,-0.9142857142857252
8617-ENBDS,1,0,0,0,3,1,1,73.6,232.5,0,0,0,1,0,0,0,0,0,0,1,0,0,0,0,0,0,0,0,1,0,0,1,1,77.5,-3.9000000000000057
9385-NXKDA,0,0,1,0,72,1,1,82.65,5919.35,0,0,1,0,0,0,1,0,1,0,1,0,0,0,1,0,1,0,1,1,0,0,5,0,82.21319444444445,0.43680555555555145
0430-IHCDJ,1,0,0,0,15,1,1,49.0,749.25,0,0,1,0,0,0,0,0,0,0,0,0,0,0,0,0,0,0,0,0,1,0,0,0,49.95,-0.9500000000000028
2959-MJHIC,1,0,1,0,4,1,1,80.35,307.4,1,0,0,1,0,0,0,0,0,0,0,0,0,0,1,0,0,0,0,0,1,0,1,1,76.85,3.5
6674-KVJHG,0,0,0,0,11,1,0,25.2,245.15,0,0,1,0,1,1,0,1,0,1,0,1,0,1,0,1,0,1,0,0,1,0,0,1,22.286363636363635,2.913636363636364
1814-DKOLC,0,0,0,0,5,1,0,25.45,134.75,0,0,1,0,1,1,0,1,0,1,0,1,0,1,0,1,0,0,0,0,0,1,0,1,26.95,-1.5
4201-JMNGR,0,1,0,0,1,1,1,55.8,55.8,1,0,0,0,0,0,1,0,0,0,1,0,0,0,0,0,0,0,0,0,1,0,2,1,55.8,0.0
9351-HXDMR,1,0,1,0,72,1,1,110.9,8240.85,0,0,1,1,0,0,1,0,0,0,1,0,1,0,1,0,1,0,1,1,0,0,5,0,114.45625000000001,-3.5562500000000057
3537-HPKQT,0,0,1,0,55,1,1,77.75,4266.4,0,0,1,1,0,0,0,0,1,0,0,0,0,0,0,0,0,0,0,1,0,0,1,0,77.57090909090908,0.17909090909091674
2129-ALKBS,0,0,1,1,40,1,1,26.2,1077.5,0,0,1,0,1,1,0,1,0,1,0,1,0,1,0,1,0,0,0,0,1,0,0,0,26.9375,-0.7375000000000007
5821-MMEIL,0,0,1,0,57,1,0,19.9,1115.6,0,0,0,0,1,1,0,1,0,1,0,1,0,1,0,1,0,0,1,0,0,0,0,0,19.5719298245614,0.3280701754385973
5960-WPXQM,1,0,0,0,1,1,1,79.05,79.05,1,0,0,1,0,0,0,0,0,0,0,0,0,0,1,0,0,0,0,0,1,0,1,1,79.05,0.0
0684-AOSIH,1,0,1,0,1,1,1,95.0,95.0,1,0,0,1,0,0,1,0,0,0,0,0,0,0,1,0,1,0,0,0,1,0,3,1,95.0,0.0
8260-NGFNY,0,0,0,0,1,0,0,25.2,25.2,1,1,0,0,0,0,0,0,0,0,0,0,0,0,0,0,0,0,0,0,0,1,0,1,25.2,0.0
1309-XGFSN,1,1,1,1,52,1,1,80.85,4079.55,0,0,1,0,0,0,0,0,1,0,1,0,0,0,1,0,1,1,0,0,1,0,4,0,78.45288461538462,2.3971153846153754
1866-RZZQS,1,1,0,0,41,1,1,98.4,4187.75,1,0,1,1,0,0,0,0,0,0,1,0,0,0,1,0,1,0,0,0,1,0,3,0,102.14024390243902,-3.740243902439019
6968-URWQU,1,0,1,0,43,1,1,56.35,2391.15,0,0,0,0,0,0,0,0,0,0,0,0,0,0,1,0,0,1,0,0,0,1,1,0,55.608139534883726,0.7418604651162752
4742-TXUEX,0,0,1,1,47,1,0,19.3,890.5,0,0,0,0,1,1,0,1,0,1,0,1,0,1,0,1,0,0,1,0,0,0,0,0,18.9468085106383,0.3531914893617021
9631-XEYKE,1,0,0,0,3,1,0,50.4,137.25,0,0,1,0,0,0,0,0,0,0,0,0,0,0,0,0,0,0,0,0,0,0,0,1,45.75,4.649999999999999
8631-NBHFZ,1,1,1,1,66,1,0,79.4,5154.6,1,0,1,0,0,0,1,0,1,0,1,0,1,0,1,0,0,0,1,1,0,0,5,0,78.10000000000001,1.2999999999999972
1335-MXCSE,1,0,1,1,55,1,1,55.25,3119.9,0,0,0,0,0,0,0,0,0,0,1,0,1,0,0,0,0,0,1,1,0,0,2,0,56.72545454545455,-1.4754545454545465
8873-TMKGR,1,0,0,0,29,1,0,19.1,529.5,0,0,0,0,1,1,0,1,0,1,0,1,0,1,0,1,0,1,0,0,0,1,0,0,18.25862068965517,0.8413793103448306
8800-JOOCF,0,0,0,1,12,1,1,84.05,966.55,0,0,1,1,0,0,0,0,0,0,0,0,0,0,1,0,0,0,0,0,1,0,1,1,80.54583333333333,3.504166666666663
1469-LBJQJ,0,0,1,0,66,1,1,105.2,6936.85,0,0,1,1,0,0,0,0,1,0,1,0,0,0,1,0,1,0,0,0,1,0,4,0,105.10378787878788,0.09621212121211897
4958-XCBDQ,1,1,0,0,35,1,1,101.4,3496.3,1,0,1,1,0,0,0,0,0,0,1,0,0,0,1,0,1,0,0,0,1,0,3,0,99.89428571428572,1.5057142857142907
8337-UPOAQ,1,1,1,0,10,1,1,89.8,914.3,1,0,1,1,0,0,0,0,0,0,1,0,0,0,0,0,1,0,0,0,1,0,2,1,91.42999999999999,-1.6299999999999955
0064-YIJGF,1,0,1,1,27,1,1,75.75,1929.0,0,0,1,1,0,0,0,0,0,0,0,0,0,0,0,0,0,0,0,0,0,0,0,0,71.44444444444444,4.305555555555557
2386-OWURY,0,0,0,0,58,1,1,95.3,5817.7,0,0,0,1,0,0,0,0,0,0,0,0,1,0,1,0,1,0,0,0,1,0,3,0,100.3051724137931,-5.005172413793105
1725-IQNIY,1,0,1,0,54,1,0,109.75,6110.2,1,0,0,1,0,0,1,0,1,0,1,0,1,0,1,0,1,0,1,0,0,0,6,0,113.15185185185184,-3.401851851851845
0310-VQXAM,1,0,0,0,9,1,0,19.85,178.8,0,0,0,0,1,1,0,1,0,1,0,1,0,1,0,1,0,0,0,0,0,1,0,1,19.866666666666667,-0.01666666666666572
6598-RFFVI,1,0,0,0,2,1,0,19.3,28.3,1,0,0,0,1,1,0,1,0,1,0,1,0,1,0,1,0,1,0,1,0,0,0,1,14.15,5.15
3453-RTHJQ,1,0,0,0,6,1,1,69.1,435.0,0,0,0,1,0,0,0,0,0,0,0,0,0,0,0,0,0,0,0,0,1,0,0,1,72.5,-3.4000000000000057
6712-OAWRH,0,1,0,0,26,1,1,91.25,2351.8,1,0,0,1,0,0,0,0,0,0,0,0,0,0,1,0,1,0,0,0,1,0,2,0,90.45384615384616,0.7961538461538424
6278-FEPBZ,0,0,0,0,9,1,0,20.25,186.15,0,0,0,0,1,1,0,1,0,1,0,1,0,1,0,1,0,0,0,0,0,1,0,1,20.683333333333334,-0.43333333333333357
4280-DLSHD,1,0,1,0,8,1,1,54.75,445.85,0,0,0,0,0,0,0,0,1,0,1,0,0,0,0,0,0,0,0,0,0,1,2,1,55.73125,-0.9812500000000028
1508-DFXCU,1,0,0,0,12,1,1,81.45,912.0,0,0,0,1,0,0,0,0,0,0,0,0,0,0,1,0,0,0,0,0,1,0,1,1,76.0,5.450000000000003
8614-VGMMV,0,0,0,0,15,1,1,49.1,679.55,1,0,1,0,0,0,0,0,0,0,0,0,0,0,0,0,0,0,0,0,1,0,0,0,45.30333333333333,3.796666666666674
7868-BGSZA,1,0,1,0,43,1,1,80.2,3581.6,0,0,1,0,0,0,1,0,0,0,1,0,0,0,1,0,1,1,0,0,1,0,4,0,83.29302325581395,-3.0930232558139465
2800-QQUSO,1,0,0,0,42,1,1,100.3,4222.95,0,0,1,1,0,0,0,0,0,0,0,0,1,0,1,0,1,0,0,0,1,0,3,0,100.54642857142856,-0.24642857142856656
2930-UOTMB,0,0,0,0,31,1,0,65.25,1994.3,1,0,1,0,0,0,1,0,0,0,1,0,1,0,0,0,0,0,0,1,0,0,3,0,64.33225806451613,0.9177419354838747
7973-DZRKH,0,0,0,1,66,1,1,90.95,5930.05,0,0,1,1,0,0,1,0,0,0,1,0,1,0,0,0,0,0,1,1,0,0,3,0,89.84924242424243,1.1007575757575694
5914-DVBWJ,0,1,0,0,18,1,1,85.45,1505.85,1,0,1,1,0,0,0,0,1,0,0,0,1,0,0,0,0,0,0,0,1,0,2,0,83.65833333333333,1.7916666666666714
7698-YFGEZ,1,0,0,0,1,1,0,20.0,20.0,0,0,0,0,1,1,0,1,0,1,0,1,0,1,0,1,0,0,0,0,0,1,0,1,20.0,0.0
2533-QVMSK,1,0,1,0,61,1,1,94.1,5638.3,1,0,1,1,0,0,0,0,1,0,0,0,1,0,1,0,0,0,1,0,1,0,3,0,92.43114754098362,1.668852459016378
9773-PEQBZ,1,0,0,0,10,1,0,79.85,797.25,0,0,1,1,0,0,0,0,1,0,0,0,0,0,0,0,0,0,0,0,1,0,1,1,79.725,0.125
8644-XLFBW,1,1,0,0,1,1,1,71.65,71.65,1,0,0,1,0,0,0,0,0,0,0,0,0,0,0,0,0,0,0,0,1,0,0,1,71.65,0.0
0650-BWOZN,0,1,0,0,18,1,1,73.55,1359.45,0,0,0,1,0,0,0,0,1,0,0,0,0,0,0,0,0,0,0,0,1,0,1,0,75.525,-1.9750000000000085
8625-AZYZY,1,0,1,0,24,1,1,104.65,2542.45,1,0,1,1,0,0,0,0,1,0,1,0,0,0,1,0,1,0,0,0,1,0,4,0,105.93541666666665,-1.2854166666666487
7785-RDVIG,0,0,1,1,3,1,0,19.3,54.7,0,0,0,0,1,1,0,1,0,1,0,1,0,1,0,1,0,0,0,0,0,1,0,1,18.233333333333334,1.0666666666666664
9602-WCXPI,1,0,0,0,50,1,0,20.15,989.05,0,0,0,0,1,1,0,1,0,1,0,1,0,1,0,1,0,1,0,1,0,0,0,0,19.781,0.3689999999999998
2903-YYTBW,1,0,1,1,1,1,0,44.55,44.55,0,0,0,0,0,0,0,0,0,0,0,0,0,0,0,0,0,0,0,0,1,0,0,1,44.55,0.0
3620-MWJNE,1,0,0,0,2,1,1,54.45,87.3,0,0,0,0,0,0,1,0,0,0,0,0,1,0,0,0,0,0,0,0,0,1,2,1,43.65,10.800000000000004
8573-JGCZW,1,0,0,0,17,1,1,19.65,351.55,0,0,0,0,1,1,0,1,0,1,0,1,0,1,0,1,0,1,0,0,0,0,0,0,20.679411764705883,-1.029411764705884
6837-HAEVO,1,0,1,1,69,1,1,105.0,7297.75,0,0,1,1,0,0,0,0,1,0,1,0,0,0,1,0,1,0,1,0,1,0,4,0,105.76449275362319,-0.7644927536231876
6701-YVNQG,1,0,1,0,72,1,1,88.7,6301.7,0,0,1,0,0,0,1,0,1,0,1,0,1,0,1,0,1,0,1,1,0,0,6,0,87.52361111111111,1.1763888888888943
9306-CPCBC,0,0,0,0,3,1,1,74.25,210.3,1,0,1,1,0,0,0,0,0,0,0,0,0,0,0,0,0,0,0,0,1,0,0,1,70.10000000000001,4.1499999999999915
4304-XUMGI,1,1,1,1,50,1,1,75.15,3822.45,0,0,1,0,0,0,1,0,1,0,1,0,0,0,0,0,1,0,1,0,0,0,4,0,76.449,-1.2989999999999924
9504-YAZWB,0,0,0,0,53,1,0,20.25,1048.45,0,0,0,0,1,1,0,1,0,1,0,1,0,1,0,1,0,0,1,0,0,1,0,0,19.782075471698114,0.4679245283018858
8819-ZBYNA,0,0,1,0,58,1,1,109.1,6393.65,0,0,1,1,0,0,1,0,1,0,0,0,1,0,1,0,1,0,1,1,0,0,5,0,110.2353448275862,-1.1353448275862092
6174-NRBTZ,1,0,0,0,46,0,1,30.75,1489.3,0,1,0,0,0,0,1,0,0,0,0,0,0,0,0,0,0,1,0,0,0,0,1,0,32.37608695652174,-1.626086956521739
9481-IEBZY,1,1,1,0,72,1,1,112.9,8061.5,0,0,1,1,0,0,1,0,1,0,1,0,1,0,1,0,1,0,0,1,0,0,6,0,111.96527777777777,0.9347222222222342
1833-VGRUM,0,1,0,0,1,1,1,74.2,74.2,1,0,1,1,0,0,0,0,0,0,0,0,0,0,0,0,0,0,0,0,1,0,0,1,74.2,0.0
6137-NICCO,0,0,1,1,6,1,1,94.05,518.75,0,0,1,1,0,0,0,0,1,0,1,0,0,0,1,0,0,0,0,0,0,1,3,1,86.45833333333333,7.591666666666669
9065-ZCPQX,1,0,1,0,72,1,0,78.85,5763.15,0,0,1,0,0,0,1,0,1,0,1,0,1,0,0,0,1,0,1,0,0,0,5,0,80.04374999999999,-1.1937499999999943
6402-EJMWF,1,0,0,0,4,1,1,55.3,238.5,0,0,0,0,0,0,0,0,0,0,0,0,0,0,0,0,1,0,0,0,0,1,1,1,59.625,-4.325000000000003
3620-EHIMZ,0,0,1,1,52,1,0,19.35,1031.7,0,0,0,0,1,1,0,1,0,1,0,1,0,1,0,1,0,0,1,0,0,1,0,0,19.840384615384615,-0.4903846153846132
3213-VVOLG,1,0,1,1,0,1,0,25.35,0.0,0,0,1,0,1,1,0,1,0,1,0,1,0,1,0,1,0,0,1,0,0,1,0,1,0.0,25.35
6870-ECSHE,0,0,0,0,2,1,0,20.45,34.8,0,0,0,0,1,1,0,1,0,1,0,1,0,1,0,1,0,1,0,0,0,1,0,1,17.4,3.0500000000000007
8747-UDCOI,0,0,1,0,65,1,0,19.35,1319.95,0,0,0,0,1,1,0,1,0,1,0,1,0,1,0,1,0,0,1,0,0,0,0,0,20.306923076923077,-0.9569230769230757
8374-XGEJJ,1,1,1,0,43,1,1,101.0,4388.4,1,0,1,1,0,0,0,0,1,0,0,0,0,0,1,0,1,0,0,0,1,0,3,0,102.05581395348837,-1.055813953488368
2656-TABEH,1,0,1,0,4,1,1,100.2,420.2,1,0,1,1,0,0,0,0,1,0,0,0,0,0,1,0,1,0,0,0,1,0,3,1,105.05,-4.849999999999994
6946-LMSQS,1,1,1,0,25,1,1,89.05,2177.45,1,0,1,1,0,0,1,0,0,0,0,0,0,0,0,0,1,1,0,0,1,0,2,0,87.098,1.9519999999999982
4626-OZDTJ,0,0,1,0,51,1,1,78.65,3950.85,0,0,1,0,0,0,0,0,1,0,0,0,1,0,1,0,1,1,0,1,0,0,4,0,77.46764705882353,1.1823529411764753
9169-BSVIN,1,0,0,0,12,1,0,74.75,827.05,0,0,1,0,0,0,0,0,0,0,1,0,0,0,1,0,1,0,0,0,0,0,3,1,68.92083333333333,5.829166666666666
2325-ZUSFD,0,0,1,1,57,1,1,70.1,3913.3,1,0,0,0,0,0,1,0,0,0,0,0,0,0,1,0,1,1,0,0,0,0,3,0,68.65438596491228,1.445614035087715
8194-PEEBY,0,0,1,1,24,1,0,19.9,533.5,0,0,0,0,1,1,0,1,0,1,0,1,0,1,0,1,0,1,0,0,0,1,0,0,22.229166666666668,-2.3291666666666693
6872-HXFNF,0,0,1,0,64,1,0,58.35,3756.45,0,0,1,0,0,0,0,0,0,0,1,0,1,0,0,0,0,1,0,0,0,0,2,0,58.69453125,-0.34453124999999574
3932-CMDTD,0,0,0,0,4,1,1,105.65,443.9,1,0,0,1,0,0,0,0,1,0,1,0,1,0,1,0,1,1,0,0,1,0,5,1,110.975,-5.324999999999989
7714-YXSMB,0,0,0,0,26,1,1,100.5,2599.95,0,0,1,1,0,0,0,0,0,0,1,0,0,0,1,0,1,0,0,0,0,0,3,0,99.99807692307692,0.5019230769230774
8387-UGUSU,0,0,1,1,15,1,0,20.05,284.3,0,0,0,0,1,1,0,1,0,1,0,1,0,1,0,1,0,0,0,0,0,1,0,0,18.953333333333333,1.0966666666666676
1080-BWSYE,1,1,1,0,64,1,0,25.65,1740.8,0,0,1,0,1,1,0,1,0,1,0,1,0,1,0,1,0,0,1,1,0,0,0,0,27.2,-1.5500000000000007
4039-HEUNW,1,1,1,0,36,1,1,96.5,3436.1,1,0,1,1,0,0,0,0,1,0,0,0,0,0,1,0,1,0,0,0,1,0,3,0,95.44722222222222,1.0527777777777771
1194-HVAIF,0,0,1,0,27,1,0,95.0,2462.55,0,0,1,1,0,0,0,0,0,0,0,0,0,0,1,0,1,0,0,1,0,0,2,0,91.20555555555556,3.794444444444437
0812-WUPTB,1,1,1,0,1,1,0,70.85,70.85,1,0,0,1,0,0,0,0,0,0,0,0,0,0,0,0,0,0,0,0,0,1,0,1,70.85,0.0
3594-UVONA,0,0,0,0,35,1,1,85.95,3110.1,1,0,1,0,0,0,1,0,0,0,1,0,1,0,1,0,1,1,0,1,0,0,5,0,88.86,-2.9099999999999966
0004-TLHLJ,1,0,0,0,4,1,1,73.9,280.85,1,0,0,1,0,0,0,0,0,0,1,0,0,0,0,0,0,0,0,0,1,0,1,1,70.2125,3.6875
1767-TGTKO,0,0,1,1,8,1,1,45.45,411.75,0,0,0,0,0,0,0,0,0,0,0,0,0,0,0,0,0,0,0,0,1,0,0,1,51.46875,-6.018749999999997
8439-LTUGF,1,0,0,0,10,1,1,20.0,198.6,0,0,0,0,1,1,0,1,0,1,0,1,0,1,0,1,0,0,0,1,0,0,0,1,19.86,0.14000000000000057
8805-JNRAZ,0,0,0,0,2,1,0,49.2,103.7,0,0,0,0,0,0,0,0,1,0,0,0,0,0,0,0,0,0,0,0,0,1,1,1,51.85,-2.6499999999999986
5089-IFSDP,0,0,1,0,58,1,1,109.45,6144.55,1,0,1,1,0,0,1,0,1,0,1,0,0,0,1,0,1,0,1,0,0,0,5,0,105.94051724137931,3.509482758620692
6418-HNFED,1,0,1,0,51,1,1,83.25,4089.45,0,0,0,0,0,0,1,0,1,0,1,0,1,0,1,0,1,0,1,1,0,0,6,0,80.18529411764706,3.064705882352939
0206-OYVOC,0,0,1,1,46,1,1,19.25,864.2,0,0,0,0,1,1,0,1,0,1,0,1,0,1,0,1,0,0,1,0,0,1,0,0,18.786956521739132,0.4630434782608681
7291-CDTMJ,1,0,0,0,1,1,1,19.65,19.65,0,0,0,0,1,1,0,1,0,1,0,1,0,1,0,1,0,0,0,0,0,0,0,1,19.65,0.0
7128-GGCNO,1,0,0,0,46,1,0,72.8,3249.4,0,0,1,1,0,0,0,0,0,0,0,0,0,0,0,0,0,0,0,0,0,0,0,0,70.63913043478261,2.160869565217382
0237-YFUTL,0,0,1,0,50,1,1,109.65,5405.8,0,0,1,1,0,0,1,0,1,0,0,0,1,0,1,0,1,0,0,0,0,0,5,0,108.116,1.534000000000006
7691-KGKGP,1,0,1,1,53,1,0,65.0,3363.8,0,0,0,0,0,0,0,0,1,0,0,0,1,0,1,0,0,0,0,1,0,0,3,0,63.46792452830189,1.532075471698107
6710-HSJRD,1,0,1,0,61,1,1,114.1,7132.15,0,0,1,1,0,0,0,0,1,0,1,0,1,0,1,0,1,0,0,0,1,0,5,0,116.92049180327868,-2.820491803278685
3675-EQOZA,1,0,0,0,5,1,0,20.65,93.55,0,0,0,0,1,1,0,1,0,1,0,1,0,1,0,1,0,0,0,0,0,0,0,1,18.71,1.9399999999999977
0840-DCNZE,1,0,0,0,47,1,1,86.95,4138.9,0,0,0,0,0,0,1,0,1,0,1,0,1,0,1,0,1,1,0,0,0,0,6,0,88.06170212765957,-1.1117021276595693
1732-FEKLD,0,0,0,0,54,1,1,94.75,5121.75,0,0,1,1,0,0,0,0,1,0,1,0,0,0,1,0,0,1,0,0,0,0,3,0,94.84722222222223,-0.09722222222222854
9862-KJTYK,1,0,0,1,19,0,1,25.35,566.1,0,1,0,0,0,0,0,0,0,0,0,0,0,0,0,0,0,0,0,1,0,0,0,0,29.794736842105266,-4.444736842105264
0479-HMSWA,0,0,0,1,26,1,1,105.45,2715.3,0,0,0,1,0,0,0,0,1,0,1,0,1,0,1,0,1,0,1,0,1,0,5,0,104.4346153846154,1.0153846153846047
5854-KSRBJ,1,0,1,1,70,1,0,25.4,1782.05,0,0,1,0,1,1,0,1,0,1,0,1,0,1,0,1,0,0,1,0,0,1,0,0,25.457857142857144,-0.05785714285714505
0365-BZUWY,1,0,1,0,17,1,1,102.55,1742.5,0,0,1,1,0,0,0,0,1,0,1,0,0,0,1,0,1,0,0,0,1,0,4,0,102.5,0.04999999999999716
4817-VYYWS,0,0,0,0,30,1,1,100.2,2983.8,1,0,1,1,0,0,0,0,1,0,0,0,0,0,1,0,1,0,0,0,1,0,3,0,99.46000000000001,0.7399999999999949
5701-SVCWR,0,0,0,1,1,1,0,24.0,24.0,0,0,1,0,1,1,0,1,0,1,0,1,0,1,0,1,0,0,0,0,0,1,0,1,24.0,0.0
3129-AAQOU,0,0,1,1,19,1,0,25.6,485.9,0,0,1,0,1,1,0,1,0,1,0,1,0,1,0,1,0,0,1,0,0,1,0,0,25.573684210526313,0.02631578947368851
4922-CVPDX,0,0,1,0,26,1,1,73.5,1905.7,0,0,0,0,0,0,0,0,1,0,1,0,0,0,1,0,1,0,1,1,0,0,4,0,73.29615384615384,0.20384615384615756
1396-QWFBJ,0,0,1,1,21,1,1,74.05,1565.7,1,0,0,1,0,0,0,0,1,0,0,0,0,0,0,0,0,0,0,0,0,0,1,0,74.55714285714286,-0.5071428571428669
1357-BIJKI,1,0,1,0,50,1,1,98.25,4858.7,0,0,1,1,0,0,0,0,1,0,0,0,0,0,1,0,1,1,0,0,1,0,3,0,97.17399999999999,1.0760000000000076
1099-BTKWT,0,0,1,0,68,0,1,54.4,3723.65,0,1,0,0,0,0,1,0,0,0,1,0,0,0,1,0,1,1,0,0,1,0,4,0,54.75955882352941,-0.3595588235294116
5299-SJCZT,1,0,0,0,3,1,1,101.55,298.35,1,0,1,1,0,0,0,0,0,0,1,0,0,0,1,0,1,0,0,0,0,0,3,1,99.45,2.0999999999999943
2018-PZKMU,1,0,1,1,9,1,0,103.1,970.45,0,0,0,1,0,0,0,0,0,0,1,0,1,0,1,0,1,0,0,0,1,0,4,1,107.82777777777778,-4.7277777777777885
7340-KEFQE,0,0,1,1,51,0,0,34.2,1782.0,0,1,0,0,0,0,1,0,0,0,0,0,1,0,0,0,0,0,1,0,0,0,2,0,34.94117647058823,-0.7411764705882291
4570-QHXHL,0,0,0,0,9,1,1,43.75,405.7,0,0,0,0,0,0,0,0,0,0,0,0,0,0,0,0,0,0,0,0,1,0,0,1,45.077777777777776,-1.3277777777777757
2403-BCASL,1,1,1,1,41,1,1,111.95,4534.9,1,0,1,1,0,0,0,0,1,0,1,0,1,0,1,0,1,1,0,0,1,0,5,0,110.60731707317072,1.3426829268292835
7392-YYPYJ,1,0,0,0,22,1,1,100.65,2415.95,0,0,1,1,0,0,0,0,1,0,0,0,0,0,1,0,1,0,0,0,1,0,3,0,109.81590909090909,-9.165909090909082
2898-LSJGD,0,0,1,1,21,0,1,55.95,1157.05,1,1,0,0,0,0,1,0,0,0,1,0,0,0,1,0,1,1,0,0,1,0,4,0,55.09761904761905,0.8523809523809547
2223-GDSHL,1,0,1,1,71,1,1,116.05,8297.5,0,0,1,1,0,0,1,0,1,0,1,0,1,0,1,0,1,0,1,0,0,0,6,0,116.86619718309859,-0.8161971830985948
7359-PTSXY,1,0,0,0,1,1,0,45.75,45.75,1,0,0,0,0,0,0,0,0,0,0,0,0,0,0,0,0,0,0,0,1,0,0,1,45.75,0.0
9470-RTWDV,1,0,1,1,26,1,1,82.0,2083.1,0,0,1,0,0,0,0,0,0,0,1,0,1,0,1,0,1,1,0,1,0,0,4,0,80.11923076923077,1.880769230769232
2176-OSJUV,1,0,1,0,71,1,0,65.15,4681.75,0,0,1,0,0,0,1,0,1,0,0,0,1,0,0,0,0,0,1,0,0,0,3,0,65.94014084507042,-0.790140845070411
9348-YVOMK,1,0,0,0,4,1,1,44.8,176.2,0,0,0,0,0,0,0,0,0,0,0,0,0,0,0,0,0,0,0,1,0,0,0,1,44.05,0.75
8104-OSKWT,0,0,0,0,12,1,1,79.8,1001.2,0,0,1,1,0,0,1,0,0,0,0,0,0,0,0,0,0,0,0,0,1,0,1,1,83.43333333333334,-3.63333333333334
4521-YEEHE,0,0,1,0,18,1,1,88.85,1594.75,0,0,1,1,0,0,0,0,0,0,0,0,1,0,1,0,0,0,0,0,1,0,2,0,88.59722222222223,0.2527777777777658
4090-KPJIP,0,0,0,0,3,1,1,74.95,212.4,0,0,1,1,0,0,0,0,0,0,0,0,0,0,0,0,0,0,0,0,1,0,0,1,70.8,4.150000000000006
3786-WOVKF,0,1,1,0,72,1,1,106.85,7677.4,0,0,1,1,0,0,1,0,1,0,0,0,0,0,1,0,1,1,0,0,0,0,4,0,106.63055555555555,0.21944444444444855
4503-BDXBD,1,0,0,0,11,1,0,74.95,815.5,1,0,0,1,0,0,0,0,1,0,0,0,0,0,0,0,0,0,0,0,1,0,1,1,74.13636363636364,0.8136363636363626
6086-ESGRL,0,0,0,0,1,1,0,80.15,80.15,1,0,0,1,0,0,0,0,0,0,0,0,0,0,0,0,1,0,0,1,0,0,1,1,80.15,0.0
2592-HODOV,1,0,0,0,13,1,0,19.3,259.65,0,0,0,0,1,1,0,1,0,1,0,1,0,1,0,1,0,1,0,1,0,0,0,0,19.97307692307692,-0.6730769230769198
3886-CERTZ,0,0,1,0,72,1,1,109.25,8109.8,1,0,1,1,0,0,0,0,1,0,1,0,1,0,1,0,1,1,0,0,1,0,5,0,112.63611111111112,-3.38611111111112
7995-ZHHNZ,1,0,1,0,42,1,0,56.1,2386.85,0,0,1,0,0,0,1,0,0,0,0,0,0,0,0,0,0,1,0,1,0,0,1,0,56.8297619047619,-0.7297619047619008
3824-RHKVR,0,0,0,0,17,1,0,19.7,340.35,0,0,0,0,1,1,0,1,0,1,0,1,0,1,0,1,0,0,0,1,0,0,0,0,20.02058823529412,-0.32058823529412095
5816-SCGFC,0,1,0,0,7,1,1,51.3,419.35,0,0,0,0,0,0,0,0,1,0,0,0,0,0,0,0,0,0,0,0,0,1,1,1,59.90714285714286,-8.607142857142861
5989-AXPUC,0,0,1,0,68,1,0,118.6,7990.05,0,0,1,1,0,0,1,0,1,0,1,0,1,0,1,0,1,0,1,0,0,1,6,0,117.50073529411765,1.099264705882348
4979-HPRFL,1,0,1,1,56,1,0,24.15,1402.25,0,0,1,0,1,1,0,1,0,1,0,1,0,1,0,1,0,0,1,0,0,0,0,0,25.040178571428573,-0.8901785714285744
8590-OHDIW,0,0,1,1,38,1,0,20.3,749.35,0,0,0,0,1,1,0,1,0,1,0,1,0,1,0,1,0,1,0,0,0,1,0,0,19.719736842105263,0.5802631578947377
8015-IHCGW,0,0,1,1,72,1,1,115.5,8425.15,0,0,1,1,0,0,1,0,1,0,1,0,1,0,1,0,1,0,1,0,1,0,6,0,117.01597222222222,-1.5159722222222172
2332-TODQS,0,0,0,0,48,1,0,25.05,1171.5,0,0,1,0,1,1,0,1,0,1,0,1,0,1,0,1,0,1,0,1,0,0,0,0,24.40625,0.6437500000000007
9278-VZKCD,0,1,1,0,52,1,1,109.1,5647.95,0,0,1,1,0,0,1,0,1,0,1,0,0,0,1,0,1,0,0,0,1,0,5,0,108.61442307692307,0.4855769230769198
8008-OTEZX,0,0,1,1,35,1,0,19.65,708.8,0,0,0,0,1,1,0,1,0,1,0,1,0,1,0,1,0,1,0,0,0,1,0,0,20.25142857142857,-0.6014285714285705
2773-OVBPK,1,0,1,0,67,1,1,111.3,7567.2,0,0,1,1,0,0,0,0,1,0,1,0,1,0,1,0,1,0,1,0,0,0,5,0,112.94328358208955,-1.643283582089552
5999-LCXAO,0,0,0,0,1,0,0,29.9,29.9,0,1,0,0,0,0,1,0,0,0,0,0,0,0,0,0,0,0,0,0,0,1,1,1,29.9,0.0
5206-XZZQI,1,0,0,0,53,1,1,80.6,4348.1,0,0,0,1,0,0,0,0,1,0,0,0,1,0,0,0,0,0,0,0,0,1,2,0,82.03962264150944,-1.4396226415094446
4803-LBYPN,1,0,1,1,34,1,0,20.8,635.9,0,0,0,0,1,1,0,1,0,1,0,1,0,1,0,1,0,0,0,0,0,1,0,0,18.70294117647059,2.0970588235294123
5759-RCVCB,0,0,0,0,3,0,0,35.2,108.95,1,1,0,0,0,0,0,0,0,0,0,0,0,0,1,0,0,0,0,1,0,0,1,1,36.31666666666667,-1.1166666666666671
6372-RFVNS,0,0,1,0,1,1,0,78.8,78.8,1,0,0,1,0,0,0,0,0,0,0,0,0,0,1,0,0,0,0,0,1,0,1,1,78.8,0.0
2139-FQHLM,1,0,0,0,19,1,0,89.95,1682.4,0,0,0,1,0,0,0,0,0,0,1,0,1,0,1,0,0,0,0,0,0,1,3,0,88.54736842105264,1.4026315789473642
8261-GWDBQ,0,1,1,0,60,1,1,116.05,6925.9,0,0,1,1,0,0,1,0,1,0,1,0,1,0,1,0,1,0,1,0,0,0,6,0,115.43166666666666,0.6183333333333394
1093-YSWCA,1,0,0,0,11,1,0,19.55,223.15,0,0,0,0,1,1,0,1,0,1,0,1,0,1,0,1,0,0,1,1,0,0,0,1,20.286363636363635,-0.7363636363636346
8938-UMKPI,0,0,0,0,47,1,1,106.4,5127.95,1,0,1,1,0,0,0,0,1,0,1,0,0,0,1,0,1,0,0,0,1,0,4,0,109.10531914893616,-2.705319148936155
0991-BRRFB,1,0,0,0,18,1,0,49.4,874.8,1,0,0,0,0,0,1,0,0,0,0,0,0,0,0,0,0,0,0,0,1,0,1,0,48.599999999999994,0.8000000000000043
3882-IYOIJ,0,0,1,1,60,1,0,115.25,6758.45,0,0,1,1,0,0,1,0,1,0,1,0,1,0,1,0,1,0,1,1,0,0,6,0,112.64083333333333,2.609166666666667
8749-TZYEC,1,0,1,0,72,1,0,24.8,1874.3,0,0,1,0,1,1,0,1,0,1,0,1,0,1,0,1,0,0,1,1,0,0,0,0,26.031944444444445,-1.2319444444444443
1755-FZQEC,1,0,0,0,39,1,0,19.9,791.15,0,0,0,0,1,1,0,1,0,1,0,1,0,1,0,1,0,1,0,0,0,1,0,0,20.285897435897436,-0.3858974358974372
3115-JPJDD,0,0,1,0,59,1,1,81.25,4639.45,0,0,0,1,0,0,1,0,0,0,1,0,0,0,0,0,0,1,0,1,0,0,2,0,78.63474576271186,2.6152542372881413
5600-KTXFM,1,0,1,1,2,1,0,69.95,143.9,0,0,0,1,0,0,0,0,0,0,0,0,0,0,0,0,0,0,0,0,0,1,0,1,71.95,-2.0
3871-IKPYH,1,1,0,0,1,1,0,69.1,69.1,1,0,0,1,0,0,0,0,0,0,0,0,0,0,0,0,0,0,0,0,1,0,0,1,69.1,0.0
6319-IEJWJ,1,0,1,1,20,1,1,90.2,1776.55,1,0,0,1,0,0,0,0,0,0,0,0,0,0,1,0,1,0,0,0,1,0,2,0,88.8275,1.3725000000000023
9025-AOMKI,0,0,0,0,6,1,1,93.55,536.4,1,0,1,1,0,0,0,0,0,0,0,0,0,0,1,0,1,0,0,0,0,0,2,1,89.39999999999999,4.150000000000006
6339-TBELP,1,0,0,0,71,1,1,86.4,6172.0,0,0,1,1,0,0,0,0,0,0,1,0,1,0,0,0,0,0,1,1,0,0,2,0,86.92957746478874,-0.5295774647887299
7964-YESJC,0,0,1,0,24,1,0,66.3,1559.45,0,0,1,0,0,0,1,0,1,0,1,0,0,0,0,0,0,0,0,0,0,1,3,0,64.97708333333334,1.3229166666666572
6173-GOLSU,1,1,1,0,67,1,1,94.65,6079.0,0,0,1,1,0,0,0,0,0,0,0,0,0,0,1,0,1,0,0,1,0,0,2,0,90.73134328358209,3.918656716417914
5275-SQEIZ,1,0,0,0,1,1,1,80.85,80.85,1,0,0,1,0,0,0,0,0,0,0,0,0,0,0,0,1,0,0,0,0,1,1,1,80.85,0.0
7716-YTYHG,0,0,1,1,48,1,1,82.05,4029.95,1,0,1,1,0,0,0,0,0,0,0,0,0,0,0,0,1,1,0,0,0,1,1,0,83.95729166666666,-1.9072916666666657
9938-ZREHM,0,0,1,0,37,1,0,72.1,2658.4,0,0,1,0,0,0,0,0,1,0,0,0,1,0,0,0,1,1,0,0,0,1,3,0,71.84864864864865,0.2513513513513459
7950-XWOVN,1,0,0,0,11,0,0,34.7,383.55,0,1,0,0,0,0,0,0,1,0,1,0,0,0,0,0,0,0,0,0,0,1,2,1,34.86818181818182,-0.16818181818181444
4390-KYULV,1,0,1,0,3,1,1,20.55,51.15,1,0,0,0,1,1,0,1,0,1,0,1,0,1,0,1,0,0,0,1,0,0,0,1,17.05,3.5
4647-MUZON,0,0,1,0,18,1,1,95.95,1745.5,0,0,0,1,0,0,0,0,0,0,1,0,0,0,1,0,1,0,0,1,0,0,3,0,96.97222222222223,-1.0222222222222257
9702-AIUJO,1,0,1,1,50,1,1,44.8,2230.85,0,0,0,0,0,0,0,0,0,0,0,0,0,0,0,0,0,1,0,0,0,0,0,0,44.617,0.18299999999999983
8849-PRIQJ,0,0,1,1,67,1,1,109.4,7281.6,0,0,1,1,0,0,1,0,0,0,1,0,1,0,1,0,1,1,0,0,1,0,5,0,108.68059701492538,0.7194029850746233
8851-RAGOV,0,0,1,0,25,1,1,71.05,1837.7,0,0,0,0,0,0,1,0,1,0,0,0,1,0,0,0,1,0,0,0,0,1,4,0,73.508,-2.4579999999999984
1304-NECVQ,0,1,0,0,2,1,1,78.55,149.55,1,0,1,1,0,0,0,0,0,0,1,0,0,0,0,0,0,0,0,0,1,0,1,1,74.775,3.7749999999999915
5396-IZEPB,1,0,0,0,9,1,0,19.7,180.7,0,0,0,0,1,1,0,1,0,1,0,1,0,1,0,1,0,0,0,1,0,0,0,1,20.077777777777776,-0.37777777777777644
1729-VLAZJ,0,0,0,1,10,0,0,40.25,411.45,0,1,0,0,0,0,1,0,1,0,0,0,1,0,0,0,0,1,0,0,0,1,3,1,41.144999999999996,-0.894999999999996
8285-ABVLB,0,0,1,0,70,1,0,19.85,1328.35,0,0,0,0,1,1,0,1,0,1,0,1,0,1,0,1,0,0,1,1,0,0,0,0,18.97642857142857,0.8735714285714309
0701-TJSEF,1,0,0,0,9,1,1,68.25,576.95,0,0,0,0,0,0,1,0,0,0,1,0,1,0,0,0,1,0,0,0,0,0,4,1,64.10555555555555,4.144444444444446
5712-VBOXD,0,0,0,0,4,1,1,20.15,68.45,0,0,0,0,1,1,0,1,0,1,0,1,0,1,0,1,0,0,0,1,0,0,0,1,17.1125,3.037499999999998
6629-LADHQ,0,0,0,0,2,1,0,50.95,123.05,0,0,0,0,0,0,1,0,0,0,0,0,0,0,0,0,0,0,0,0,0,1,1,1,61.525,-10.574999999999996
8945-GRKHX,0,0,0,1,1,1,0,78.65,78.65,1,0,0,1,0,0,0,0,0,0,0,0,0,0,0,0,1,0,0,0,1,0,1,1,78.65,0.0
1559-DTODC,1,0,0,0,19,0,1,25.15,468.35,0,1,0,0,0,0,0,0,0,0,0,0,0,0,0,0,0,0,0,0,0,0,0,0,24.650000000000002,0.49999999999999645
4797-MIWUM,1,0,1,1,7,1,1,20.25,174.7,0,0,0,0,1,1,0,1,0,1,0,1,0,1,0,1,0,0,0,0,0,0,0,1,24.957142857142856,-4.7071428571428555
6959-UWKHF,1,0,0,0,1,1,1,42.9,42.9,1,0,0,0,0,0,0,0,0,0,0,0,0,0,0,0,0,0,0,0,1,0,0,1,42.9,0.0
8720-RQSBJ,1,1,0,0,1,1,0,44.0,44.0,0,0,0,0,0,0,0,0,0,0,0,0,0,0,0,0,0,0,0,0,1,0,0,1,44.0,0.0
4537-CIBHB,0,0,1,1,9,1,0,20.25,172.35,0,0,0,0,1,1,0,1,0,1,0,1,0,1,0,1,0,1,0,0,0,1,0,1,19.15,1.1000000000000014
3815-SLMEF,0,0,0,0,3,0,0,34.25,139.35,1,1,0,0,0,0,1,0,0,0,0,0,1,0,0,0,0,0,0,0,0,1,2,1,46.449999999999996,-12.199999999999996
5154-VEKBL,0,0,0,0,9,0,0,58.5,539.85,1,1,0,0,0,0,1,0,0,0,1,0,1,0,1,0,1,0,0,0,0,1,5,1,59.983333333333334,-1.4833333333333343
4324-AHJKS,0,0,0,0,5,1,0,55.8,300.4,0,0,0,0,0,0,1,0,0,0,1,0,0,0,0,0,0,0,0,1,0,0,2,1,60.08,-4.280000000000001
4355-CVPVS,0,0,1,1,56,1,0,88.9,4968.0,0,0,0,1,0,0,0,0,0,0,0,0,0,0,1,0,1,1,0,0,0,0,2,0,88.71428571428571,0.1857142857142975
4495-LHSSK,0,0,0,1,18,1,0,57.65,992.7,0,0,1,0,0,0,1,0,0,0,0,0,0,0,0,0,0,0,0,0,0,1,1,0,55.150000000000006,2.499999999999993
5655-JSMZM,1,1,0,0,49,1,1,96.2,4718.25,1,0,1,1,0,0,0,0,0,0,0,0,0,0,1,0,1,0,0,0,1,0,2,0,96.29081632653062,-0.09081632653061433
5915-ANOEI,1,0,1,0,70,1,0,79.15,5536.5,0,0,1,0,0,0,1,0,1,0,1,0,1,0,1,0,0,0,1,0,0,1,5,0,79.09285714285714,0.057142857142864045
9861-PDSZP,0,0,0,0,72,1,1,108.05,7806.6,0,0,1,1,0,0,0,0,1,0,1,0,1,0,1,0,1,0,1,1,0,0,5,0,108.42500000000001,-0.3750000000000142
4505-EXZHB,0,1,0,0,6,1,0,74.4,434.1,1,0,0,1,0,0,0,0,0,0,1,0,0,0,0,0,0,0,0,0,1,0,1,1,72.35000000000001,2.049999999999997
7225-CBZPL,1,1,1,0,17,1,1,94.8,1563.9,0,0,1,1,0,0,0,0,0,0,0,0,0,0,1,0,1,0,0,0,1,0,2,0,91.99411764705883,2.8058823529411683
6704-UTUKK,1,0,1,0,29,0,1,45.9,1332.4,0,1,0,0,0,0,0,0,0,0,0,0,0,0,1,0,1,0,0,0,1,0,2,0,45.9448275862069,-0.04482758620689964
4587-VVTOX,0,0,1,0,6,1,1,105.3,545.2,1,0,1,1,0,0,0,0,1,0,1,0,0,0,1,0,1,0,0,0,1,0,4,1,90.86666666666667,14.433333333333323
2019-HDCZY,1,0,1,0,63,1,0,102.6,6296.75,0,0,1,1,0,0,0,0,0,0,1,0,0,0,1,0,1,0,1,0,1,0,3,0,99.9484126984127,2.6515873015872984
4652-NNHNY,1,0,1,0,16,1,1,73.85,1284.2,1,0,1,1,0,0,0,0,0,0,0,0,0,0,0,0,0,0,0,0,0,0,0,0,80.2625,-6.4125000000000085
8788-DOXSU,1,0,0,0,59,1,1,61.35,3645.5,0,0,0,0,0,0,0,0,0,0,1,0,0,0,0,0,1,1,0,0,0,0,2,0,61.78813559322034,-0.4381355932203377
7404-JLKQG,0,0,0,0,3,1,0,57.55,161.45,0,0,0,0,0,0,0,0,0,0,1,0,0,0,1,0,0,0,0,0,1,0,2,1,53.81666666666666,3.7333333333333343
7421-ZLUPA,0,0,0,0,8,0,1,29.25,226.95,0,1,0,0,0,0,0,0,1,0,0,0,0,0,0,0,0,0,0,0,0,1,1,1,28.36875,0.8812500000000014
8972-HJWNV,0,1,1,0,7,1,1,84.55,646.85,1,0,1,1,0,0,0,0,0,0,0,0,0,0,0,0,1,0,0,0,1,0,1,1,92.40714285714286,-7.857142857142861
3274-NSDWE,0,0,0,0,68,1,0,19.6,1441.65,0,0,0,0,1,1,0,1,0,1,0,1,0,1,0,1,0,0,1,1,0,0,0,0,21.20073529411765,-1.6007352941176478
2632-IVXVF,0,0,1,1,68,1,0,111.75,7511.3,0,0,1,1,0,0,1,0,0,0,1,0,1,0,1,0,1,0,1,1,0,0,5,0,110.46029411764707,1.2897058823529335
3692-JHONH,0,1,1,0,52,1,1,106.5,5621.85,0,0,1,1,0,0,0,0,1,0,1,0,0,0,1,0,1,1,0,0,1,0,4,0,108.11250000000001,-1.6125000000000114
8915-NNTRC,1,0,1,1,72,1,1,107.7,7919.8,0,0,1,1,0,0,1,0,1,0,0,0,1,0,1,0,1,0,1,1,0,0,5,0,109.99722222222222,-2.297222222222217
5914-GXMDA,0,0,1,0,32,1,0,19.3,593.2,0,0,0,0,1,1,0,1,0,1,0,1,0,1,0,1,0,1,0,0,0,1,0,0,18.5375,0.7624999999999993
7463-IFMQU,0,0,1,0,72,1,0,20.05,1423.65,0,0,0,0,1,1,0,1,0,1,0,1,0,1,0,1,0,0,1,0,0,0,0,0,19.772916666666667,0.27708333333333357
2920-RNCEZ,1,0,1,1,1,1,1,69.95,69.95,0,0,0,1,0,0,0,0,0,0,0,0,0,0,0,0,0,0,0,1,0,0,0,1,69.95,0.0
2541-YGPKE,1,0,1,1,42,1,0,63.7,2763.35,0,0,0,0,0,0,1,0,0,0,0,0,1,0,0,0,1,1,0,1,0,0,3,0,65.79404761904762,-2.0940476190476147
8515-OCTJS,0,0,0,0,25,1,0,24.75,692.1,1,0,1,0,1,1,0,1,0,1,0,1,0,1,0,1,0,0,1,1,0,0,0,0,27.684,-2.934000000000001
5382-TEMLV,1,0,0,0,45,1,1,50.9,2298.55,0,0,0,0,0,0,1,0,0,0,0,0,0,0,0,0,0,0,0,0,0,0,1,0,51.07888888888889,-0.17888888888889198
3441-CGZJH,0,0,1,1,43,0,1,60.4,2640.55,0,1,0,0,0,0,1,0,0,0,1,0,1,0,1,0,1,1,0,1,0,0,5,0,61.40813953488372,-1.0081395348837248
9592-ERDKV,1,0,1,0,37,1,0,79.25,2911.8,0,0,1,0,0,0,1,0,0,0,1,0,0,0,1,0,1,1,0,0,0,1,4,0,78.6972972972973,0.5527027027027032
2860-RANUS,0,1,0,0,20,1,1,85.8,1727.5,1,0,1,1,0,0,0,0,0,0,0,0,0,0,0,0,1,0,0,1,0,0,1,0,86.375,-0.5750000000000028
5261-QSHQM,0,0,0,0,4,0,1,24.45,86.6,1,1,0,0,0,0,0,0,0,0,0,0,0,0,0,0,0,0,0,0,1,0,0,1,21.65,2.8000000000000007
4778-IZARL,1,0,1,0,63,1,1,110.1,6705.7,0,0,0,1,0,0,1,0,1,0,1,0,1,0,1,0,1,0,1,1,0,0,6,0,106.43968253968254,3.660317460317458
0432-CAJZV,1,0,0,0,3,1,0,90.7,237.65,0,0,0,1,0,0,0,0,0,0,0,0,0,0,1,0,1,0,0,0,0,1,2,1,79.21666666666667,11.483333333333334
7008-LZVOZ,1,0,1,1,66,1,1,25.3,1672.35,0,0,1,0,1,1,0,1,0,1,0,1,0,1,0,1,0,0,1,1,0,0,0,0,25.33863636363636,-0.03863636363636047
8868-WOZGU,1,0,0,0,28,1,1,105.7,2979.5,1,0,1,1,0,0,0,0,1,0,1,0,0,0,1,0,1,0,0,0,1,0,4,0,106.41071428571429,-0.710714285714289
1200-TUZHR,0,1,0,0,8,1,0,85.2,695.75,0,0,1,1,0,0,0,0,0,0,0,0,0,0,0,0,1,0,0,0,1,0,1,1,86.96875,-1.7687499999999972
9365-CSLBQ,1,0,0,1,71,1,0,24.35,1654.6,0,0,1,0,1,1,0,1,0,1,0,1,0,1,0,1,0,0,1,0,0,1,0,0,23.304225352112674,1.0457746478873275
1334-FJSVR,1,0,0,0,1,0,1,24.25,24.25,1,1,0,0,0,0,0,0,0,0,0,0,0,0,0,0,0,0,0,0,1,0,0,1,24.25,0.0
5884-FBCTL,0,0,1,1,72,1,0,25.1,1857.85,0,0,1,0,1,1,0,1,0,1,0,1,0,1,0,1,0,0,1,0,0,0,0,0,25.803472222222222,-0.7034722222222207
7130-CTCUS,1,1,1,0,16,1,1,54.55,825.1,0,0,0,0,0,0,1,0,1,0,0,0,0,0,0,0,0,0,0,0,0,0,2,0,51.56875,2.9812499999999957
6242-FEGFD,1,0,1,0,66,1,0,96.6,6424.25,0,0,1,1,0,0,1,0,1,0,1,0,1,0,0,0,0,0,1,0,0,1,4,0,97.33712121212122,-0.7371212121212238
7625-XCQRH,0,0,0,0,11,1,1,76.5,837.95,1,0,1,1,0,0,0,0,0,0,0,0,0,0,0,0,0,0,0,0,1,0,0,1,76.17727272727274,0.3227272727272634
6194-HBGQN,1,0,0,0,51,1,1,81.15,4126.2,0,0,1,0,0,0,1,0,1,0,1,0,1,0,1,0,0,1,0,1,0,0,5,0,80.90588235294118,0.24411764705882888
7634-WSWDB,0,0,0,1,8,0,1,38.5,330.8,0,1,0,0,0,0,1,0,0,0,0,0,0,0,0,0,1,0,0,0,1,0,2,1,41.35,-2.8500000000000014
6986-IXNDM,1,0,0,0,14,1,1,92.9,1337.45,0,0,0,1,0,0,0,0,0,0,0,0,0,0,1,0,1,0,0,0,1,0,2,0,95.53214285714286,-2.6321428571428527
1731-TVIUK,0,0,0,0,4,1,1,93.5,362.2,1,0,1,1,0,0,0,0,1,0,0,0,1,0,0,0,1,0,0,0,1,0,3,1,90.55,2.950000000000003
2987-BJXIK,0,0,0,0,70,1,0,84.7,5991.05,0,0,1,0,0,0,1,0,1,0,1,0,0,0,1,0,1,0,1,0,0,1,5,0,85.58642857142857,-0.8864285714285671
9769-TSBZE,0,0,0,1,70,1,0,66.0,4891.5,0,0,1,0,0,0,1,0,1,0,0,0,1,0,0,0,0,0,1,0,1,0,3,0,69.87857142857143,-3.8785714285714334
0406-BPDVR,0,1,1,0,54,1,1,101.5,5373.1,1,0,1,1,0,0,0,0,1,0,0,0,0,0,1,0,1,1,0,1,0,0,3,0,99.50185185185185,1.9981481481481467
0618-XWMSS,1,0,0,1,28,1,1,74.9,2068.55,1,0,0,1,0,0,1,0,0,0,0,0,0,0,0,0,0,0,0,0,0,0,1,0,73.87678571428572,1.023214285714289
1395-WSWXR,1,0,0,0,24,1,0,20.75,487.05,0,0,0,0,1,1,0,1,0,1,0,1,0,1,0,1,0,0,1,0,0,1,0,0,20.29375,0.4562500000000007
6023-GSSXW,0,0,1,0,69,1,1,61.45,4131.2,0,0,0,0,0,0,0,0,1,0,0,0,0,0,0,0,1,0,1,1,0,0,2,0,59.87246376811594,1.5775362318840607
6752-APNJL,1,0,1,1,42,1,0,54.5,2301.15,0,0,0,0,0,0,1,0,1,0,0,0,0,0,0,0,0,0,0,0,0,1,2,0,54.78928571428572,-0.28928571428571814
5276-KQWHG,0,1,0,0,2,1,1,69.6,131.65,1,0,0,1,0,0,0,0,0,0,0,0,0,0,0,0,0,0,0,0,1,0,0,1,65.825,3.7749999999999915
0420-HLGXF,0,1,0,0,39,1,1,99.75,4036.0,0,0,1,1,0,0,0,0,0,0,1,0,0,0,1,0,1,0,0,0,1,0,3,0,103.48717948717949,-3.737179487179489
7446-KQISO,1,0,1,1,45,1,1,109.75,4900.65,0,0,1,1,0,0,0,0,1,0,1,0,1,0,1,0,1,0,1,0,0,0,5,0,108.90333333333332,0.8466666666666782
9823-EALYC,1,0,1,1,72,1,1,80.85,5727.45,0,0,1,0,0,0,1,0,1,0,1,0,1,0,1,0,0,0,1,0,0,0,5,0,79.54791666666667,1.3020833333333286
0582-AVCLN,0,0,0,0,38,1,0,20.3,743.05,0,0,0,0,1,1,0,1,0,1,0,1,0,1,0,1,0,0,1,0,0,1,0,0,19.553947368421053,0.746052631578948
5803-NQJZO,1,0,1,0,72,1,1,67.8,4804.65,0,0,1,0,0,0,1,0,1,0,1,0,1,0,0,0,0,0,1,0,0,0,4,0,66.73124999999999,1.0687500000000085
2565-JSLRY,1,0,0,0,1,1,1,24.05,24.05,1,0,1,0,1,1,0,1,0,1,0,1,0,1,0,1,0,0,0,0,0,1,0,1,24.05,0.0
2607-DHDAK,1,0,1,1,72,1,1,19.8,1414.65,0,0,0,0,1,1,0,1,0,1,0,1,0,1,0,1,0,0,1,1,0,0,0,0,19.647916666666667,0.15208333333333357
1073-XXCZD,1,0,1,0,55,1,0,25.7,1443.65,0,0,1,0,1,1,0,1,0,1,0,1,0,1,0,1,0,0,1,0,0,0,0,0,26.24818181818182,-0.5481818181818205
0743-HRVFF,0,0,1,1,51,0,1,56.15,2898.95,0,1,0,0,0,0,0,0,0,0,1,0,1,0,1,0,1,1,0,0,1,0,4,0,56.84215686274509,-0.6921568627450938
4006-HKYHO,1,0,0,0,63,1,1,86.7,5309.5,0,0,0,0,0,0,1,0,1,0,1,0,1,0,1,0,1,0,1,0,0,0,6,0,84.27777777777777,2.4222222222222314
3727-JEZTU,0,0,0,0,1,1,0,20.4,20.4,0,0,0,0,1,1,0,1,0,1,0,1,0,1,0,1,0,0,0,0,0,1,0,1,20.4,0.0
8143-ETQTI,0,0,1,1,23,1,1,19.65,451.55,0,0,0,0,1,1,0,1,0,1,0,1,0,1,0,1,0,0,1,0,0,1,0,0,19.632608695652173,0.0173913043478251
6689-KXGBO,0,0,0,0,1,1,0,50.55,50.55,1,0,0,0,0,0,0,0,1,0,0,0,0,0,0,0,0,0,0,0,1,0,1,1,50.55,0.0
9667-TKTVZ,0,0,0,0,2,1,1,54.35,117.05,0,0,1,0,0,0,0,0,0,0,0,0,1,0,0,0,0,0,0,0,0,1,1,1,58.525,-4.174999999999997
3657-COGMW,0,1,0,0,52,1,0,108.1,5839.3,0,0,1,1,0,0,1,0,1,0,1,0,0,0,1,0,1,0,0,1,0,0,5,0,112.29423076923078,-4.194230769230785
8570-KLJYJ,0,0,0,0,36,1,0,54.45,1893.5,0,0,1,0,0,0,1,0,0,0,0,0,0,0,0,0,0,1,0,0,0,1,1,0,52.59722222222222,1.8527777777777814
7754-IXRMC,0,0,0,0,1,1,0,45.35,45.35,0,0,0,0,0,0,0,0,0,0,0,0,0,0,0,0,0,0,0,0,0,1,0,1,45.35,0.0
9473-CBZOP,0,0,0,0,28,1,0,59.0,1654.45,0,0,1,0,0,0,1,0,0,0,1,0,0,0,0,0,0,1,0,0,0,1,2,0,59.0875,-0.08749999999999858
2969-WGHQO,0,0,1,1,7,1,0,69.45,477.05,0,0,0,0,0,0,1,0,1,0,1,0,0,0,1,0,0,1,0,0,1,0,4,1,68.15,1.2999999999999972
6615-NGGZJ,1,0,0,0,14,1,1,100.55,1415.55,1,0,1,1,0,0,0,0,1,0,0,0,0,0,1,0,1,0,0,0,1,0,3,0,101.11071428571428,-0.5607142857142833
4334-HOWRP,1,1,1,0,72,0,1,64.95,4546.0,0,1,0,0,0,0,1,0,1,0,1,0,1,0,1,0,1,0,1,1,0,0,6,0,63.138888888888886,1.8111111111111171
4255-DDUOU,0,0,1,1,1,1,1,20.5,20.5,1,0,0,0,1,1,0,1,0,1,0,1,0,1,0,1,0,0,0,0,0,1,0,1,20.5,0.0
5863-OOKCL,0,0,0,0,10,1,0,18.85,163.2,0,0,0,0,1,1,0,1,0,1,0,1,0,1,0,1,0,0,0,0,0,1,0,1,16.32,2.530000000000001
1686-STUHN,1,0,0,0,42,1,0,19.8,849.9,0,0,0,0,1,1,0,1,0,1,0,1,0,1,0,1,0,1,0,0,0,0,0,0,20.235714285714284,-0.4357142857142833
1329-VHWNP,0,0,0,0,7,0,0,25.05,189.95,0,1,0,0,0,0,0,0,0,0,0,0,0,0,0,0,0,0,0,0,0,0,0,1,27.135714285714283,-2.085714285714282
2984-MIIZL,1,0,0,0,4,1,1,74.8,321.9,1,0,0,1,0,0,0,0,0,0,1,0,0,0,0,0,0,0,0,0,0,0,1,1,80.475,-5.674999999999997
0266-GMEAO,1,0,1,1,72,1,1,114.3,8058.55,0,0,1,1,0,0,1,0,1,0,1,0,1,0,1,0,1,0,1,1,0,0,6,0,111.92430555555556,2.3756944444444343
5590-YRFJT,0,0,1,0,20,0,1,24.45,482.8,1,1,0,0,0,0,0,0,0,0,0,0,0,0,0,0,0,0,0,0,1,0,0,0,24.14,0.3099999999999987
5574-NXZIU,1,0,0,0,63,1,0,109.2,7049.75,0,0,0,1,0,0,1,0,1,0,1,0,1,0,1,0,1,0,1,1,0,0,6,0,111.90079365079364,-2.700793650793642
0019-GFNTW,0,0,0,0,56,0,0,45.05,2560.1,0,1,0,0,0,0,1,0,1,0,1,0,1,0,0,0,0,0,1,0,0,0,4,0,45.716071428571425,-0.6660714285714278
4256-ZWTZI,0,0,0,1,5,1,1,51.0,286.8,0,0,0,0,0,0,0,0,0,0,0,0,1,0,0,0,0,0,0,0,0,1,1,1,57.36,-6.359999999999999
8309-PPCED,0,0,1,0,72,1,1,110.45,7982.5,0,0,1,1,0,0,0,0,1,0,1,0,1,0,1,0,1,0,1,0,0,0,5,0,110.86805555555556,-0.4180555555555543
4098-NAUKP,1,1,1,1,68,1,1,84.65,5683.6,0,0,1,1,0,0,0,0,1,0,1,0,0,0,0,0,0,0,0,0,1,0,2,0,83.58235294117648,1.0676470588235247
5196-WPYOW,1,0,1,1,67,1,0,60.05,3994.05,0,0,0,0,0,0,1,0,1,0,0,0,1,0,0,0,0,1,0,0,0,1,3,0,59.61268656716418,0.4373134328358148
4608-LCIMN,1,0,1,1,8,1,0,44.65,369.15,0,0,0,0,0,0,0,0,0,0,0,0,0,0,0,0,0,0,0,0,0,0,0,1,46.14375,-1.4937499999999986
1485-YDHMM,1,0,1,1,52,1,1,93.25,4631.7,0,0,1,1,0,0,0,0,1,0,0,0,1,0,0,0,1,0,0,0,0,0,3,0,89.07115384615385,4.178846153846152
4054-CUMIA,0,0,1,1,18,1,1,20.25,401.95,0,0,0,0,1,1,0,1,0,1,0,1,0,1,0,1,0,0,0,0,0,1,0,0,22.330555555555556,-2.0805555555555557
0603-TPMIB,0,0,1,1,59,1,0,25.45,1534.05,0,0,1,0,1,1,0,1,0,1,0,1,0,1,0,1,0,0,1,0,0,1,0,0,26.000847457627117,-0.5508474576271176
2525-GVKQU,0,0,0,0,60,1,0,20.6,1093.0,0,0,0,0,1,1,0,1,0,1,0,1,0,1,0,1,0,0,1,0,0,1,0,0,18.216666666666665,2.3833333333333364
8161-QYMTT,1,0,0,0,7,1,1,94.1,701.3,0,0,1,1,0,0,0,0,0,0,0,0,0,0,1,0,1,0,0,0,1,0,2,1,100.18571428571428,-6.085714285714289
9581-GVBXT,1,0,1,1,59,0,0,34.8,1980.3,0,1,0,0,0,0,1,0,0,0,1,0,0,0,0,0,0,1,0,0,0,1,2,0,33.56440677966101,1.235593220338984
5862-BRIXZ,1,0,0,0,46,0,1,60.75,2893.4,0,1,0,0,0,0,1,0,0,0,1,0,1,0,1,0,1,0,1,0,0,0,5,0,62.9,-2.1499999999999986
5404-GGUKR,1,0,0,0,5,1,1,51.35,262.3,0,0,0,0,0,0,0,0,1,0,0,0,0,0,0,0,0,0,0,0,1,0,1,1,52.46,-1.1099999999999994
3308-JSGML,1,1,1,0,59,0,1,64.05,3886.85,0,1,0,0,0,0,1,0,0,0,1,0,1,0,1,0,1,0,1,1,0,0,5,0,65.87881355932203,-1.828813559322029
2126-GSEGL,0,0,1,0,70,1,1,84.8,5917.55,0,0,1,0,0,0,0,0,1,0,1,0,1,0,1,0,1,0,1,0,0,0,5,0,84.53642857142857,0.26357142857142435
3677-TNKIO,0,0,0,0,14,1,1,71.0,914.0,1,0,0,1,0,0,0,0,0,0,0,0,0,0,0,0,0,0,0,1,0,0,0,0,65.28571428571429,5.714285714285708
0440-QEXBZ,0,0,0,0,44,1,1,50.15,2139.1,0,0,1,0,0,0,0,0,0,0,0,0,0,0,0,0,0,0,0,0,0,1,0,0,48.61590909090909,1.5340909090909065
2434-EEVDB,0,0,1,0,64,1,1,94.6,5948.7,0,0,1,1,0,0,1,0,0,0,1,0,0,0,1,0,0,0,1,1,0,0,3,0,92.9484375,1.6515624999999972
6762-QVYJO,0,0,1,1,58,0,0,59.75,3624.35,0,1,0,0,0,0,1,0,0,0,1,0,1,0,1,0,1,0,1,0,0,1,5,0,62.48879310344827,-2.7387931034482733
6199-IWKGC,0,1,1,0,46,1,0,100.25,4753.85,0,0,1,1,0,0,0,0,0,0,0,0,1,0,1,0,1,1,0,0,1,0,3,0,103.3445652173913,-3.094565217391306
2675-DHUTR,1,1,1,0,58,1,1,98.9,5780.7,0,0,1,1,0,0,0,0,1,0,0,0,0,0,1,0,1,0,0,0,1,0,3,0,99.66724137931034,-0.7672413793103345
8152-VETUR,0,0,1,0,72,1,1,97.7,6869.7,0,0,1,1,0,0,0,0,1,0,0,0,0,0,1,0,1,0,1,1,0,0,3,0,95.4125,2.2875000000000085
9667-EQRXU,0,1,0,0,30,0,1,40.3,1172.95,1,1,0,0,0,0,0,0,0,0,1,0,0,0,1,0,0,0,0,0,1,0,2,0,39.098333333333336,1.2016666666666609
7446-YPODE,1,1,0,0,11,1,0,60.25,662.95,0,0,1,0,0,0,1,0,1,0,0,0,0,0,0,0,0,0,0,0,0,0,2,1,60.26818181818182,-0.018181818181822962
9522-BNTHX,0,1,0,0,34,0,1,56.25,1765.95,0,1,0,0,0,0,0,0,1,0,1,0,0,0,1,0,1,0,0,0,1,0,4,0,51.93970588235294,4.310294117647061
4676-WLUHT,1,0,0,0,54,0,0,46.2,2431.95,0,1,0,0,0,0,1,0,1,0,0,0,0,0,0,0,1,0,1,0,0,0,3,0,45.036111111111104,1.1638888888888985
3329-WDIOK,0,0,0,0,3,0,1,50.6,155.35,1,1,0,0,0,0,0,0,1,0,0,0,0,0,1,0,1,0,0,0,1,0,3,1,51.78333333333333,-1.18333333333333
7980-MHFLQ,0,0,1,1,72,1,0,24.9,1859.2,0,0,1,0,1,1,0,1,0,1,0,1,0,1,0,1,0,0,1,0,0,1,0,0,25.822222222222223,-0.9222222222222243
2873-ZLIWT,0,0,1,1,40,1,1,84.85,3303.05,1,0,1,1,0,0,0,0,0,0,1,0,1,0,0,0,0,0,0,0,1,0,2,0,82.57625,2.2737499999999926
3415-TAILE,0,0,1,1,2,1,0,65.7,134.35,1,0,0,0,0,0,0,0,0,0,0,0,0,0,1,0,1,0,0,0,0,1,2,1,67.175,-1.4749999999999943
0757-WCUUZ,1,0,1,1,54,1,0,63.35,3409.1,0,0,1,0,0,0,0,0,0,0,1,0,0,0,0,0,1,0,1,1,0,0,2,0,63.13148148148148,0.2185185185185219
1629-DQQVB,0,0,0,0,14,1,0,50.1,709.5,0,0,0,0,0,0,1,0,0,0,0,0,0,0,0,0,0,0,0,0,0,0,1,0,50.67857142857143,-0.5785714285714292
1915-IOFGU,0,0,0,0,1,1,0,70.5,70.5,1,0,0,1,0,0,0,0,0,0,0,0,0,0,0,0,0,0,0,0,1,0,0,1,70.5,0.0
3045-XETSH,0,0,0,0,10,1,1,94.85,953.45,1,0,1,1,0,0,0,0,1,0,1,0,0,0,0,0,1,0,0,0,1,0,3,1,95.345,-0.49500000000000455
0374-AACSZ,0,0,0,0,1,1,0,50.15,50.15,0,0,0,0,0,0,1,0,0,0,0,0,0,0,0,0,0,0,0,0,1,0,1,1,50.15,0.0
7239-HZZCX,1,0,0,0,1,1,0,19.75,19.75,1,0,0,0,1,1,0,1,0,1,0,1,0,1,0,1,0,0,0,0,0,1,0,1,19.75,0.0
4872-VXRIL,1,0,0,0,56,1,1,64.65,3665.55,0,0,1,0,0,0,1,0,1,0,0,0,1,0,0,0,0,1,0,0,0,0,3,0,65.45625,-0.8062499999999915
9140-CZQZZ,0,0,1,0,68,1,1,79.6,5515.8,0,0,0,0,0,0,1,0,1,0,0,0,1,0,1,0,1,0,1,0,0,0,5,0,81.11470588235295,-1.5147058823529562
3423-HHXAO,0,0,1,1,14,1,1,19.5,272.0,0,0,0,0,1,1,0,1,0,1,0,1,0,1,0,1,0,1,0,0,0,1,0,0,19.428571428571427,0.07142857142857295
9938-TKDGL,1,0,1,1,68,1,1,99.55,6668.0,0,0,0,1,0,0,1,0,0,0,0,0,1,0,1,0,1,0,1,0,1,0,4,0,98.05882352941177,1.491176470588229
0531-ZZJWQ,1,1,1,0,55,1,1,74.0,4052.4,0,0,1,1,0,0,0,0,0,0,0,0,0,0,0,0,0,0,0,0,1,0,0,0,73.68,0.3199999999999932
6537-QLGEX,0,0,0,0,16,0,1,38.9,664.4,0,1,0,0,0,0,1,0,0,0,0,0,0,0,1,0,0,0,0,0,1,0,2,0,41.525,-2.625
2688-BHGOG,1,1,0,0,9,1,1,79.55,718.55,0,0,0,1,0,0,0,0,0,0,0,0,0,0,0,0,1,0,0,0,1,0,1,1,79.83888888888889,-0.2888888888888914
7683-CBDKJ,1,0,1,1,14,1,1,65.45,937.6,1,0,0,0,0,0,1,0,1,0,0,0,0,0,1,0,0,0,0,0,1,0,3,0,66.97142857142858,-1.5214285714285722
0946-CLJTI,1,1,1,0,58,1,1,98.7,5812.6,1,0,1,1,0,0,0,0,0,0,1,0,0,0,1,0,1,0,0,0,1,0,3,0,100.21724137931035,-1.5172413793103487
3160-TYXLT,1,0,0,0,53,0,1,46.3,2546.85,0,1,0,0,0,0,1,0,1,0,0,0,0,0,0,0,1,0,0,0,0,0,3,0,48.053773584905656,-1.7537735849056588
1325-USMEC,1,0,1,0,70,1,1,99.35,6944.5,0,0,1,1,0,0,1,0,1,0,1,0,0,0,1,0,0,0,1,1,0,0,4,0,99.20714285714286,0.1428571428571388
0916-QOFDP,0,1,1,1,14,1,1,95.8,1346.3,0,0,1,1,0,0,0,0,0,0,0,0,0,0,1,0,1,0,0,0,1,0,2,0,96.16428571428571,-0.3642857142857139
0628-CNQRM,1,0,1,1,22,1,1,67.5,1544.05,1,0,0,0,0,0,1,0,0,0,1,0,1,0,1,0,0,1,0,0,0,0,4,0,70.18409090909091,-2.684090909090912
5606-AMZBO,0,0,1,0,10,1,1,78.15,765.15,0,0,1,1,0,0,1,0,0,0,0,0,0,0,0,0,0,0,0,1,0,0,1,1,76.515,1.6350000000000051
6199-IPCAO,0,0,1,1,29,1,0,26.1,692.55,0,0,1,0,1,1,0,1,0,1,0,1,0,1,0,1,0,0,1,0,0,1,0,0,23.88103448275862,2.218965517241383
7665-TOALD,0,0,0,0,1,1,1,69.6,69.6,1,0,0,1,0,0,0,0,0,0,0,0,0,0,0,0,0,0,0,0,1,0,0,1,69.6,0.0
0112-QWPNC,1,0,1,0,49,1,0,84.35,4059.35,1,0,1,0,0,0,1,0,0,0,1,0,1,0,1,0,1,1,0,0,1,0,5,0,82.84387755102041,1.506122448979582
0324-BRPCJ,0,1,1,0,68,1,1,100.2,6851.65,1,0,1,1,0,0,0,0,1,0,0,0,0,0,1,0,1,0,0,0,1,0,3,0,100.7595588235294,-0.5595588235294002
2777-PHDEI,0,0,0,0,1,1,0,78.05,78.05,1,0,0,1,0,0,0,0,0,0,0,0,0,0,1,0,0,0,0,0,1,0,1,1,78.05,0.0
5640-CAXOA,0,0,0,0,30,0,1,40.35,1187.05,0,1,0,0,0,0,0,0,0,0,0,0,1,0,0,0,1,1,0,1,0,0,2,0,39.568333333333335,0.7816666666666663
2235-EZAIK,0,0,1,0,72,1,0,79.2,5401.9,0,0,1,0,0,0,1,0,1,0,1,0,1,0,1,0,0,0,1,1,0,0,5,0,75.02638888888889,4.173611111111114
3847-BAERP,0,0,0,0,10,1,1,20.9,247.0,0,0,0,0,1,1,0,1,0,1,0,1,0,1,0,1,0,0,0,0,0,1,0,1,24.7,-3.8000000000000007
1196-AMORA,1,0,0,0,7,1,0,73.6,520.0,1,0,1,1,0,0,0,0,0,0,0,0,0,0,0,0,0,0,0,0,1,0,0,1,74.28571428571429,-0.6857142857142975
4282-YMKNA,0,0,0,0,9,1,1,74.75,706.6,1,0,1,1,0,0,0,0,0,0,0,0,0,0,0,0,0,0,0,0,1,0,0,1,78.51111111111112,-3.76111111111112
1453-RZFON,0,0,0,1,1,1,0,49.9,49.9,0,0,0,0,0,0,1,0,0,0,0,0,0,0,0,0,0,0,0,0,0,1,1,1,49.9,0.0
8263-OKETD,0,0,0,0,20,1,1,68.9,1370.35,0,0,1,0,0,0,0,0,1,0,0,0,1,0,0,0,1,0,0,1,0,0,3,0,68.5175,0.3825000000000074
0670-KDOMA,0,0,0,0,1,1,1,20.25,20.25,0,0,0,0,1,1,0,1,0,1,0,1,0,1,0,1,0,0,0,0,0,1,0,1,20.25,0.0
2476-YGEFM,0,0,0,0,29,1,1,76.0,2215.25,0,0,1,1,0,0,0,0,0,0,0,0,0,0,0,0,0,0,0,1,0,0,0,0,76.38793103448276,-0.38793103448276156
8687-BAFGU,1,0,0,0,1,1,0,74.0,74.0,0,0,0,1,0,0,0,0,0,0,0,0,1,0,0,0,0,0,0,0,1,0,1,1,74.0,0.0
0641-EVBOJ,1,0,0,0,3,1,1,82.3,214.4,0,0,0,1,0,0,1,0,0,0,0,0,1,0,0,0,0,0,0,0,0,1,2,1,71.46666666666667,10.833333333333329
0829-XXPLX,0,0,0,0,20,1,1,89.4,1871.15,0,0,0,1,0,0,1,0,0,0,1,0,0,0,1,0,0,0,0,0,0,0,3,0,93.5575,-4.157499999999999
9974-JFBHQ,1,0,0,1,64,1,1,99.15,6171.2,0,0,0,1,0,0,0,0,1,0,0,0,1,0,1,0,1,0,0,1,0,0,4,0,96.425,2.7250000000000085
5356-RHIPP,1,0,0,0,1,1,1,20.2,20.2,1,0,0,0,1,1,0,1,0,1,0,1,0,1,0,1,0,0,0,0,0,1,0,1,20.2,0.0
6624-JDRDS,0,0,0,0,6,0,0,29.45,161.45,0,1,0,0,0,0,1,0,0,0,0,0,0,0,0,0,0,0,0,0,0,0,1,1,26.90833333333333,2.541666666666668
0608-JDVEC,1,0,1,0,50,1,0,19.8,1013.2,0,0,0,0,1,1,0,1,0,1,0,1,0,1,0,1,0,0,1,0,1,0,0,0,20.264,-0.46399999999999864
9780-FKVVF,1,0,0,0,6,1,1,59.15,336.7,0,0,0,0,0,0,1,0,0,0,0,0,0,0,0,0,1,0,0,0,0,0,2,1,56.11666666666667,3.0333333333333314
1919-RTPQD,1,0,1,1,7,1,0,44.75,333.65,0,0,0,0,0,0,0,0,0,0,0,0,0,0,0,0,0,0,0,0,1,0,0,1,47.66428571428571,-2.914285714285711
5214-NLTIT,1,0,1,1,72,1,1,90.8,6511.8,0,0,1,1,0,0,0,0,0,0,1,0,0,0,0,0,1,0,1,1,0,0,2,0,90.44166666666666,0.3583333333333343
3345-PBBFH,1,0,1,0,8,1,1,49.55,393.45,0,0,0,0,0,0,0,0,1,0,0,0,0,0,0,0,0,0,0,0,0,0,1,1,49.18125,0.3687499999999986
5055-BRMNE,0,0,1,1,67,1,0,106.7,7009.5,0,0,1,1,0,0,1,0,0,0,0,0,1,0,1,0,1,0,1,1,0,0,4,0,104.61940298507463,2.080597014925374
9189-JWSHV,0,1,1,0,24,1,1,93.55,2264.05,1,0,1,1,0,0,0,0,0,0,0,0,0,0,1,0,1,0,0,0,1,0,2,0,94.33541666666667,-0.7854166666666771
2190-PHBHR,0,0,1,0,72,1,1,94.45,6921.7,0,0,1,1,0,0,1,0,1,0,0,0,0,0,0,0,1,0,1,1,0,0,3,0,96.13472222222222,-1.68472222222222
2650-GYRYL,1,0,1,1,33,1,1,19.45,600.25,0,0,0,0,1,1,0,1,0,1,0,1,0,1,0,1,0,1,0,0,0,0,0,0,18.189393939393938,1.2606060606060616
0746-JTRFU,1,0,0,0,2,0,1,25.05,56.35,1,1,0,0,0,0,0,0,0,0,0,0,0,0,0,0,0,0,0,0,1,0,0,1,28.175,-3.125
5208-FVQKB,1,0,1,0,70,1,0,67.95,4664.15,0,0,0,0,0,0,1,0,1,0,0,0,1,0,0,0,1,0,1,0,0,1,4,0,66.63071428571428,1.3192857142857264
7184-LRUUR,0,0,0,0,22,1,0,65.25,1441.8,0,0,0,0,0,0,0,0,1,0,1,0,0,0,1,0,0,1,0,0,0,0,3,0,65.53636363636363,-0.2863636363636317
6627-CFOSN,0,0,0,0,59,1,1,99.45,5623.7,0,0,1,1,0,0,1,0,1,0,1,0,0,0,0,0,1,0,0,0,0,0,4,0,95.31694915254236,4.133050847457639
3982-JGSFD,1,0,0,0,36,1,1,20.35,695.85,0,0,0,0,1,1,0,1,0,1,0,1,0,1,0,1,0,1,0,1,0,0,0,0,19.329166666666666,1.0208333333333357
1574-DYCWE,0,0,1,1,51,1,0,19.95,1028.75,0,0,0,0,1,1,0,1,0,1,0,1,0,1,0,1,0,0,1,0,0,1,0,0,20.17156862745098,-0.22156862745098138
7247-XOZPB,1,0,1,0,53,1,0,77.4,4155.95,0,0,1,0,0,0,1,0,0,0,1,0,1,0,1,0,0,1,0,0,0,0,4,0,78.41415094339622,-1.014150943396217
2466-FCCPT,0,0,1,1,20,1,0,19.7,395.6,0,0,0,0,1,1,0,1,0,1,0,1,0,1,0,1,0,1,0,0,0,0,0,0,19.78,-0.08000000000000185
6211-WWLTF,1,0,1,0,63,1,0,99.7,6330.4,0,0,0,1,0,0,1,0,0,0,1,0,0,0,1,0,1,0,1,1,0,0,4,0,100.48253968253968,-0.782539682539678
4826-TZEVA,0,0,0,0,40,1,0,74.8,2971.7,0,0,0,1,0,0,0,0,1,0,0,0,0,0,0,0,0,0,0,1,0,0,1,0,74.29249999999999,0.5075000000000074
6016-NXBNJ,1,0,0,0,35,1,1,19.15,638.0,0,0,0,0,1,1,0,1,0,1,0,1,0,1,0,1,0,1,0,0,0,1,0,0,18.228571428571428,0.9214285714285708
9138-EFSMO,1,0,1,1,26,1,0,78.95,2034.25,0,0,0,1,0,0,0,0,0,0,0,0,0,0,0,0,1,1,0,0,0,0,1,0,78.24038461538461,0.7096153846153896
0576-WNXXC,1,1,1,0,27,1,1,95.55,2510.2,1,0,1,1,0,0,0,0,1,0,1,0,0,0,0,0,1,0,0,0,1,0,3,0,92.97037037037036,2.579629629629636
4632-XJMEX,1,0,0,1,53,1,0,62.85,3419.5,0,0,0,0,0,0,1,0,1,0,0,0,1,0,0,0,0,1,0,1,0,0,3,0,64.51886792452831,-1.668867924528307
8910-LEDAG,1,1,1,0,34,1,0,71.55,2427.35,0,0,0,1,0,0,0,0,0,0,0,0,0,0,0,0,0,0,0,1,0,0,0,0,71.39264705882353,0.15735294117646959
3452-GWUIN,0,1,1,0,19,1,1,94.95,1760.25,0,0,1,1,0,0,0,0,0,0,0,0,0,0,1,0,1,0,0,0,1,0,2,0,92.64473684210526,2.3052631578947427
2716-GFZOR,1,0,1,0,43,1,1,86.1,3551.65,0,0,0,1,0,0,1,0,1,0,1,0,0,0,0,0,0,0,0,1,0,0,3,0,82.59651162790698,3.503488372093017
3724-UCSHY,1,0,1,1,6,1,0,19.55,122.9,0,0,0,0,1,1,0,1,0,1,0,1,0,1,0,1,0,0,0,0,0,1,0,1,20.483333333333334,-0.9333333333333336
8626-XHBIE,1,0,0,1,56,1,1,24.8,1424.2,0,0,1,0,1,1,0,1,0,1,0,1,0,1,0,1,0,0,1,0,0,1,0,0,25.432142857142857,-0.6321428571428562
4628-CTTLA,1,0,0,0,57,0,1,39.3,2111.45,1,1,0,0,0,0,0,0,1,0,0,0,0,0,1,0,0,0,0,0,1,0,2,0,37.04298245614035,2.2570175438596465
3192-LNKRK,1,0,1,1,34,1,1,84.05,2909.95,0,0,0,1,0,0,0,0,0,0,1,0,0,0,1,0,0,0,0,0,0,1,2,0,85.58676470588235,-1.536764705882348
4439-YRNVD,0,0,0,0,10,0,0,36.25,374.0,0,1,0,0,0,0,0,0,1,0,0,0,1,0,0,0,0,0,0,0,1,0,2,1,37.4,-1.1499999999999986
2876-VBBBL,0,0,0,0,1,1,1,20.25,20.25,1,0,0,0,1,1,0,1,0,1,0,1,0,1,0,1,0,0,0,0,0,1,0,1,20.25,0.0
6834-NXDCA,0,0,0,0,13,0,1,23.9,300.8,1,1,0,0,0,0,0,0,0,0,0,0,0,0,0,0,0,0,0,0,1,0,0,0,23.138461538461538,0.7615384615384606
2208-UGTGR,1,0,0,0,56,1,0,98.6,5581.05,0,0,1,1,0,0,0,0,1,0,0,0,0,0,1,0,1,0,0,0,1,0,3,0,99.66160714285715,-1.0616071428571558
3005-TYFRD,0,0,1,0,55,1,1,103.65,5676.65,0,0,1,1,0,0,0,0,1,0,1,0,0,0,1,0,1,0,0,1,0,0,4,0,103.21181818181817,0.4381818181818318
8670-MEFCP,0,0,1,1,36,1,1,92.9,3379.25,0,0,1,0,0,0,1,0,1,0,1,0,1,0,1,0,1,0,1,1,0,0,6,0,93.86805555555556,-0.9680555555555515
3079-BCHLN,1,0,1,0,47,1,0,19.9,942.95,0,0,0,0,1,1,0,1,0,1,0,1,0,1,0,1,0,1,0,0,0,0,0,0,20.06276595744681,-0.16276595744681188
7777-UNYHB,0,0,1,1,12,1,1,20.1,232.4,0,0,0,0,1,1,0,1,0,1,0,1,0,1,0,1,0,0,0,1,0,0,0,1,19.366666666666667,0.7333333333333343
5597-GLBUC,0,0,0,0,1,1,1,85.45,85.45,1,0,0,1,0,0,0,0,0,0,1,0,0,0,1,0,0,0,0,0,1,0,2,1,85.45,0.0
7278-CKDNC,1,1,0,0,24,1,1,80.5,2088.45,0,0,1,1,0,0,0,0,1,0,0,0,0,0,0,0,0,0,0,0,1,0,1,0,87.01875,-6.518749999999997
2748-MYRVK,0,0,0,0,63,1,0,99.9,6137.0,1,0,1,1,0,0,0,0,1,0,0,0,0,0,1,0,1,1,0,0,0,0,3,0,97.41269841269842,2.4873015873015873
8450-UYIBU,0,1,0,0,35,0,1,39.85,1434.6,0,1,0,0,0,0,0,0,0,0,1,0,0,0,1,0,0,0,0,0,1,0,2,0,40.988571428571426,-1.1385714285714243
2969-VAPYH,0,0,0,0,67,1,0,60.5,3870.0,0,0,0,0,0,0,1,0,1,0,0,0,1,0,0,0,0,1,0,1,0,0,3,0,57.76119402985075,2.738805970149251
4822-YCXMX,1,0,0,0,25,1,1,84.8,2043.45,1,0,1,1,0,0,0,0,0,0,0,0,0,0,0,0,1,0,0,0,1,0,1,0,81.738,3.0619999999999976
7181-OQCUT,1,0,0,0,21,1,0,103.85,2215.0,0,0,1,1,0,0,1,0,0,0,1,0,0,0,1,0,1,0,0,0,0,1,4,0,105.47619047619048,-1.6261904761904873
8474-UMLNT,0,0,0,0,13,1,0,67.8,842.25,0,0,0,0,0,0,1,0,1,0,0,0,1,0,0,0,1,0,0,0,0,0,4,0,64.78846153846153,3.011538461538464
9821-POOTN,1,0,1,0,35,1,1,75.2,2576.2,1,0,1,1,0,0,0,0,0,0,0,0,0,0,0,0,0,0,0,0,1,0,0,0,73.60571428571428,1.5942857142857179
3836-FZSDJ,1,1,1,0,71,1,0,24.85,1901.0,0,0,1,0,1,1,0,1,0,1,0,1,0,1,0,1,0,0,1,0,0,0,0,0,26.774647887323944,-1.9246478873239425
9142-XMYJH,0,0,0,0,29,1,0,19.35,601.6,0,0,0,0,1,1,0,1,0,1,0,1,0,1,0,1,0,0,0,1,0,0,0,0,20.7448275862069,-1.3948275862068975
6559-ILWKJ,1,0,1,0,71,0,0,49.35,3515.25,1,1,0,0,0,0,0,0,1,0,0,0,0,0,1,0,1,0,1,0,1,0,3,0,49.51056338028169,-0.16056338028168682
0187-QSXOE,1,1,1,0,7,1,1,89.0,605.45,0,0,0,1,0,0,0,0,0,0,0,0,0,0,1,0,1,0,0,0,1,0,2,1,86.49285714285715,2.5071428571428527
7733-UDMTP,0,1,0,0,57,0,1,55.0,3094.05,0,1,0,0,0,0,0,0,1,0,1,0,0,0,1,0,1,0,0,0,1,0,4,0,54.28157894736842,0.7184210526315766
2649-HWLYB,1,0,1,0,65,1,0,76.15,4929.55,0,0,1,0,0,0,1,0,0,0,1,0,1,0,0,0,1,0,1,0,0,0,4,0,75.83923076923077,0.3107692307692389
5214-CHIWJ,1,0,0,0,27,1,0,20.3,595.05,0,0,0,0,1,1,0,1,0,1,0,1,0,1,0,1,0,1,0,0,0,1,0,0,22.038888888888888,-1.7388888888888872
4229-CZMLL,1,0,0,0,6,1,1,74.9,469.8,1,0,1,1,0,0,0,0,0,0,0,0,0,0,0,0,0,0,0,0,1,0,0,1,78.3,-3.3999999999999915
6904-JLBGY,0,1,0,0,72,1,1,117.35,8436.25,0,0,1,1,0,0,1,0,1,0,1,0,1,0,1,0,1,0,1,1,0,0,6,0,117.17013888888889,0.17986111111110858
2465-BLLEU,1,0,0,0,1,1,1,19.75,19.75,0,0,0,0,1,1,0,1,0,1,0,1,0,1,0,1,0,0,0,0,0,1,0,1,19.75,0.0
1685-VAYJF,1,0,0,0,11,1,0,45.2,492.0,0,0,0,0,0,0,0,0,0,0,0,0,0,0,0,0,0,0,0,1,0,0,0,1,44.72727272727273,0.4727272727272762
8874-EJNSR,1,0,1,1,39,1,0,25.2,987.95,0,0,1,0,1,1,0,1,0,1,0,1,0,1,0,1,0,0,1,0,0,1,0,0,25.33205128205128,-0.13205128205128247
6917-YACBP,0,1,0,0,59,1,1,89.75,5496.9,0,0,1,1,0,0,1,0,1,0,1,0,0,0,0,0,0,0,0,0,1,0,3,0,93.16779661016949,-3.417796610169489
5049-MUBWG,1,0,0,0,26,1,0,75.0,1908.35,0,0,0,0,0,0,1,0,0,0,0,0,1,0,1,0,1,1,0,0,0,0,4,0,73.39807692307691,1.6019230769230859
4223-WOZCM,1,1,0,0,2,1,0,49.95,107.1,0,0,0,0,0,0,0,0,0,0,1,0,0,0,0,0,0,0,0,0,0,1,1,1,53.55,-3.5999999999999943
0769-MURVM,0,0,1,1,72,0,0,65.7,4575.35,0,1,0,0,0,0,1,0,1,0,1,0,1,0,1,0,1,0,1,0,0,0,6,0,63.54652777777778,2.15347222222222
9253-VIFJQ,1,0,1,0,65,1,0,67.05,4309.55,0,0,1,0,0,0,1,0,1,0,1,0,0,0,0,0,0,1,0,1,0,0,3,0,66.30076923076923,0.7492307692307634
7030-FZTFM,1,0,1,1,72,1,0,110.9,7922.75,0,0,1,1,0,0,0,0,1,0,1,0,1,0,1,0,1,0,1,1,0,0,5,0,110.03819444444444,0.8618055555555628
9741-YLNTD,1,0,0,0,6,1,1,87.95,522.35,0,0,1,1,0,0,0,0,0,0,0,0,1,0,0,0,1,0,0,0,0,0,2,1,87.05833333333334,0.8916666666666657
5917-RYRMG,1,1,0,0,32,1,0,19.8,587.7,0,0,0,0,1,1,0,1,0,1,0,1,0,1,0,1,0,1,0,1,0,0,0,0,18.365625,1.4343749999999993
5120-ZBLAI,0,0,1,0,50,1,0,75.7,3876.2,0,0,1,0,0,0,0,0,0,0,1,0,0,0,1,0,1,1,0,0,0,0,3,0,77.524,-1.823999999999998
1194-BHJYC,1,0,1,0,61,0,1,62.15,3778.85,0,1,0,0,0,0,1,0,0,0,1,0,1,0,1,0,1,0,1,0,0,1,5,0,61.9483606557377,0.20163934426229702
3663-MITLP,0,0,0,0,15,1,1,101.25,1457.25,1,0,0,1,0,0,0,0,1,0,1,0,0,0,1,0,1,0,0,0,1,0,4,0,97.15,4.099999999999994
0906-QVPMS,1,0,1,0,72,1,0,115.15,8349.45,0,0,1,1,0,0,1,0,1,0,1,0,1,0,1,0,1,0,1,0,0,0,6,0,115.96458333333334,-0.8145833333333314
9025-ZRPVR,1,0,0,0,9,1,1,18.95,185.6,1,0,0,0,1,1,0,1,0,1,0,1,0,1,0,1,0,0,0,0,0,1,0,1,20.62222222222222,-1.6722222222222207
1905-OEILC,0,0,0,0,1,1,0,19.5,19.5,0,0,0,0,1,1,0,1,0,1,0,1,0,1,0,1,0,0,0,0,0,1,0,1,19.5,0.0
7858-GTZSP,0,0,0,0,12,1,1,86.55,1066.9,0,0,1,1,0,0,0,0,0,0,0,0,0,0,0,0,1,0,0,0,1,0,1,1,88.90833333333335,-2.3583333333333485
3285-UCQVC,0,0,0,0,37,0,0,28.6,973.55,1,1,0,0,0,0,0,0,0,0,0,0,1,0,0,0,0,0,0,1,0,0,1,0,26.31216216216216,2.2878378378378414
6248-BSHKG,1,0,1,1,61,1,0,20.4,1226.45,0,0,0,0,1,1,0,1,0,1,0,1,0,1,0,1,0,1,0,0,0,1,0,0,20.105737704918035,0.294262295081964
4685-TFLLS,1,0,1,1,18,1,0,19.8,342.3,0,0,0,0,1,1,0,1,0,1,0,1,0,1,0,1,0,1,0,0,0,0,0,0,19.016666666666666,0.783333333333335
3470-BTGQO,1,0,0,1,21,1,0,45.65,985.05,0,0,0,0,0,0,0,0,0,0,0,0,0,0,0,0,0,0,0,0,0,1,0,0,46.90714285714286,-1.2571428571428598
1209-VFFOC,1,0,1,1,68,0,1,56.4,3948.45,0,1,0,0,0,0,1,0,1,0,1,0,1,0,0,0,1,0,1,0,0,1,5,0,58.065441176470586,-1.665441176470587
8224-DWCKX,1,1,0,0,12,1,1,73.3,828.05,0,0,1,1,0,0,0,0,0,0,0,0,0,0,0,0,0,0,0,1,0,0,0,1,69.00416666666666,4.295833333333334
5482-PLVPE,0,1,0,0,2,0,0,24.35,41.85,1,1,0,0,0,0,0,0,0,0,0,0,0,0,0,0,0,0,0,0,1,0,0,1,20.925,3.4250000000000007
4553-DVPZG,0,0,1,0,62,1,1,101.35,6164.7,0,0,1,1,0,0,0,0,0,0,1,0,0,0,1,0,1,0,0,0,1,0,3,0,99.43064516129031,1.9193548387096797
4902-OHLSK,0,1,0,0,29,1,0,98.65,2862.75,1,0,1,1,0,0,0,0,0,0,0,0,1,0,1,0,1,0,0,0,1,0,3,0,98.71551724137932,-0.06551724137931103
6917-IAYHD,1,0,0,1,1,0,0,33.6,33.6,0,1,0,0,0,0,0,0,1,0,0,0,1,0,0,0,0,0,0,0,0,1,2,1,33.6,0.0
0495-ZBNGW,1,1,1,0,5,1,1,79.9,343.95,1,0,1,1,0,0,0,0,0,0,1,0,0,0,0,0,0,0,0,0,0,0,1,1,68.78999999999999,11.110000000000014
8620-RJPZN,0,0,0,0,1,1,0,20.7,20.7,0,0,0,0,1,1,0,1,0,1,0,1,0,1,0,1,0,0,0,0,1,0,0,1,20.7,0.0
7572-KPVKK,1,0,0,1,62,1,1,104.05,6590.5,0,0,1,1,0,0,0,0,0,0,1,0,1,0,1,0,1,0,1,0,1,0,4,0,106.29838709677419,-2.248387096774195
2642-MAWLJ,0,0,1,1,36,1,0,20.25,717.95,0,0,0,0,1,1,0,1,0,1,0,1,0,1,0,1,0,0,1,0,0,0,0,0,19.943055555555556,0.3069444444444436
2357-COQEK,0,1,0,0,28,1,1,103.3,2890.65,1,0,1,1,0,0,0,0,0,0,1,0,1,0,1,0,1,0,0,0,1,0,4,0,103.2375,0.0625
7103-ZGVNT,0,0,1,1,69,1,0,73.7,4885.85,0,0,1,0,0,0,1,0,1,0,0,0,1,0,1,0,0,1,0,1,0,0,4,0,70.80942028985508,2.8905797101449195
3737-GCSPV,0,0,1,0,11,1,1,96.2,1222.05,1,0,1,1,0,0,1,0,0,0,0,0,1,0,1,0,0,0,0,1,0,0,3,1,111.09545454545454,-14.895454545454541
2027-WKXMW,0,0,1,0,63,1,1,108.75,6871.7,0,0,1,1,0,0,0,0,1,0,1,0,1,0,1,0,1,0,0,0,1,0,5,0,109.07460317460317,-0.324603174603169
7137-NAXML,1,0,0,0,23,1,0,20.15,405.6,0,0,0,0,1,1,0,1,0,1,0,1,0,1,0,1,0,1,0,0,0,0,0,0,17.63478260869565,2.515217391304347
2428-ZMCTB,1,0,0,0,10,1,0,19.75,208.25,0,0,0,0,1,1,0,1,0,1,0,1,0,1,0,1,0,0,0,1,0,0,0,1,20.825,-1.0749999999999993
2961-VNFKL,0,0,1,0,71,1,1,25.95,1801.9,0,0,1,0,1,1,0,1,0,1,0,1,0,1,0,1,0,0,1,1,0,0,0,0,25.378873239436622,0.5711267605633772
1768-HNVGJ,0,1,0,0,45,1,1,70.05,3062.45,0,0,1,0,0,0,1,0,0,0,0,0,1,0,0,0,1,0,0,0,1,0,3,0,68.05444444444444,1.9955555555555549
6963-KQYQB,0,0,1,1,70,1,0,24.05,1764.75,0,0,1,0,1,1,0,1,0,1,0,1,0,1,0,1,0,0,1,0,0,1,0,0,25.210714285714285,-1.1607142857142847
5934-RMPOV,0,0,0,1,22,1,1,84.75,1816.75,0,0,1,1,0,0,0,0,0,0,0,0,0,0,0,0,1,0,0,0,1,0,1,0,82.57954545454545,2.1704545454545467
1207-BLKSA,0,0,1,1,52,1,0,23.05,1255.1,0,0,1,0,1,1,0,1,0,1,0,1,0,1,0,1,0,0,1,0,0,1,0,0,24.13653846153846,-1.08653846153846
4088-YLDSU,1,0,1,0,55,1,1,104.15,5743.05,1,0,1,1,0,0,0,0,0,0,1,0,1,0,1,0,1,1,0,0,1,0,4,0,104.41909090909091,-0.26909090909090594
8316-BBQAY,0,0,0,0,65,0,0,59.95,3921.1,0,1,0,0,0,0,1,0,0,0,1,0,1,0,1,0,1,0,1,1,0,0,5,0,60.324615384615385,-0.3746153846153817
1166-PQLGG,0,0,1,1,72,1,0,19.55,1463.45,0,0,0,0,1,1,0,1,0,1,0,1,0,1,0,1,0,0,1,0,0,0,0,0,20.325694444444444,-0.7756944444444436
3146-JTQHR,1,0,1,0,10,1,0,19.6,189.45,0,0,0,0,1,1,0,1,0,1,0,1,0,1,0,1,0,1,0,0,0,0,0,1,18.945,0.6550000000000011
4291-YZODP,0,0,0,1,7,1,0,20.05,96.8,0,0,0,0,1,1,0,1,0,1,0,1,0,1,0,1,0,1,0,0,0,1,0,1,13.828571428571427,6.221428571428573
4395-PZMSN,1,1,0,0,5,1,1,85.55,408.5,0,0,0,1,0,0,0,0,1,0,0,0,0,0,0,0,1,0,0,0,1,0,2,1,81.7,3.8499999999999943
6427-FEFIG,0,0,1,1,24,1,0,78.6,1846.65,0,0,1,0,0,0,1,0,0,0,1,0,0,0,1,0,1,0,1,1,0,0,4,0,76.94375000000001,1.6562499999999858
0017-IUDMW,0,0,1,1,72,1,1,116.8,8456.75,0,0,1,1,0,0,1,0,1,0,1,0,1,0,1,0,1,0,1,1,0,0,6,0,117.45486111111111,-0.6548611111111171
8706-HRADD,1,0,0,0,21,0,1,43.55,1011.5,0,1,0,0,0,0,1,0,0,0,0,0,1,0,1,0,0,0,0,0,0,1,3,0,48.166666666666664,-4.616666666666667
9955-QOPOY,1,0,1,0,69,0,1,60.8,4263.4,0,1,0,0,0,0,0,0,1,0,1,0,1,0,1,0,1,1,0,1,0,0,5,0,61.78840579710145,-0.9884057971014499
4385-ZKVNW,1,0,1,1,44,1,1,54.9,2549.1,0,0,0,0,0,0,0,0,1,0,0,0,1,0,0,0,0,0,0,0,0,0,2,0,57.934090909090905,-3.0340909090909065
5446-DKWYW,0,1,1,1,61,1,1,65.2,3965.05,0,0,1,0,0,0,0,0,0,0,1,0,0,0,1,0,0,1,0,0,1,0,2,0,65.00081967213114,0.1991803278688593
2034-CGRHZ,1,1,0,0,24,1,1,102.95,2496.7,1,0,1,1,0,0,0,0,1,0,1,0,0,0,1,0,1,0,0,1,0,0,4,0,104.02916666666665,-1.0791666666666515
5797-APWZC,0,0,0,0,1,1,0,90.6,90.6,1,0,0,1,0,0,0,0,0,0,0,0,0,0,1,0,1,0,0,0,1,0,2,1,90.6,0.0
3683-QKIUE,0,0,0,0,6,1,1,50.8,288.05,1,0,0,0,0,0,0,0,0,0,0,0,1,0,0,0,0,0,0,0,0,0,1,1,48.00833333333333,2.7916666666666643
4228-ZGYUW,1,0,0,0,4,1,1,90.05,368.1,1,0,1,1,0,0,0,0,1,0,0,0,0,0,0,0,1,0,0,0,1,0,2,1,92.025,-1.9750000000000085
9031-ZVQPT,1,0,1,0,72,1,1,108.2,7840.6,0,0,1,1,0,0,0,0,1,0,1,0,1,0,1,0,1,0,1,0,1,0,5,0,108.89722222222223,-0.6972222222222229
2990-IAJSV,1,0,0,0,72,1,0,92.0,6632.75,0,0,1,0,0,0,1,0,1,0,1,0,1,0,1,0,1,0,1,0,0,0,6,0,92.12152777777777,-0.12152777777777146
8107-KNCIM,1,1,1,0,14,1,1,75.1,1013.35,0,0,1,1,0,0,0,0,0,0,0,0,0,0,0,0,0,0,0,0,1,0,0,0,72.38214285714285,2.7178571428571416
9027-YFHQJ,1,0,0,0,7,1,1,25.05,152.95,0,0,1,0,1,1,0,1,0,1,0,1,0,1,0,1,0,0,0,0,0,0,0,1,21.849999999999998,3.200000000000003
5176-LDKUH,0,0,0,0,48,1,0,75.15,3772.65,0,0,0,1,0,0,0,0,1,0,0,0,0,0,0,0,0,1,0,0,1,0,1,0,78.596875,-3.4468749999999915
4644-OBGFZ,1,0,1,1,55,1,0,19.5,1026.35,0,0,0,0,1,1,0,1,0,1,0,1,0,1,0,1,0,1,0,0,0,1,0,0,18.66090909090909,0.8390909090909098
7926-IJOOU,1,0,0,0,1,1,0,19.3,19.3,0,0,0,0,1,1,0,1,0,1,0,1,0,1,0,1,0,0,0,1,0,0,0,1,19.3,0.0
6480-YAGIY,1,0,0,0,45,1,0,112.2,5031.85,0,0,0,1,0,0,1,0,1,0,1,0,1,0,1,0,1,1,0,1,0,0,6,0,111.81888888888889,0.3811111111111103
4029-HPFVY,1,0,0,0,3,1,1,70.3,220.4,0,0,0,1,0,0,0,0,0,0,0,0,0,0,0,0,0,0,0,0,0,1,0,1,73.46666666666667,-3.1666666666666714
7602-DBTOU,0,0,1,0,71,1,0,19.6,1416.5,0,0,0,0,1,1,0,1,0,1,0,1,0,1,0,1,0,0,1,0,0,1,0,0,19.950704225352112,-0.35070422535211065
5345-BMKWB,1,0,1,0,8,1,0,20.25,158.35,0,0,0,0,1,1,0,1,0,1,0,1,0,1,0,1,0,0,0,0,0,1,0,1,19.79375,0.4562500000000007
3519-ZKXGG,0,0,1,0,3,1,1,75.85,256.6,1,0,1,1,0,0,0,0,0,0,0,0,0,0,0,0,0,0,0,0,1,0,0,1,85.53333333333335,-9.683333333333351
5457-COLHT,1,0,1,1,69,1,0,80.65,5542.55,0,0,0,0,0,0,1,0,1,0,0,0,1,0,1,0,1,0,1,0,0,0,5,0,80.3268115942029,0.3231884057971115
6416-TVAIH,1,0,1,1,1,1,1,68.5,68.5,1,0,0,1,0,0,0,0,0,0,0,0,0,0,0,0,0,0,0,0,1,0,0,1,68.5,0.0
5451-YHYPW,0,1,1,0,72,1,1,115.75,8443.7,0,0,1,1,0,0,1,0,1,0,1,0,1,0,1,0,1,0,1,1,0,0,6,0,117.27361111111112,-1.5236111111111228
5108-ADXWO,1,0,0,0,11,1,1,73.5,791.75,1,0,0,1,0,0,1,0,0,0,0,0,0,0,0,0,0,0,0,0,1,0,1,1,71.97727272727273,1.5227272727272663
7998-WNZEM,1,0,0,0,71,1,0,80.6,5708.2,0,0,1,0,0,0,1,0,1,0,1,0,1,0,0,0,1,0,1,0,0,0,5,0,80.39718309859154,0.202816901408454
3066-RRJIO,0,0,0,0,1,1,1,69.95,69.95,1,0,0,1,0,0,0,0,0,0,0,0,0,0,0,0,0,0,0,0,0,1,0,1,69.95,0.0
4664-NJCMS,0,0,1,0,33,0,0,59.55,2016.3,0,1,0,0,0,0,1,0,0,0,1,0,1,0,1,0,1,0,1,0,0,0,5,0,61.1,-1.5500000000000043
0307-BCOPK,0,0,0,0,16,1,0,19.05,326.65,0,0,0,0,1,1,0,1,0,1,0,1,0,1,0,1,0,1,0,0,0,1,0,0,20.415625,-1.3656249999999979
7629-WFGLW,0,1,1,0,56,1,0,95.65,5471.75,0,0,1,1,0,0,1,0,1,0,1,0,1,0,0,0,0,1,0,0,1,0,4,0,97.70982142857143,-2.059821428571425
2542-HYGIQ,0,0,0,0,1,1,0,19.95,19.95,0,0,0,0,1,1,0,1,0,1,0,1,0,1,0,1,0,0,0,1,0,0,0,1,19.95,0.0
6715-OFDBP,1,0,0,0,5,1,1,70.05,346.4,1,0,0,0,0,0,0,0,0,0,1,0,0,0,1,0,1,0,0,0,1,0,3,1,69.28,0.769999999999996
5016-LIPDW,1,0,1,1,57,1,0,19.4,1061.6,0,0,0,0,1,1,0,1,0,1,0,1,0,1,0,1,0,1,0,0,0,1,0,0,18.62456140350877,0.7754385964912274
6481-LXPWL,1,0,1,1,56,0,1,36.1,1971.5,0,1,0,0,0,0,0,0,1,0,1,0,0,0,0,0,0,1,0,1,0,0,2,0,35.205357142857146,0.8946428571428555
1567-DSCIC,1,0,0,0,8,1,1,94.0,773.65,1,0,1,1,0,0,0,0,1,0,1,0,0,0,1,0,0,0,0,0,1,0,3,1,96.70625,-2.706249999999997
2150-UWTFY,0,0,1,1,22,1,0,61.15,1422.05,1,0,0,0,0,0,1,0,1,0,1,0,0,0,0,0,0,0,0,0,0,1,3,0,64.63863636363637,-3.488636363636367
6124-ACRHJ,0,0,0,0,1,1,0,19.75,19.75,0,0,0,0,1,1,0,1,0,1,0,1,0,1,0,1,0,0,0,0,0,1,0,1,19.75,0.0
9362-MWODR,0,0,0,1,40,1,1,64.1,2460.35,0,0,0,0,0,0,1,0,0,0,0,0,1,0,1,0,0,0,0,1,0,0,3,0,61.50875,2.591249999999995
9975-GPKZU,1,0,1,1,46,1,0,19.75,856.5,0,0,0,0,1,1,0,1,0,1,0,1,0,1,0,1,0,0,1,1,0,0,0,0,18.619565217391305,1.1304347826086953
9625-RZFUK,1,0,1,1,63,1,0,19.7,1275.85,0,0,0,0,1,1,0,1,0,1,0,1,0,1,0,1,0,0,1,0,0,1,0,0,20.2515873015873,-0.5515873015873005
5153-LXKDT,1,0,1,1,68,1,1,110.2,7467.5,0,0,1,1,0,0,1,0,1,0,1,0,0,0,1,0,1,0,1,0,1,0,5,0,109.81617647058823,0.3838235294117709
5161-UBZXI,1,0,1,1,69,1,1,106.35,7261.75,0,0,0,1,0,0,1,0,1,0,0,0,1,0,1,0,1,0,1,1,0,0,5,0,105.2427536231884,1.107246376811588
1020-JPQOW,0,0,1,0,56,1,0,90.55,5116.6,0,0,1,1,0,0,0,0,1,0,1,0,1,0,0,0,0,0,0,0,1,0,3,0,91.36785714285715,-0.8178571428571502
7919-ZODZZ,0,0,1,1,10,1,1,65.9,660.05,0,0,0,0,0,0,0,0,1,0,1,0,0,0,0,0,1,1,0,0,0,1,3,1,66.005,-0.10499999999998977
0565-JUPYD,1,0,0,0,63,1,0,104.5,6590.8,0,0,1,1,0,0,1,0,1,0,1,0,1,0,1,0,0,1,0,1,0,0,5,0,104.61587301587302,-0.11587301587302079
6867-ACCZI,0,0,1,1,24,0,1,52.5,1208.15,0,1,0,0,0,0,1,0,1,0,1,0,1,0,0,0,1,0,1,0,0,1,5,0,50.33958333333334,2.160416666666663
5939-XAIXZ,0,0,0,0,19,1,1,56.1,1033.9,0,0,1,0,0,0,0,0,0,0,1,0,0,0,0,0,0,0,0,0,0,1,1,0,54.415789473684214,1.6842105263157876
9054-FOWNV,1,0,1,1,22,1,1,88.75,1885.15,0,0,1,1,0,0,0,0,0,0,1,0,0,0,1,0,0,0,0,0,1,0,2,0,85.68863636363636,3.0613636363636374
2683-BPJSO,1,0,1,0,29,1,1,84.45,2467.1,1,0,1,1,0,0,1,0,1,0,0,0,0,0,0,0,0,0,0,0,1,0,2,0,85.07241379310345,-0.6224137931034477
2157-MXBJS,1,0,1,0,13,1,1,75.3,989.45,1,0,1,0,0,0,0,0,0,0,1,0,0,0,1,0,1,1,0,0,0,1,3,0,76.11153846153846,-0.8115384615384613
8207-VVMYB,0,0,1,0,70,1,1,26.0,2006.95,0,0,1,0,1,1,0,1,0,1,0,1,0,1,0,1,0,0,1,0,0,0,0,0,28.670714285714286,-2.6707142857142863
9732-EQMWY,0,0,1,0,49,1,0,99.4,5025.0,0,0,0,1,0,0,0,0,1,0,1,0,0,0,1,0,1,0,0,0,1,0,4,0,102.55102040816327,-3.1510204081632622
9360-AHGNL,0,1,1,0,43,1,1,109.55,4830.25,1,0,1,1,0,0,1,0,0,0,1,0,1,0,1,0,1,1,0,0,0,1,5,0,112.3313953488372,-2.781395348837208
1087-UDSIH,0,0,0,0,3,1,1,19.6,59.75,1,0,0,0,1,1,0,1,0,1,0,1,0,1,0,1,0,0,0,0,0,1,0,1,19.916666666666668,-0.31666666666666643
5269-NRGDP,1,0,1,1,42,1,0,73.15,3088.25,0,0,0,0,0,0,0,0,0,0,1,0,1,0,1,0,1,1,0,0,1,0,4,0,73.5297619047619,-0.3797619047618923
6195-MELTI,1,0,0,0,57,1,1,54.65,3134.7,0,0,0,0,0,0,0,0,1,0,0,0,1,0,0,0,0,1,0,0,0,1,2,0,54.99473684210526,-0.344736842105263
5485-WUYWF,1,1,0,0,2,1,0,66.4,94.55,1,0,0,0,0,0,1,0,0,0,1,0,0,0,1,0,0,0,0,0,0,0,3,1,47.275,19.125000000000007
2121-JAFOM,0,0,1,0,72,1,1,115.55,8312.4,0,0,1,1,0,0,1,0,1,0,1,0,1,0,1,0,1,0,1,1,0,0,6,0,115.44999999999999,0.10000000000000853
8818-DOPVL,0,1,0,0,46,1,1,104.45,4863.85,0,0,1,1,0,0,0,0,1,0,1,0,0,0,1,0,1,0,0,0,1,0,4,0,105.7358695652174,-1.2858695652173964
2632-UCGVD,1,1,1,0,66,1,1,100.05,6871.9,1,0,1,1,0,0,0,0,0,0,0,0,1,0,1,0,1,0,0,1,0,0,3,0,104.11969696969696,-4.069696969696963
5445-PZWGX,1,0,0,0,62,1,0,102.0,6529.25,1,0,1,1,0,0,1,0,1,0,0,0,1,0,0,0,1,1,0,0,1,0,4,0,105.31048387096774,-3.3104838709677438
1227-UDMZR,0,0,1,0,72,1,1,91.15,6637.9,0,0,1,0,0,0,1,0,1,0,1,0,1,0,1,0,1,0,1,0,0,0,6,0,92.19305555555555,-1.04305555555554
5198-HQAEN,1,0,1,1,35,1,1,89.7,3165.6,0,0,0,1,0,0,0,0,1,0,0,0,1,0,1,0,0,1,0,0,1,0,3,0,90.44571428571429,-0.7457142857142856
9170-CCKOU,1,0,1,0,17,1,0,90.2,1454.15,1,0,1,1,0,0,1,0,1,0,1,0,0,0,0,0,0,0,0,1,0,0,3,0,85.53823529411765,4.661764705882348
2167-FQSTQ,0,0,1,0,72,1,1,92.4,6786.1,0,0,1,0,0,0,1,0,1,0,1,0,1,0,1,0,1,0,1,0,1,0,6,0,94.2513888888889,-1.8513888888888914
2819-GWENI,0,0,1,1,28,1,0,19.9,543.0,0,0,0,0,1,1,0,1,0,1,0,1,0,1,0,1,0,1,0,0,0,1,0,0,19.392857142857142,0.5071428571428562
1043-YCUTE,1,0,1,0,56,1,1,25.15,1327.15,1,0,1,0,1,1,0,1,0,1,0,1,0,1,0,1,0,0,1,1,0,0,0,0,23.699107142857144,1.450892857142854
3814-MLAXC,0,0,0,0,31,1,1,79.85,2404.15,1,0,1,1,0,0,0,0,0,0,0,0,1,0,0,0,0,0,0,1,0,0,1,0,77.55322580645162,2.296774193548373
3572-UUHRS,1,0,0,0,45,1,0,18.85,867.3,0,0,0,0,1,1,0,1,0,1,0,1,0,1,0,1,0,1,0,0,0,0,0,0,19.273333333333333,-0.423333333333332
2692-PFYTJ,0,0,0,0,1,1,1,25.75,25.75,0,0,1,0,1,1,0,1,0,1,0,1,0,1,0,1,0,0,0,0,0,1,0,1,25.75,0.0
1226-UDFZR,0,0,0,0,2,1,1,49.6,114.7,1,0,0,0,0,0,0,0,1,0,0,0,0,0,0,0,0,0,0,0,0,1,1,1,57.35,-7.75
5955-EPOAZ,0,0,0,0,6,1,1,20.95,109.5,0,0,0,0,1,1,0,1,0,1,0,1,0,1,0,1,0,0,0,0,0,1,0,1,18.25,2.6999999999999993
6821-JPCDC,0,0,1,0,48,1,1,97.05,4692.95,0,0,0,1,0,0,0,0,1,0,1,0,0,0,1,0,1,1,0,0,1,0,4,0,97.76979166666666,-0.7197916666666657
8815-LMFLX,1,0,1,1,25,1,1,25.4,546.85,0,0,1,0,1,1,0,1,0,1,0,1,0,1,0,1,0,0,0,0,0,0,0,0,21.874000000000002,3.5259999999999962
9135-HSWOC,1,0,1,1,64,1,1,19.7,1274.05,0,0,0,0,1,1,0,1,0,1,0,1,0,1,0,1,0,0,1,0,0,0,0,0,19.90703125,-0.20703125
8582-KRHPJ,1,0,0,0,50,0,1,35.0,1782.4,0,1,0,0,0,0,1,0,1,0,0,0,0,0,0,0,0,0,0,0,0,1,2,0,35.648,-0.6480000000000032
5811-IWXYM,0,0,1,1,52,1,0,101.25,5301.1,0,0,1,1,0,0,0,0,0,0,1,0,0,0,1,0,1,1,0,0,0,0,3,0,101.94423076923077,-0.6942307692307708
7044-YAACC,1,1,1,0,4,1,1,70.2,280.35,0,0,0,1,0,0,0,0,0,0,0,0,0,0,0,0,0,0,0,0,1,0,0,1,70.0875,0.11249999999999716
8189-XRIKE,0,1,0,0,32,1,0,90.95,2897.95,0,0,0,1,0,0,0,0,0,0,0,0,0,0,1,0,1,0,0,0,1,0,2,0,90.5609375,0.3890625000000085
1506-YJTYT,1,0,1,1,45,1,0,73.85,3371.0,0,0,1,0,0,0,1,0,1,0,0,0,1,0,1,0,0,0,1,1,0,0,4,0,74.91111111111111,-1.0611111111111171
4123-DVHPH,1,0,1,0,9,1,1,88.05,801.3,0,0,1,1,0,0,1,0,0,0,0,0,0,0,0,0,1,0,0,0,1,0,2,1,89.03333333333333,-0.9833333333333343
6425-YQLLO,0,1,1,0,66,1,1,105.95,6975.25,1,0,1,1,0,0,0,0,0,0,1,0,1,0,1,0,1,1,0,1,0,0,4,0,105.68560606060606,0.2643939393939405
5442-UTCVD,1,0,0,1,3,1,0,91.85,257.05,1,0,1,1,0,0,0,0,0,0,1,0,0,0,0,0,1,0,0,0,1,0,2,1,85.68333333333334,6.166666666666657
2228-BZDEE,0,0,0,0,54,1,0,20.1,1079.45,0,0,0,0,1,1,0,1,0,1,0,1,0,1,0,1,0,0,1,0,0,1,0,0,19.989814814814817,0.11018518518518405
7734-DBOAI,0,0,1,1,1,0,0,40.1,40.1,1,1,0,0,0,0,0,0,0,0,0,0,1,0,1,0,0,0,0,0,1,0,2,1,40.1,0.0
2789-CZANW,0,0,1,1,64,1,0,110.3,6997.3,0,0,1,1,0,0,1,0,1,0,0,0,1,0,1,0,1,0,1,0,0,0,5,0,109.3328125,0.9671874999999943
2091-RFFBA,0,1,0,0,31,1,1,73.9,2217.15,1,0,1,1,0,0,0,0,0,0,0,0,0,0,0,0,0,0,0,0,1,0,0,0,71.5209677419355,2.3790322580645125
2114-MGINA,0,0,0,0,14,1,1,89.8,1129.1,1,0,0,1,0,0,0,0,0,0,0,0,0,0,1,0,1,0,0,0,0,1,2,0,80.64999999999999,9.150000000000006
7596-LDUXP,0,0,0,0,12,1,1,85.15,979.05,0,0,0,1,0,0,1,0,0,0,0,0,0,0,1,0,0,1,0,1,0,0,2,1,81.58749999999999,3.562500000000014
3740-RLMVT,1,1,1,0,67,1,1,60.95,4119.4,0,0,0,0,0,0,1,0,1,0,0,0,1,0,0,0,0,1,0,0,0,0,3,0,61.483582089552236,-0.5335820895522332
4489-SNOJF,0,0,1,1,35,1,0,72.25,2568.55,1,0,1,0,0,0,1,0,0,0,1,0,1,0,1,0,0,0,0,0,1,0,4,0,73.38714285714286,-1.1371428571428623
2192-OZITF,0,0,0,0,45,1,0,73.55,3349.1,0,0,1,0,0,0,1,0,0,0,0,0,1,0,0,0,1,0,1,0,0,1,3,0,74.42444444444445,-0.8744444444444497
5651-CPDND,1,0,0,0,10,1,0,46.0,492.1,0,0,0,0,0,0,0,0,0,0,0,0,0,0,0,0,0,0,0,0,0,1,0,1,49.21,-3.210000000000001
2186-QZEYA,0,1,0,0,29,1,1,58.55,1718.95,0,0,1,0,0,0,1,0,1,0,0,0,0,0,0,0,0,0,0,0,0,0,2,0,59.27413793103448,-0.724137931034484
1131-ALZWV,0,0,0,0,24,1,0,24.6,605.25,0,0,1,0,1,1,0,1,0,1,0,1,0,1,0,1,0,1,0,0,0,0,0,0,25.21875,-0.6187499999999986
7729-XBTWX,1,0,1,1,66,1,1,19.75,1344.5,0,0,0,0,1,1,0,1,0,1,0,1,0,1,0,1,0,0,1,0,0,1,0,0,20.37121212121212,-0.6212121212121211
9134-WYRVP,1,0,0,0,51,1,0,86.35,4267.15,0,0,0,1,0,0,1,0,0,0,0,0,0,0,1,0,0,1,0,0,0,1,2,0,83.66960784313724,2.6803921568627516
3284-SVCRO,0,0,1,0,45,1,0,25.5,1121.05,0,0,1,0,1,1,0,1,0,1,0,1,0,1,0,1,0,0,1,0,0,1,0,0,24.912222222222223,0.5877777777777773
9732-OUYRN,0,0,1,0,49,1,0,19.0,918.7,0,0,0,0,1,1,0,1,0,1,0,1,0,1,0,1,0,1,0,1,0,0,0,0,18.748979591836736,0.25102040816326365
0559-CKHUS,0,0,1,0,29,1,1,19.55,521.8,0,0,0,0,1,1,0,1,0,1,0,1,0,1,0,1,0,0,1,0,0,1,0,0,17.99310344827586,1.5568965517241402
2931-SVLTV,1,0,1,1,40,1,1,110.1,4469.1,0,0,1,1,0,0,1,0,1,0,0,0,1,0,1,0,1,0,0,1,0,0,5,0,111.7275,-1.627500000000012
6899-PPEEA,0,1,0,0,37,1,1,96.55,3580.3,1,0,1,1,0,0,0,0,0,0,0,0,0,0,1,0,1,0,0,0,1,0,2,0,96.76486486486488,-0.21486486486487877
7504-UWHNB,1,0,0,0,25,1,0,69.75,1729.35,0,0,0,1,0,0,0,0,0,0,0,0,0,0,0,0,0,0,0,0,1,0,0,0,69.17399999999999,0.5760000000000076
2582-FFFZR,0,0,0,0,22,0,1,50.6,1073.3,0,1,0,0,0,0,0,0,0,0,1,0,0,0,1,0,1,0,0,0,1,0,3,0,48.78636363636363,1.8136363636363697
8908-NMQTX,1,0,0,0,72,0,1,65.6,4566.5,0,1,0,0,0,0,1,0,1,0,1,0,1,0,1,0,1,0,1,0,0,0,6,0,63.423611111111114,2.17638888888888
2187-LZGPL,0,0,0,0,7,0,1,40.1,293.3,1,1,0,0,0,0,0,0,1,0,0,0,0,0,0,0,1,0,0,1,0,0,2,1,41.9,-1.7999999999999972
1431-AIDJQ,1,0,1,1,33,1,0,82.1,2603.1,0,0,0,0,0,0,0,0,1,0,1,0,1,0,1,0,1,0,1,1,0,0,5,0,78.88181818181818,3.2181818181818187
6288-LBEAR,0,0,0,0,23,1,1,79.1,1783.75,0,0,0,1,0,0,0,0,1,0,0,0,1,0,0,0,0,0,0,0,0,1,2,0,77.55434782608695,1.5456521739130409
4597-NUCQV,1,1,0,0,24,1,1,101.25,2440.15,1,0,1,1,0,0,0,0,1,0,0,0,0,0,1,0,1,0,0,0,1,0,3,0,101.67291666666667,-0.4229166666666657
9019-QVLZD,0,0,0,0,1,1,0,79.55,79.55,1,0,0,1,0,0,0,0,0,0,0,0,0,0,1,0,0,0,0,0,1,0,1,1,79.55,0.0
8413-YNHNV,1,0,0,0,69,1,0,90.65,6322.1,0,0,1,0,0,0,1,0,1,0,1,0,1,0,1,0,1,0,1,0,0,1,6,0,91.62463768115943,-0.9746376811594217
5808-TOTXO,0,0,0,1,3,1,1,20.55,57.4,0,0,0,0,1,1,0,1,0,1,0,1,0,1,0,1,0,1,0,1,0,0,0,1,19.133333333333333,1.4166666666666679
4369-NYSCF,1,0,0,0,56,1,1,75.75,4284.65,0,0,0,0,0,0,0,0,1,0,0,0,1,0,1,0,1,1,0,0,0,0,4,0,76.51160714285713,-0.7616071428571303
6333-YDVLT,1,0,0,0,65,1,1,110.0,7138.65,0,0,1,1,0,0,1,0,0,0,1,0,1,0,1,0,1,1,0,1,0,0,5,0,109.8253846153846,0.17461538461539305
5324-KTGCG,1,0,1,0,71,1,0,20.85,1539.75,0,0,0,0,1,1,0,1,0,1,0,1,0,1,0,1,0,1,0,0,1,0,0,0,21.68661971830986,-0.8366197183098585
5599-HVLTW,0,1,0,0,14,1,1,80.35,1058.1,0,0,1,1,0,0,0,0,0,0,1,0,0,0,0,0,0,0,0,0,0,0,1,0,75.57857142857142,4.771428571428572
7394-LWLYN,0,0,0,0,2,1,1,70.15,123.8,0,0,0,1,0,0,0,0,0,0,0,0,0,0,0,0,0,0,0,0,1,0,0,1,61.9,8.250000000000007
3707-LRWZD,0,0,0,0,32,1,0,84.05,2781.85,1,0,1,1,0,0,0,0,0,0,0,0,0,0,1,0,0,1,0,0,1,0,1,0,86.9328125,-2.8828125
6873-UDNLD,1,0,0,0,40,1,0,67.45,2731.0,0,0,0,0,0,0,1,0,0,0,1,0,0,0,0,0,1,0,0,0,1,0,3,0,68.275,-0.8250000000000028
2700-LUEVA,1,0,0,0,1,1,0,20.75,20.75,0,0,0,0,1,1,0,1,0,1,0,1,0,1,0,1,0,0,0,1,0,0,0,1,20.75,0.0
1455-ESIQH,1,0,0,0,1,1,1,89.1,89.1,1,0,0,1,0,0,0,0,0,0,0,0,0,0,1,0,1,0,0,0,1,0,2,1,89.1,0.0
0958-YHXGP,0,0,0,0,7,1,1,69.9,497.3,0,0,0,1,0,0,0,0,0,0,0,0,0,0,0,0,0,0,0,0,0,1,0,1,71.04285714285714,-1.1428571428571388
1101-SSWAG,0,0,1,0,15,1,1,51.1,711.15,0,0,1,0,0,0,0,0,0,0,0,0,0,0,0,0,0,0,0,0,1,0,0,0,47.41,3.690000000000005
2979-SXESE,0,0,1,1,17,1,0,94.4,1607.2,1,0,1,1,0,0,1,0,0,0,1,0,0,0,1,0,0,0,0,0,1,0,3,0,94.54117647058824,-0.1411764705882348
4013-TLDHQ,1,0,0,0,19,1,1,78.25,1490.95,1,0,0,1,0,0,0,0,1,0,1,0,0,0,0,0,0,0,0,0,1,0,2,0,78.47105263157896,-0.2210526315789565
5743-KHMNA,1,0,0,0,71,1,0,25.55,1898.1,0,0,1,0,1,1,0,1,0,1,0,1,0,1,0,1,0,0,1,0,0,0,0,0,26.733802816901406,-1.1838028169014052
4194-FJARJ,0,0,1,1,54,1,0,60.0,3273.95,0,0,1,0,0,0,1,0,0,0,0,0,1,0,0,0,0,0,1,0,0,0,2,0,60.6287037037037,-0.6287037037036995
5325-UWTWJ,1,0,1,0,31,1,1,90.55,2929.75,0,0,1,1,0,0,1,0,1,0,0,0,1,0,0,0,0,0,0,1,0,0,3,0,94.50806451612904,-3.958064516129042
3969-GYXEL,0,0,0,0,11,1,0,76.4,838.7,0,0,0,1,0,0,1,0,0,0,0,0,0,0,0,0,0,0,0,0,1,0,1,1,76.24545454545455,0.1545454545454561
9208-OLGAQ,0,1,0,0,18,1,1,84.95,1443.65,0,0,0,1,0,0,0,0,0,0,1,0,0,0,0,0,1,0,0,0,1,0,2,0,80.20277777777778,4.74722222222222
3244-CQPHU,0,1,0,0,72,1,1,110.1,7746.7,0,0,1,1,0,0,1,0,1,0,0,0,1,0,1,0,1,0,1,0,0,0,5,0,107.59305555555555,2.506944444444443
2674-MLXMN,0,1,0,0,71,1,1,99.65,6951.15,0,0,1,1,0,0,0,0,1,0,0,0,0,0,1,0,1,0,0,1,0,0,3,0,97.90352112676055,1.7464788732394538
9708-HPXWZ,1,1,0,0,5,0,0,45.4,214.75,0,1,0,0,0,0,0,0,0,0,1,0,1,0,1,0,0,0,0,1,0,0,3,1,42.95,2.4499999999999957
6992-TKNYO,1,0,1,0,38,1,0,69.0,2669.45,0,0,1,0,0,0,0,0,0,0,1,0,1,0,0,0,1,1,0,1,0,0,3,0,70.2486842105263,-1.2486842105263065
4468-YDOVK,1,0,0,1,5,1,1,48.65,235.2,0,0,0,0,0,0,0,0,0,0,0,0,1,0,0,0,0,0,0,0,0,0,1,1,47.04,1.6099999999999994
3754-DXMRT,1,1,0,0,2,1,1,44.15,92.65,1,0,0,0,0,0,0,0,0,0,0,0,0,0,0,0,0,0,0,0,1,0,0,1,46.325,-2.1750000000000043
5792-JALQC,0,1,0,0,52,1,0,59.85,3103.25,0,0,1,0,0,0,1,0,0,0,1,0,0,0,0,0,0,0,1,0,0,0,2,0,59.67788461538461,0.17211538461538822
7130-VTEWQ,0,1,0,0,8,1,1,75.75,606.25,1,0,1,1,0,0,0,0,0,0,0,0,0,0,0,0,0,0,0,0,1,0,0,1,75.78125,-0.03125
2200-DSAAL,0,0,0,0,68,1,1,80.65,5330.2,0,0,1,0,0,0,0,0,1,0,1,0,0,0,1,0,1,0,1,0,1,0,4,0,78.38529411764705,2.2647058823529562
4302-ZYFEL,1,0,1,1,69,1,1,20.55,1403.1,0,0,0,0,1,1,0,1,0,1,0,1,0,1,0,1,0,1,0,1,0,0,0,0,20.33478260869565,0.2152173913043498
9351-LZYGF,0,0,1,0,42,1,1,66.4,2727.8,0,0,1,0,0,0,1,0,1,0,0,0,1,0,0,0,0,0,0,1,0,0,3,0,64.94761904761906,1.452380952380949
4366-CTOUZ,0,0,0,0,50,1,1,100.2,5038.45,0,0,0,1,0,0,0,0,1,0,0,0,1,0,1,0,1,0,1,0,0,1,4,0,100.76899999999999,-0.5689999999999884
6121-VZNQB,0,0,0,0,1,1,1,19.1,19.1,1,0,0,0,1,1,0,1,0,1,0,1,0,1,0,1,0,0,0,0,0,1,0,1,19.1,0.0
7903-CMPEY,1,1,1,0,1,1,1,80.3,80.3,1,0,1,1,0,0,1,0,0,0,0,0,0,0,0,0,0,0,0,0,1,0,1,1,80.3,0.0
1518-OMDIK,1,0,1,0,33,1,1,44.55,1462.6,0,0,0,0,0,0,0,0,0,0,0,0,0,0,0,0,0,0,0,1,0,0,0,0,44.32121212121212,0.22878787878787676
6671-NGWON,0,0,0,0,7,1,0,20.35,150.6,0,0,0,0,1,1,0,1,0,1,0,1,0,1,0,1,0,0,0,0,0,1,0,1,21.514285714285712,-1.164285714285711
0595-ITUDF,1,0,1,1,64,1,1,91.8,5960.5,0,0,1,1,0,0,1,0,1,0,1,0,0,0,0,0,0,0,0,0,1,0,3,0,93.1328125,-1.3328125000000028
6996-KNSML,0,0,0,0,1,1,1,74.9,74.9,1,0,0,1,0,0,0,0,0,0,1,0,0,0,0,0,0,0,0,0,1,0,1,1,74.9,0.0
1955-IBMMB,1,0,0,0,59,1,1,20.2,1192.3,0,0,0,0,1,1,0,1,0,1,0,1,0,1,0,1,0,0,1,0,0,0,0,0,20.208474576271186,-0.008474576271186862
0096-BXERS,0,0,1,0,6,1,0,50.35,314.55,0,0,1,0,0,0,0,0,0,0,0,0,0,0,0,0,0,0,0,0,1,0,0,1,52.425000000000004,-2.075000000000003
3806-YAZOV,0,0,0,0,3,1,0,18.8,56.0,0,0,0,0,1,1,0,1,0,1,0,1,0,1,0,1,0,0,0,0,0,1,0,1,18.666666666666668,0.13333333333333286
7998-ZLXWN,0,0,1,0,15,1,0,20.45,330.8,0,0,0,0,1,1,0,1,0,1,0,1,0,1,0,1,0,0,0,1,0,0,0,0,22.053333333333335,-1.6033333333333353
6253-WRFHY,1,0,1,1,13,1,1,64.75,877.35,0,0,0,0,0,0,0,0,0,0,0,0,0,0,1,0,1,1,0,0,1,0,2,0,67.48846153846154,-2.738461538461536
9133-AYJZG,0,0,0,0,23,1,1,98.7,2249.1,0,0,1,1,0,0,0,0,1,0,0,0,0,0,1,0,1,0,0,1,0,0,3,0,97.78695652173913,0.9130434782608745
2675-OTVVJ,1,1,1,0,31,1,0,89.45,2807.65,0,0,1,1,0,0,1,0,0,0,0,0,0,0,1,0,0,0,0,0,1,0,2,0,90.56935483870969,-1.1193548387096826
8680-CGLTP,1,0,0,0,29,1,1,58.75,1696.2,0,0,0,0,0,0,1,0,1,0,0,0,1,0,0,0,0,1,0,0,1,0,3,0,58.4896551724138,0.26034482758620214
8430-TWCBX,0,0,1,0,49,1,0,20.7,1032.05,0,0,0,0,1,1,0,1,0,1,0,1,0,1,0,1,0,1,0,1,0,0,0,0,21.062244897959182,-0.362244897959183
5018-GWURO,0,0,1,0,56,1,1,85.6,4902.8,0,0,1,1,0,0,0,0,0,0,0,0,0,0,1,0,0,0,0,0,0,0,1,0,87.55,-1.9500000000000028
6741-QRLUP,0,0,0,0,63,1,1,80.3,4995.35,0,0,1,0,0,0,1,0,1,0,1,0,1,0,0,0,1,0,1,1,0,0,5,0,79.29126984126985,1.0087301587301454
4737-HOBAX,1,0,1,0,63,1,0,79.8,5034.05,0,0,1,0,0,0,0,0,0,0,1,0,1,0,1,0,1,0,1,1,0,0,4,0,79.90555555555555,-0.10555555555555429
0537-QYZZN,1,1,1,1,24,1,1,79.85,1857.75,0,0,1,1,0,0,1,0,0,0,0,0,0,0,0,0,0,0,0,0,1,0,1,0,77.40625,2.4437499999999943
3340-QBBFM,1,1,1,0,36,1,0,54.1,1992.85,0,0,0,0,0,0,0,0,0,0,1,0,1,0,0,0,0,1,0,1,0,0,2,0,55.356944444444444,-1.2569444444444429
1704-NRWYE,0,1,0,0,9,1,1,80.85,751.65,1,0,0,1,0,0,0,0,0,0,0,0,0,0,1,0,0,0,0,0,1,0,1,1,83.51666666666667,-2.6666666666666714
2592-SEIFQ,1,0,0,0,3,0,0,24.75,66.95,1,1,0,0,0,0,0,0,0,0,0,0,0,0,0,0,0,0,0,0,1,0,0,1,22.316666666666666,2.4333333333333336
8200-KLNYW,0,0,1,0,21,1,0,80.9,1714.95,0,0,0,0,0,0,1,0,0,0,1,0,1,0,1,0,1,1,0,0,0,1,5,0,81.66428571428571,-0.7642857142857054
3372-CDXFJ,1,0,1,1,13,1,0,24.5,343.6,0,0,1,0,1,1,0,1,0,1,0,1,0,1,0,1,0,1,0,0,0,0,0,0,26.430769230769233,-1.9307692307692328
4781-ZXYGU,1,0,1,1,1,1,1,20.15,20.15,0,0,0,0,1,1,0,1,0,1,0,1,0,1,0,1,0,0,0,0,0,0,0,1,20.15,0.0
7632-YUTXB,0,0,1,1,25,1,0,20.05,520.1,0,0,0,0,1,1,0,1,0,1,0,1,0,1,0,1,0,1,0,0,0,1,0,0,20.804000000000002,-0.7540000000000013
2718-YSKCS,1,0,1,1,71,1,1,19.6,1387.45,0,0,0,0,1,1,0,1,0,1,0,1,0,1,0,1,0,0,1,0,0,0,0,0,19.541549295774647,0.058450704225354144
9896-UYMIE,1,0,0,0,66,1,1,114.3,7383.7,0,0,1,1,0,0,1,0,1,0,1,0,1,0,1,0,1,1,0,0,0,0,6,0,111.87424242424242,2.4257575757575722
0853-NWIFK,0,0,0,0,45,1,1,100.3,4483.95,0,0,0,1,0,0,1,0,1,0,0,0,0,0,1,0,1,1,0,0,1,0,4,0,99.64333333333333,0.6566666666666663
8212-CRQXP,0,0,1,0,22,1,1,80.0,1706.45,0,0,0,1,0,0,0,0,0,0,0,0,0,0,1,0,0,0,0,1,0,0,1,0,77.56590909090909,2.434090909090912
6980-CDGFC,0,0,1,0,67,1,1,20.85,1327.4,0,0,0,0,1,1,0,1,0,1,0,1,0,1,0,1,0,1,0,0,0,0,0,0,19.811940298507466,1.0380597014925357
7691-XVTZH,0,0,1,0,68,1,1,89.95,5974.3,0,0,1,1,0,0,0,0,0,0,1,0,0,0,1,0,0,0,1,0,0,0,2,0,87.85735294117647,2.0926470588235304
2520-SGTTA,0,0,1,1,0,1,0,20.0,0.0,0,0,0,0,1,1,0,1,0,1,0,1,0,1,0,1,0,0,1,0,0,1,0,1,0.0,20.0
7481-ATQQS,0,1,0,0,49,1,1,90.85,4515.85,1,0,1,1,0,0,0,0,0,0,1,0,0,0,0,0,1,0,0,1,0,0,2,0,92.16020408163266,-1.310204081632662
2277-VWCNI,0,1,0,0,4,1,0,48.75,179.85,0,0,1,0,0,0,0,0,0,0,0,0,0,0,0,0,0,0,0,0,0,1,0,1,44.9625,3.7875000000000014
1088-CNNKB,1,0,1,0,63,1,0,80.0,5040.2,0,0,1,0,0,0,1,0,1,0,1,0,1,0,0,0,1,1,0,1,0,0,5,0,80.0031746031746,-0.0031746031745996106
8642-GVWRF,0,0,1,0,2,1,0,79.7,165.0,1,0,0,1,0,0,0,0,1,0,1,0,0,0,0,0,0,0,0,0,0,0,2,1,82.5,-2.799999999999997
1930-BZLHI,1,0,0,0,21,1,1,20.35,422.7,0,0,0,0,1,1,0,1,0,1,0,1,0,1,0,1,0,1,0,0,0,1,0,0,20.128571428571426,0.22142857142857508
3400-ESFUW,1,0,1,1,55,1,0,57.55,3046.4,1,0,0,0,0,0,1,0,1,0,0,0,1,0,0,0,0,0,1,0,0,0,3,0,55.38909090909091,2.1609090909090867
5868-YTYKS,1,0,0,1,1,1,1,20.25,20.25,0,0,0,0,1,1,0,1,0,1,0,1,0,1,0,1,0,0,0,0,0,1,0,1,20.25,0.0
3525-DVKFN,0,0,0,0,17,1,0,19.4,358.05,0,0,0,0,1,1,0,1,0,1,0,1,0,1,0,1,0,0,1,0,0,1,0,0,21.061764705882354,-1.661764705882355
1482-OXZSY,1,0,0,0,30,1,1,100.4,2936.25,0,0,1,1,0,0,1,0,0,0,0,0,0,0,1,0,1,0,0,0,0,0,3,0,97.875,2.5250000000000057
0377-JBKKT,1,0,1,1,22,1,1,57.95,1271.8,0,0,0,0,0,0,1,0,1,0,0,0,1,0,0,0,0,0,0,0,0,1,3,0,57.809090909090905,0.14090909090909776
5778-BVOFB,0,0,0,0,9,1,1,59.5,530.05,0,0,0,0,0,0,0,0,0,0,0,0,1,0,1,0,0,0,0,0,0,0,2,1,58.89444444444444,0.6055555555555614
3373-YZZYM,1,0,1,1,1,1,0,19.2,19.2,0,0,0,0,1,1,0,1,0,1,0,1,0,1,0,1,0,0,0,0,0,1,0,1,19.2,0.0
2057-ZBLPD,0,0,1,0,21,1,1,86.5,1808.7,1,0,1,1,0,0,0,0,0,0,0,0,0,0,0,0,1,0,0,0,1,0,1,0,86.12857142857143,0.37142857142856656
0228-MAUWC,1,0,0,0,19,1,0,59.55,1144.6,0,0,1,0,0,0,0,0,0,0,1,0,1,0,0,0,0,0,0,0,1,0,2,0,60.24210526315789,-0.6921052631578917
5502-RLUYV,0,0,1,1,69,1,1,103.95,7446.9,1,0,1,1,0,0,0,0,1,0,1,0,0,0,1,0,1,0,0,0,1,0,4,0,107.92608695652173,-3.9760869565217263
0023-HGHWL,1,1,0,0,1,0,1,25.1,25.1,1,1,0,0,0,0,0,0,0,0,0,0,0,0,0,0,0,0,0,0,1,0,0,1,25.1,0.0
7663-YJHSN,0,0,1,0,72,1,1,103.95,7556.9,0,0,1,1,0,0,1,0,1,0,1,0,1,0,1,0,0,0,1,0,0,0,5,0,104.95694444444445,-1.0069444444444429
4915-BFSXL,1,0,1,1,70,1,0,68.95,4858.7,0,0,1,0,0,0,1,0,0,0,1,0,0,0,1,0,0,0,1,1,0,0,3,0,69.41,-0.45999999999999375
3086-RUCRN,0,0,0,0,66,1,1,103.1,6595.0,0,0,1,1,0,0,1,0,1,0,1,0,1,0,0,0,1,0,0,0,0,0,5,0,99.92424242424242,3.1757575757575722
5215-LNLDJ,0,0,1,1,7,0,1,24.7,149.05,0,1,0,0,0,0,0,0,0,0,0,0,0,0,0,0,0,0,0,0,1,0,0,1,21.292857142857144,3.407142857142855
7576-JMYWV,0,1,1,1,46,1,1,110.2,4972.1,0,0,1,1,0,0,1,0,1,0,0,0,1,0,1,0,1,0,0,0,1,0,5,0,108.08913043478262,2.110869565217385
9039-RBEEE,1,0,0,0,39,0,1,48.95,1880.85,1,1,0,0,0,0,1,0,1,0,0,0,1,0,1,0,0,0,0,1,0,0,4,0,48.22692307692307,0.7230769230769312
0257-KXZGU,0,0,1,1,32,1,0,62.45,2045.55,0,0,1,0,0,0,0,0,1,0,1,0,0,0,0,0,0,0,0,0,0,0,2,0,63.9234375,-1.4734374999999957
1307-ATKGB,1,0,0,0,24,1,1,89.55,2187.15,0,0,0,1,0,0,0,0,1,0,1,0,0,0,0,0,1,0,0,0,1,0,3,0,91.13125000000001,-1.5812500000000114
8417-FMLZI,1,0,1,1,6,1,1,83.55,477.55,1,0,0,1,0,0,0,0,1,0,0,0,0,0,0,0,1,0,0,1,0,0,2,1,79.59166666666667,3.9583333333333286
3714-XPXBW,0,0,0,0,37,1,1,78.9,2976.95,0,0,1,0,0,0,1,0,1,0,1,0,1,0,1,0,0,0,0,1,0,0,5,0,80.4581081081081,-1.558108108108101
1850-AKQEP,1,0,0,1,8,1,0,20.35,178.7,0,0,0,0,1,1,0,1,0,1,0,1,0,1,0,1,0,0,0,0,0,1,0,1,22.3375,-1.9874999999999972
2824-DXNKN,0,0,1,1,72,1,1,71.45,5025.85,0,0,1,0,0,0,1,0,0,0,1,0,0,0,1,0,0,0,1,0,0,0,3,0,69.80347222222223,1.6465277777777771
5227-JSCFE,1,1,1,0,71,0,0,46.35,3353.4,0,1,0,0,0,0,1,0,1,0,1,0,1,0,0,0,0,0,1,1,0,0,4,0,47.23098591549296,-0.8809859154929569
0848-ZGQIJ,0,0,1,0,16,1,1,94.65,1461.15,0,0,0,1,0,0,0,0,1,0,0,0,0,0,1,0,1,0,0,0,0,0,3,0,91.321875,3.328125
3621-CHYVB,0,0,1,0,57,0,1,49.9,2782.4,0,1,0,0,0,0,1,0,0,0,1,0,1,0,0,0,1,0,0,0,0,0,4,0,48.8140350877193,1.0859649122807014
8042-RNLKO,1,0,0,0,66,1,0,25.45,1699.15,0,0,1,0,1,1,0,1,0,1,0,1,0,1,0,1,0,1,0,0,0,0,0,0,25.74469696969697,-0.2946969696969717
1792-UXAFY,0,1,0,0,17,1,1,89.15,1496.9,1,0,0,1,0,0,0,0,1,0,1,0,0,0,1,0,0,0,0,0,1,0,3,0,88.0529411764706,1.0970588235294088
5372-FBKBN,0,0,0,1,21,1,0,20.75,452.2,0,0,0,0,1,1,0,1,0,1,0,1,0,1,0,1,0,0,0,0,0,1,0,0,21.53333333333333,-0.7833333333333314
0420-TXVSG,1,0,1,0,66,1,1,66.1,4428.45,0,0,1,0,0,0,1,0,1,0,1,0,0,0,0,0,0,0,1,1,0,0,3,0,67.09772727272727,-0.9977272727272748
6217-TOWGS,0,0,1,0,17,1,1,75.4,1322.55,0,0,1,0,0,0,0,0,1,0,0,0,0,0,1,0,1,0,0,0,0,0,3,0,77.79705882352941,-2.397058823529406
0515-YPMCW,1,0,0,1,1,1,1,70.45,70.45,1,0,0,1,0,0,0,0,0,0,0,0,0,0,0,0,0,0,0,0,0,1,0,1,70.45,0.0
0378-XSZPU,1,0,1,0,58,1,0,60.3,3563.8,1,0,0,0,0,0,1,0,1,0,1,0,0,0,0,0,0,1,0,1,0,0,3,0,61.4448275862069,-1.144827586206901
1045-LTCYT,0,0,1,1,8,1,0,21.05,139.75,0,0,0,0,1,1,0,1,0,1,0,1,0,1,0,1,0,0,0,1,0,0,0,1,17.46875,3.5812500000000007
1544-JJMYL,1,0,0,0,27,1,0,69.35,1927.3,0,0,0,0,0,0,1,0,0,0,1,0,1,0,1,0,0,1,0,1,0,0,4,0,71.38148148148149,-2.0314814814814923
4636-JGAAI,1,0,1,0,34,1,0,88.85,3000.25,0,0,1,1,0,0,0,0,1,0,0,0,0,0,0,0,1,0,0,0,0,1,2,0,88.24264705882354,0.6073529411764582
6874-SGLHU,1,0,0,0,30,1,1,97.0,3021.3,0,0,0,1,0,0,0,0,1,0,0,0,0,0,1,0,1,1,0,0,0,0,3,0,100.71000000000001,-3.710000000000008
5951-AOFIH,1,0,0,0,33,1,1,66.4,2245.4,0,0,0,0,0,0,0,0,1,0,1,0,0,0,1,0,0,0,0,1,0,0,3,0,68.04242424242425,-1.6424242424242408
4729-XKASR,1,0,0,1,1,0,0,24.75,24.75,1,1,0,0,0,0,0,0,0,0,0,0,0,0,0,0,0,0,0,0,1,0,0,1,24.75,0.0
3059-NGMXB,1,0,1,1,14,1,0,69.2,944.65,0,0,1,0,0,0,1,0,1,0,0,0,0,0,0,0,1,0,0,0,0,1,3,0,67.475,1.7250000000000085
8652-YHIYU,0,0,0,1,16,1,1,79.5,1264.2,0,0,1,1,0,0,0,0,0,0,0,0,1,0,0,0,0,1,0,1,0,0,1,0,79.0125,0.48749999999999716
5278-PNYOX,0,0,0,0,49,1,0,100.65,4917.75,0,0,0,1,0,0,0,0,0,0,1,0,1,0,1,0,1,0,1,1,0,0,4,0,100.36224489795919,0.2877551020408191
5449-FIBXJ,1,0,1,1,19,1,0,103.3,2012.7,1,0,1,1,0,0,0,0,0,0,1,0,1,0,1,0,1,0,0,0,1,0,4,0,105.93157894736842,-2.631578947368425
3486-HOOGQ,0,0,1,1,70,1,0,79.7,5743.3,0,0,1,0,0,0,1,0,1,0,1,0,1,0,1,0,0,0,1,0,0,0,5,0,82.04714285714286,-2.347142857142856
5061-PBXFW,0,0,1,1,32,1,0,61.4,1864.65,0,0,0,0,0,0,1,0,1,0,0,0,1,0,0,0,0,0,0,0,0,0,3,0,58.2703125,3.1296874999999957
8630-FJLIB,0,0,0,0,18,1,1,69.8,1221.65,0,0,0,1,0,0,0,0,0,0,0,0,0,0,0,0,0,0,0,0,1,0,0,0,67.86944444444445,1.930555555555543
3891-NLXJB,1,0,0,0,37,0,1,40.55,1390.85,0,1,0,0,0,0,1,0,1,0,0,0,1,0,0,0,0,0,1,0,0,1,3,0,37.59054054054054,2.9594594594594597
4749-OJKQU,0,0,0,0,4,1,1,75.65,302.35,0,0,1,1,0,0,0,0,0,0,0,0,0,0,0,0,0,0,0,0,1,0,0,1,75.5875,0.0625
0577-WHMEV,0,0,1,0,16,1,0,90.7,1374.9,0,0,1,1,0,0,1,0,1,0,1,0,0,0,0,0,0,0,0,0,1,0,3,0,85.93125,4.768749999999997
5453-AXEPF,1,0,1,0,17,1,1,80.5,1336.9,0,0,1,1,0,0,0,0,1,0,0,0,0,0,0,0,0,0,0,0,0,0,1,0,78.64117647058823,1.8588235294117652
3639-XJHKQ,0,0,0,1,19,1,1,60.6,1297.8,0,0,0,0,0,0,1,0,1,0,1,0,0,0,0,0,0,0,0,0,1,0,3,0,68.30526315789473,-7.705263157894727
3716-LRGXK,1,0,1,0,60,1,0,101.15,6067.4,0,0,1,1,0,0,0,0,0,0,1,0,0,0,1,0,1,0,1,1,0,0,3,0,101.12333333333332,0.026666666666685046
2263-SFSQZ,1,0,1,1,51,1,1,24.95,1222.25,0,0,1,0,1,1,0,1,0,1,0,1,0,1,0,1,0,0,1,0,0,1,0,0,23.965686274509803,0.9843137254901961
9950-MTGYX,1,0,1,1,28,1,1,20.3,487.95,0,0,0,0,1,1,0,1,0,1,0,1,0,1,0,1,0,0,1,1,0,0,0,0,17.426785714285714,2.873214285714287
3397-AVTKU,1,0,0,0,43,1,1,60.0,2548.55,0,0,0,0,0,0,0,0,1,0,0,0,0,0,0,0,1,0,1,0,1,0,2,0,59.268604651162796,0.7313953488372036
4825-FUREZ,1,0,1,0,42,1,0,20.25,835.5,0,0,0,0,1,1,0,1,0,1,0,1,0,1,0,1,0,0,1,0,1,0,0,0,19.892857142857142,0.35714285714285765
9837-BMCLM,1,0,0,0,3,1,1,78.5,242.05,1,0,0,1,0,0,0,0,0,0,0,0,0,0,1,0,0,0,0,0,1,0,1,1,80.68333333333334,-2.183333333333337
2672-OJQZP,0,0,0,0,1,1,0,44.75,44.75,0,0,0,0,0,0,0,0,0,0,0,0,0,0,0,0,0,0,0,0,0,1,0,1,44.75,0.0
0137-UDEUO,0,0,0,0,3,1,0,19.85,63.75,1,0,0,0,1,1,0,1,0,1,0,1,0,1,0,1,0,0,0,0,0,1,0,1,21.25,-1.3999999999999986
3134-DSHVC,0,0,0,0,63,1,0,98.0,6218.45,0,0,1,1,0,0,1,0,1,0,1,0,0,0,1,0,0,0,1,1,0,0,4,0,98.70555555555555,-0.7055555555555486
6161-UUUTA,1,1,0,0,3,1,1,79.9,260.9,1,0,0,1,0,0,0,0,0,0,0,0,0,0,1,0,0,0,0,0,1,0,1,1,86.96666666666665,-7.066666666666649
7821-DPRQE,1,0,1,0,68,1,1,107.7,7320.9,0,0,1,1,0,0,1,0,1,0,0,0,1,0,1,0,1,0,0,0,1,0,5,0,107.66029411764706,0.0397058823529477
6543-XRMYR,0,1,0,0,30,1,1,99.7,2967.35,1,0,1,1,0,0,0,0,1,0,0,0,0,0,1,0,1,0,0,0,1,0,3,0,98.91166666666666,0.7883333333333411
2001-EWBQU,0,0,0,0,60,1,0,104.7,6333.8,0,0,1,1,0,0,0,0,1,0,1,0,0,0,1,0,1,0,1,0,1,0,4,0,105.56333333333333,-0.8633333333333297
4925-LMHOK,1,0,0,0,15,1,1,58.6,939.7,1,0,1,0,0,0,0,0,1,0,0,0,1,0,0,0,0,0,0,1,0,0,2,0,62.64666666666667,-4.046666666666667
1608-GMEWB,1,1,0,0,45,1,1,93.9,4200.25,0,0,1,1,0,0,0,0,0,0,0,0,0,0,1,0,1,0,0,0,0,0,2,0,93.33888888888889,0.5611111111111171
6695-AMZUF,0,0,1,0,70,1,0,86.45,5950.2,0,0,0,0,0,0,1,0,1,0,1,0,1,0,1,0,1,0,1,1,0,0,6,0,85.00285714285714,1.4471428571428646
1455-UGQVH,1,0,1,0,10,1,1,98.5,1037.75,1,0,1,1,0,0,0,0,0,0,1,0,0,0,1,0,1,0,0,0,1,0,3,1,103.775,-5.275000000000006
8410-BGQXN,1,0,0,0,4,1,0,19.4,93.4,0,0,0,0,1,1,0,1,0,1,0,1,0,1,0,1,0,0,0,0,0,1,0,1,23.35,-3.950000000000003
8280-MQRQN,0,0,0,0,1,1,1,50.45,50.45,1,0,0,0,0,0,0,0,0,0,1,0,0,0,0,0,0,0,0,0,0,1,1,1,50.45,0.0
1619-YWUBB,0,0,1,0,68,1,1,24.95,1614.9,0,0,1,0,1,1,0,1,0,1,0,1,0,1,0,1,0,0,1,1,0,0,0,0,23.748529411764707,1.201470588235292
7611-YKYTC,1,0,1,1,22,1,0,75.0,1573.95,0,0,0,1,0,0,1,0,0,0,0,0,0,0,0,0,0,0,0,0,0,0,1,0,71.54318181818182,3.4568181818181785
2037-SGXHH,1,0,1,1,38,1,1,94.65,3624.3,1,0,1,1,0,0,0,0,1,0,1,0,0,0,1,0,0,0,0,0,1,0,3,0,95.3763157894737,-0.7263157894736878
3178-FESZO,0,0,0,0,1,1,1,100.25,100.25,1,0,1,1,0,0,0,0,1,0,0,0,0,0,1,0,1,0,0,1,0,0,3,1,100.25,0.0
0365-GXEZS,1,0,1,0,18,1,0,78.2,1468.75,0,0,0,1,0,0,0,0,0,0,1,0,1,0,0,0,0,0,0,0,1,0,2,0,81.59722222222223,-3.3972222222222257
0082-OQIQY,1,0,0,0,29,1,1,94.2,2607.6,0,0,0,1,0,0,0,0,0,0,0,0,1,0,1,0,1,0,0,0,1,0,3,0,89.91724137931034,4.282758620689663
6087-MVHJH,0,0,0,0,16,1,1,88.45,1422.1,1,0,1,1,0,0,0,0,0,0,1,0,0,0,0,0,1,0,0,0,1,0,2,0,88.88125,-0.4312499999999915
4603-JANFB,1,0,0,0,1,1,1,69.85,69.85,1,0,0,1,0,0,0,0,0,0,0,0,0,0,0,0,0,0,0,0,1,0,0,1,69.85,0.0
3018-TFTSU,1,0,0,0,12,1,0,81.7,858.6,1,0,0,1,0,0,1,0,0,0,1,0,0,0,0,0,0,0,0,0,0,0,2,1,71.55,10.150000000000006
3606-SBKRY,1,0,0,0,31,0,1,50.05,1523.4,0,1,0,0,0,0,0,0,0,0,1,0,0,0,1,0,1,1,0,0,1,0,3,0,49.141935483870974,0.9080645161290235
4806-KEXQR,1,0,0,0,4,1,1,79.9,324.3,1,0,0,1,0,0,0,0,0,0,0,0,0,0,0,0,1,0,0,0,1,0,1,1,81.075,-1.1749999999999972
0667-NSRGI,0,0,1,0,48,1,1,69.55,3435.6,0,0,1,0,0,0,0,0,0,0,1,0,1,0,0,0,1,1,0,0,0,1,3,0,71.575,-2.0250000000000057
7083-YNSKY,0,0,0,0,15,1,1,25.4,399.6,1,0,1,0,1,1,0,1,0,1,0,1,0,1,0,1,0,0,0,1,0,0,0,0,26.64,-1.240000000000002
6893-ODYYE,1,0,0,0,50,1,1,90.1,4549.45,0,0,0,1,0,0,1,0,1,0,1,0,1,0,0,0,0,1,0,1,0,0,4,0,90.98899999999999,-0.8889999999999958
8242-JSVBO,1,0,0,0,7,1,1,44.65,322.5,0,0,0,0,0,0,0,0,0,0,0,0,0,0,0,0,0,0,0,0,0,0,0,1,46.07142857142857,-1.4214285714285708
2479-BRAMR,1,1,1,0,41,1,1,83.75,3273.55,1,0,1,1,0,0,1,0,0,0,1,0,0,0,0,0,0,0,0,0,0,0,2,0,79.84268292682927,3.9073170731707307
9541-ZPSEA,1,0,1,1,68,1,0,80.35,5375.15,0,0,0,1,0,0,1,0,0,0,1,0,0,0,0,0,0,0,1,1,0,0,2,0,79.04632352941177,1.303676470588229
2665-NPTGL,0,1,1,0,26,1,1,98.1,2510.7,0,0,1,1,0,0,0,0,0,0,1,0,0,0,1,0,1,0,0,0,0,0,3,0,96.5653846153846,1.5346153846153925
1139-WUOAH,1,0,0,0,57,0,0,53.35,3090.05,0,1,0,0,0,0,0,0,0,0,1,0,1,0,1,0,1,0,1,1,0,0,4,0,54.21140350877193,-0.8614035087719287
4693-VWVBO,0,0,0,0,3,1,0,19.55,61.05,0,0,0,0,1,1,0,1,0,1,0,1,0,1,0,1,0,0,0,0,1,0,0,1,20.349999999999998,-0.7999999999999972
7434-SHXLS,0,0,0,0,1,1,0,20.9,20.9,1,0,0,0,1,1,0,1,0,1,0,1,0,1,0,1,0,0,0,0,0,1,0,1,20.9,0.0
6937-GCDGQ,1,0,1,1,19,1,1,48.95,955.6,0,0,0,0,0,0,1,0,0,0,0,0,0,0,0,0,0,1,0,0,0,0,1,0,50.294736842105266,-1.344736842105263
0988-JRWWP,0,0,0,0,3,1,1,54.2,140.4,0,0,0,0,0,0,0,0,0,0,0,0,0,0,1,0,0,0,0,0,1,0,1,1,46.800000000000004,7.399999999999999
5075-JSDKI,0,0,0,0,59,1,0,24.45,1493.1,0,0,1,0,1,1,0,1,0,1,0,1,0,1,0,1,0,0,1,0,1,0,0,0,25.306779661016947,-0.8567796610169474
7908-QCBCA,0,0,1,0,1,1,1,69.4,69.4,1,0,0,1,0,0,0,0,0,0,0,0,0,0,0,0,0,0,0,0,0,1,0,1,69.4,0.0
8644-XYTSV,1,0,1,0,42,0,1,40.15,1626.05,0,1,0,0,0,0,1,0,0,0,0,0,0,0,1,0,0,0,0,0,0,0,2,0,38.71547619047619,1.4345238095238102
6711-FLDFB,0,0,0,0,7,1,1,74.9,541.15,1,0,1,1,0,0,0,0,0,0,0,0,0,0,0,0,0,0,0,0,1,0,0,1,77.30714285714285,-2.407142857142844
3873-WOSBC,1,0,1,0,67,1,0,25.6,1784.9,0,0,1,0,1,1,0,1,0,1,0,1,0,1,0,1,0,0,1,1,0,0,0,0,26.64029850746269,-1.040298507462687
7465-ZZRVX,1,0,0,0,1,1,1,70.35,70.35,0,0,0,1,0,0,0,0,0,0,0,0,0,0,0,0,0,0,0,0,1,0,0,1,70.35,0.0
7975-JMZNT,1,0,1,0,66,1,0,91.7,6075.9,0,0,1,0,0,0,1,0,1,0,1,0,1,0,1,0,1,0,1,0,0,0,6,0,92.0590909090909,-0.35909090909089514
7251-XFOIL,0,0,0,0,61,1,0,89.2,5500.6,0,0,1,1,0,0,0,0,0,0,1,0,0,0,0,0,1,0,0,0,0,1,2,0,90.17377049180328,-0.973770491803279
4116-IQRFR,1,0,1,1,4,1,0,24.1,73.1,0,0,1,0,1,1,0,1,0,1,0,1,0,1,0,1,0,1,0,1,0,0,0,1,18.275,5.825000000000003
3714-JTVOV,0,1,1,0,42,1,1,74.15,3229.4,1,0,0,1,0,0,1,0,0,0,0,0,0,0,0,0,0,0,0,1,0,0,1,0,76.89047619047619,-2.740476190476187
8259-DZLIZ,0,0,1,1,64,1,1,53.85,3399.85,0,0,1,0,0,0,0,0,1,0,0,0,0,0,0,0,0,1,0,0,0,0,1,0,53.12265625,0.7273437500000028
0442-ZXKVS,0,1,1,0,54,1,1,115.6,6431.05,0,0,1,1,0,0,1,0,1,0,1,0,1,0,1,0,1,1,0,0,0,0,6,0,119.09351851851852,-3.4935185185185276
7853-WNZSY,1,0,0,0,1,1,1,19.75,19.75,0,0,0,0,1,1,0,1,0,1,0,1,0,1,0,1,0,0,0,1,0,0,0,1,19.75,0.0
3120-FAZKD,1,0,1,1,54,1,1,24.05,1230.9,0,0,1,0,1,1,0,1,0,1,0,1,0,1,0,1,0,0,1,0,0,0,0,0,22.794444444444448,1.2555555555555529
8606-OEGQZ,0,0,0,1,18,1,0,25.3,454.65,0,0,1,0,1,1,0,1,0,1,0,1,0,1,0,1,0,0,1,1,0,0,0,0,25.258333333333333,0.04166666666666785
0225-ZORZP,1,0,0,0,3,1,0,84.3,235.05,0,0,0,1,0,0,0,0,1,0,0,0,0,0,0,0,1,0,0,0,1,0,2,1,78.35000000000001,5.949999999999989
4702-IOQDC,0,0,0,0,1,1,1,70.1,70.1,1,0,0,1,0,0,0,0,0,0,0,0,0,0,0,0,0,0,0,0,1,0,0,1,70.1,0.0
9489-JMTTN,0,0,1,1,72,1,0,89.75,6595.9,0,0,1,0,0,0,1,0,1,0,1,0,1,0,1,0,1,0,1,1,0,0,6,0,91.60972222222222,-1.8597222222222172
0575-CUQOV,1,1,1,0,60,1,1,97.95,5867.0,0,0,0,1,0,0,0,0,1,0,1,0,0,0,1,0,1,1,0,0,1,0,4,0,97.78333333333333,0.1666666666666714
0967-BMLBD,0,0,1,1,11,1,1,20.0,196.35,0,0,0,0,1,1,0,1,0,1,0,1,0,1,0,1,0,1,0,0,0,1,0,1,17.849999999999998,2.150000000000002
6178-KFNHS,0,0,0,1,12,1,1,78.3,909.25,1,0,1,1,0,0,1,0,0,0,0,0,0,0,0,0,0,0,0,0,1,0,1,1,75.77083333333333,2.5291666666666686
2830-LEWOA,1,0,1,1,61,1,0,103.9,6449.15,0,0,0,1,0,0,0,0,1,0,1,0,1,0,1,0,1,1,0,1,0,0,5,0,105.72377049180328,-1.8237704918032733
5006-MXVRN,0,0,0,0,39,1,0,20.7,762.45,0,0,0,0,1,1,0,1,0,1,0,1,0,1,0,1,0,0,1,1,0,0,0,0,19.55,1.1499999999999986
1264-BYWMS,1,0,0,0,55,1,1,96.8,5283.95,1,0,1,1,0,0,0,0,0,0,0,0,0,0,1,0,1,0,0,0,1,0,2,0,96.07181818181817,0.7281818181818238
9658-WYUFB,0,0,0,0,17,1,1,94.4,1617.5,1,0,1,1,0,0,1,0,1,0,0,0,0,0,1,0,0,0,0,0,1,0,3,0,95.1470588235294,-0.7470588235294002
8327-WKMIE,1,0,0,0,37,1,0,20.15,785.75,0,0,0,0,1,1,0,1,0,1,0,1,0,1,0,1,0,1,0,1,0,0,0,0,21.236486486486488,-1.0864864864864892
6917-FIJHC,0,0,1,0,72,1,1,26.0,1776.0,0,0,1,0,1,1,0,1,0,1,0,1,0,1,0,1,0,0,1,0,0,1,0,0,24.666666666666668,1.3333333333333321
5329-KRDTM,1,1,1,0,72,1,0,77.35,5396.25,0,0,1,0,0,0,0,0,1,0,1,0,1,0,1,0,0,0,1,1,0,0,4,0,74.94791666666667,2.402083333333323
7797-EJMDP,0,0,0,0,8,1,0,66.05,574.5,0,0,0,0,0,0,1,0,0,0,0,0,1,0,0,0,1,0,0,0,0,0,3,1,71.8125,-5.762500000000003
3530-VWVGU,0,0,1,1,22,1,0,19.9,400.3,0,0,0,0,1,1,0,1,0,1,0,1,0,1,0,1,0,0,0,0,0,1,0,0,18.195454545454545,1.7045454545454533
2013-SGDXK,0,0,0,0,1,1,0,84.3,84.3,1,0,0,1,0,0,0,0,1,0,0,0,0,0,1,0,0,0,0,0,1,0,2,1,84.3,0.0
6368-NWMCE,0,0,0,0,38,1,0,68.15,2656.3,0,0,1,0,0,0,0,0,1,0,0,0,1,0,0,0,1,0,0,1,0,0,3,0,69.90263157894738,-1.7526315789473728
3633-CDBUW,1,0,0,1,17,1,0,80.85,1445.95,0,0,0,0,0,0,0,0,1,0,1,0,1,0,1,0,1,1,0,0,1,0,5,0,85.05588235294118,-4.205882352941188
0707-HOVVN,0,1,0,0,70,1,1,75.5,5212.65,0,0,1,0,0,0,0,0,1,0,1,0,1,0,1,0,0,0,1,0,0,0,4,0,74.46642857142857,1.0335714285714346
8580-QVLOC,0,1,1,1,72,1,0,92.45,6440.25,1,0,1,0,0,0,1,0,1,0,1,0,1,0,1,0,1,0,1,1,0,0,6,0,89.44791666666667,3.0020833333333314
3956-MGXOG,0,0,0,0,28,1,1,80.6,2244.95,0,0,0,1,0,0,0,0,0,0,0,0,0,0,0,0,1,0,0,0,1,0,1,0,80.17678571428571,0.42321428571428044
9274-UARKJ,0,0,0,0,15,1,1,83.2,1130.0,0,0,0,1,0,0,0,0,1,0,0,0,0,0,1,0,0,0,0,0,0,0,2,0,75.33333333333333,7.866666666666674
4077-HWUYD,1,0,1,1,72,1,1,87.55,6463.15,0,0,1,0,0,0,1,0,1,0,1,0,1,0,1,0,1,0,1,0,0,0,6,0,89.76597222222222,-2.21597222222222
2012-NWRPA,0,1,1,0,11,1,1,99.55,1131.2,1,0,1,1,0,0,0,0,0,0,1,0,0,0,1,0,1,0,0,0,1,0,3,1,102.83636363636364,-3.286363636363646
8808-ELEHO,1,1,0,0,8,1,1,81.25,585.95,1,0,1,1,0,0,0,0,0,0,1,0,0,0,0,0,0,0,0,0,1,0,1,1,73.24375,8.006249999999994
0103-CSITQ,0,0,1,0,57,1,1,109.4,6252.7,0,0,1,1,0,0,0,0,1,0,1,0,1,0,1,0,1,1,0,0,0,0,5,0,109.69649122807017,-0.2964912280701668
3506-LCJDC,1,0,1,1,1,1,0,19.95,19.95,1,0,0,0,1,1,0,1,0,1,0,1,0,1,0,1,0,0,0,0,0,0,0,1,19.95,0.0
8671-KKKOS,0,0,1,0,46,0,0,45.55,2062.15,0,1,0,0,0,0,1,0,1,0,0,0,0,0,1,0,0,0,0,0,1,0,3,0,44.82934782608696,0.720652173913038
7305-ZWMAJ,1,0,1,0,30,1,0,20.7,587.1,0,0,0,0,1,1,0,1,0,1,0,1,0,1,0,1,0,1,0,1,0,0,0,0,19.57,1.129999999999999
9518-XXBXE,1,1,1,0,10,1,0,75.3,720.45,0,0,0,1,0,0,1,0,0,0,0,0,0,0,0,0,0,0,0,0,1,0,1,1,72.045,3.2549999999999955
3934-HXCFZ,1,0,1,0,23,1,1,99.25,2186.4,1,0,1,1,0,0,1,0,1,0,1,0,0,0,1,0,0,0,0,0,1,0,4,0,95.0608695652174,4.189130434782598
6578-KRMAW,1,0,0,0,32,1,1,93.4,2979.3,0,0,0,1,0,0,1,0,1,0,1,0,0,0,0,0,1,0,0,1,0,0,4,0,93.103125,0.296875
4860-IJUDE,1,0,0,0,13,1,1,73.75,956.65,0,0,0,1,0,0,1,0,0,0,0,0,0,0,0,0,0,0,0,1,0,0,1,0,73.58846153846153,0.16153846153846985
7666-WKRON,0,0,0,0,39,1,1,80.45,3201.55,1,0,0,1,0,0,0,0,0,0,1,0,1,0,0,0,0,0,1,0,1,0,2,0,82.09102564102565,-1.6410256410256494
9688-YGXVR,0,0,0,0,44,1,1,88.15,3973.2,0,0,0,1,0,0,0,0,1,0,1,0,0,0,1,0,0,0,0,1,0,0,3,0,90.3,-2.1499999999999915
0423-UDIJQ,1,1,0,0,9,1,0,49.2,447.9,0,0,0,0,0,0,0,0,0,0,0,0,1,0,0,0,0,0,0,0,0,1,1,1,49.766666666666666,-0.5666666666666629
1945-XISKS,0,0,1,0,67,1,0,19.65,1335.2,0,0,0,0,1,1,0,1,0,1,0,1,0,1,0,1,0,0,1,0,0,1,0,0,19.928358208955224,-0.27835820895522545
4910-AQFFX,1,0,1,1,9,1,1,79.35,661.25,1,0,1,1,0,0,0,0,0,0,1,0,0,0,0,0,0,0,0,0,0,0,1,1,73.47222222222223,5.877777777777766
2154-KVJFF,0,0,0,0,15,1,1,79.75,1111.85,1,0,1,1,0,0,0,0,1,0,0,0,0,0,0,0,0,0,0,0,1,0,1,0,74.12333333333332,5.626666666666679
5360-LJCNJ,0,0,1,0,71,1,1,105.15,7555.0,0,0,1,1,0,0,0,0,1,0,1,0,0,0,1,0,1,0,1,0,0,0,4,0,106.40845070422536,-1.2584507042253534
2607-FBDFF,1,0,0,0,1,1,0,49.0,49.0,0,0,0,0,0,0,0,0,0,0,0,0,1,0,0,0,0,0,0,1,0,0,1,1,49.0,0.0
9647-ERGBE,0,0,1,1,30,1,1,100.05,3046.15,1,0,1,1,0,0,0,0,0,0,1,0,0,0,1,0,1,0,0,0,1,0,3,0,101.53833333333334,-1.488333333333344
3428-XZMAZ,1,0,0,0,1,1,1,69.35,69.35,1,0,0,1,0,0,0,0,0,0,0,0,0,0,0,0,0,0,0,0,1,0,0,1,69.35,0.0
1100-DDVRV,1,0,1,0,17,0,1,49.8,836.35,0,1,0,0,0,0,0,0,1,0,0,0,0,0,1,0,1,0,0,0,0,1,3,0,49.19705882352941,0.602941176470587
0378-TOVMS,0,0,0,0,3,1,0,85.8,272.2,1,0,0,1,0,0,0,0,0,0,0,0,1,0,0,0,1,0,0,0,1,0,2,1,90.73333333333333,-4.933333333333337
4355-HBJHH,1,0,1,1,67,1,1,79.7,5293.4,1,0,1,0,0,0,1,0,0,0,1,0,0,0,1,0,1,0,1,0,1,0,4,0,79.00597014925373,0.6940298507462757
6728-WYQBC,1,0,0,0,1,1,0,20.95,20.95,0,0,0,0,1,1,0,1,0,1,0,1,0,1,0,1,0,0,0,0,0,0,0,1,20.95,0.0
9058-CBREO,0,1,0,0,1,1,0,50.55,50.55,1,0,1,0,0,0,0,0,0,0,0,0,0,0,0,0,0,0,0,0,0,1,0,1,50.55,0.0
9029-FEGVJ,0,1,1,0,32,1,0,79.3,2570.0,0,0,1,1,0,0,0,0,0,0,1,0,0,0,0,0,0,0,0,0,0,1,1,0,80.3125,-1.0125000000000028
7216-KAOID,1,0,1,1,41,1,0,19.5,798.2,0,0,0,0,1,1,0,1,0,1,0,1,0,1,0,1,0,1,0,0,0,0,0,0,19.46829268292683,0.031707317073170316
0318-QUUOB,1,0,1,0,1,1,1,80.55,80.55,1,0,0,1,0,0,0,0,0,0,0,0,0,0,1,0,0,0,0,0,1,0,1,1,80.55,0.0
6145-NNPNO,0,0,0,0,1,1,0,44.15,44.15,0,0,0,0,0,0,0,0,0,0,0,0,0,0,0,0,0,0,0,0,0,0,0,1,44.15,0.0
5520-FVEWJ,0,0,1,1,12,1,1,84.5,916.9,1,0,1,1,0,0,0,0,1,0,1,0,0,0,0,0,0,0,0,0,1,0,2,1,76.40833333333333,8.091666666666669
5339-TJFEK,1,0,1,1,62,1,1,105.5,6487.2,0,0,1,1,0,0,1,0,1,0,0,0,0,0,1,0,1,0,0,0,1,0,4,0,104.63225806451612,0.8677419354838776
5572-ZDXHY,0,0,0,0,22,1,1,84.3,1855.65,1,0,0,1,0,0,0,0,1,0,0,0,0,0,0,0,1,0,0,0,0,1,2,0,84.34772727272728,-0.04772727272728616
2074-GUHPQ,0,0,0,1,17,1,1,92.7,1556.85,0,0,1,1,0,0,0,0,1,0,1,0,1,0,0,0,0,0,0,1,0,0,3,0,91.57941176470588,1.1205882352941217
4625-XMOYM,0,0,1,1,72,1,1,26.25,1988.05,0,0,1,0,1,1,0,1,0,1,0,1,0,1,0,1,0,0,1,0,0,0,0,0,27.611805555555556,-1.3618055555555557
5827-MWCZK,1,0,1,1,56,1,1,96.95,5432.2,0,0,1,1,0,0,0,0,1,0,0,0,1,0,1,0,0,0,0,1,0,0,3,0,97.00357142857142,-0.05357142857141639
1385-TQOZW,0,0,0,0,9,1,1,20.45,147.55,0,0,0,0,1,1,0,1,0,1,0,1,0,1,0,1,0,0,0,1,0,0,0,1,16.394444444444446,4.055555555555554
5914-XRFQB,1,0,1,0,72,1,1,115.8,8424.9,0,0,1,1,0,0,1,0,1,0,1,0,1,0,1,0,1,0,1,0,0,0,6,0,117.01249999999999,-1.2124999999999915
4329-YPDDQ,1,0,0,0,20,1,1,108.2,2203.7,0,0,0,1,0,0,1,0,1,0,1,0,1,0,1,0,1,0,0,0,0,0,6,0,110.18499999999999,-1.9849999999999852
4804-NCPET,1,0,1,1,19,1,0,20.2,387.4,0,0,0,0,1,1,0,1,0,1,0,1,0,1,0,1,0,0,1,0,0,1,0,0,20.389473684210525,-0.18947368421052602
3750-CKVKH,1,0,0,0,2,1,1,67.75,116.65,1,0,0,1,0,0,0,0,0,0,0,0,0,0,0,0,0,0,0,0,1,0,0,1,58.325,9.424999999999997
5944-UGLLK,1,0,0,0,53,0,0,54.9,3045.75,0,1,0,0,0,0,0,0,0,0,1,0,1,0,1,0,1,1,0,1,0,0,4,0,57.466981132075475,-2.566981132075476
8063-GBATB,0,1,0,0,27,1,1,85.25,2287.25,1,0,1,1,0,0,0,0,0,0,0,0,0,0,0,0,1,0,0,0,1,0,1,0,84.71296296296296,0.5370370370370381
7787-BNTZM,1,0,0,0,6,1,0,20.15,130.5,0,0,0,0,1,1,0,1,0,1,0,1,0,1,0,1,0,0,0,0,0,0,0,1,21.75,-1.6000000000000014
2252-ISRNH,1,0,1,1,9,1,1,90.35,767.9,0,0,1,1,0,0,0,0,0,0,1,0,0,0,1,0,0,1,0,0,1,0,2,1,85.32222222222222,5.0277777777777715
9415-TPKRV,0,0,1,1,8,1,0,55.75,446.8,0,0,1,0,0,0,0,0,1,0,0,0,0,0,0,0,0,0,0,0,1,0,1,1,55.85,-0.10000000000000142
5322-TEUJK,0,0,1,1,71,1,0,114.6,8100.25,0,0,1,1,0,0,1,0,1,0,1,0,1,0,1,0,1,0,1,0,0,0,6,0,114.08802816901408,0.5119718309859138
4547-KQRTM,0,0,0,0,10,1,1,80.05,830.7,1,0,1,1,0,0,0,0,1,0,0,0,0,0,0,0,0,0,0,0,0,0,1,1,83.07000000000001,-3.0200000000000102
4877-EVATK,1,0,0,0,1,1,0,20.0,20.0,1,0,0,0,1,1,0,1,0,1,0,1,0,1,0,1,0,0,0,0,0,1,0,1,20.0,0.0
1866-DIOQZ,0,0,1,0,71,0,0,66.8,4689.15,0,1,0,0,0,0,1,0,1,0,1,0,1,0,1,0,1,1,0,0,0,0,6,0,66.0443661971831,0.7556338028169023
8375-KVTHK,1,0,1,0,68,1,1,100.3,6754.35,0,0,0,1,0,0,0,0,1,0,0,0,1,0,1,0,1,1,0,0,1,0,4,0,99.32867647058823,0.9713235294117624
2697-NQBPF,1,0,0,0,34,1,1,105.35,3540.65,0,0,1,1,0,0,0,0,1,0,0,0,1,0,1,0,1,0,0,0,1,0,4,0,104.13676470588236,1.2132352941176379
3709-OIJEA,1,0,0,0,26,1,1,85.2,2184.6,0,0,0,1,0,0,0,0,1,0,1,0,1,0,0,0,0,1,0,0,1,0,3,0,84.02307692307691,1.1769230769230887
7639-SUPCW,0,0,0,0,22,1,1,48.8,1054.6,1,0,0,0,0,0,1,0,0,0,0,0,0,0,0,0,0,0,0,1,0,0,1,0,47.93636363636363,0.8636363636363669
1386-ZIKUV,1,0,0,0,7,1,1,18.95,130.55,0,0,0,0,1,1,0,1,0,1,0,1,0,1,0,1,0,0,0,0,0,1,0,1,18.650000000000002,0.29999999999999716
0599-XNYDO,0,0,1,0,20,1,1,69.8,1540.35,0,0,0,1,0,0,0,0,0,0,0,0,0,0,0,0,0,0,0,0,0,0,0,0,77.0175,-7.217500000000001
6377-WHAOX,0,0,1,0,60,1,1,106.15,6411.25,0,0,1,1,0,0,0,0,1,0,1,0,0,0,1,0,1,0,0,0,1,0,4,0,106.85416666666667,-0.7041666666666657
6855-VLGOS,1,0,1,1,72,1,0,20.55,1432.55,0,0,0,0,1,1,0,1,0,1,0,1,0,1,0,1,0,0,1,0,1,0,0,0,19.896527777777777,0.6534722222222236
8999-XXGNS,0,1,1,0,72,1,1,105.75,7629.85,0,0,1,1,0,0,0,0,1,0,1,0,0,0,1,0,1,1,0,1,0,0,4,0,105.9701388888889,-0.2201388888888971
8746-OQQRW,1,0,0,0,4,1,0,25.25,101.9,0,0,1,0,1,1,0,1,0,1,0,1,0,1,0,1,0,0,0,0,0,1,0,1,25.475,-0.22500000000000142
3181-MIZBN,1,0,1,1,16,1,0,19.75,313.4,0,0,0,0,1,1,0,1,0,1,0,1,0,1,0,1,0,0,0,0,1,0,0,0,19.5875,0.16250000000000142
0471-ARVMX,0,1,1,0,62,1,1,104.85,6312.9,0,0,1,1,0,0,1,0,0,0,1,0,0,0,1,0,1,1,0,0,1,0,4,0,101.82096774193548,3.029032258064518
7766-CLTIC,0,0,0,0,10,1,1,60.95,629.55,0,0,0,0,0,0,0,0,0,0,0,0,1,0,0,0,1,0,0,0,0,1,2,1,62.955,-2.0049999999999955
5650-YLIBA,1,0,0,0,31,1,1,81.15,2640.55,0,0,1,1,0,0,0,0,1,0,0,0,0,0,0,0,0,0,0,0,1,0,1,0,85.17903225806452,-4.029032258064518
0825-CPPQH,0,0,1,0,71,1,0,19.1,1372.45,0,0,0,0,1,1,0,1,0,1,0,1,0,1,0,1,0,0,1,1,0,0,0,0,19.330281690140847,-0.23028169014084554
9084-OAYKL,1,0,0,0,58,1,0,20.8,1212.25,0,0,0,0,1,1,0,1,0,1,0,1,0,1,0,1,0,0,1,0,0,1,0,0,20.900862068965516,-0.1008620689655153
6122-LJADA,1,0,1,1,70,1,1,90.15,6237.05,0,0,1,0,0,0,1,0,1,0,1,0,1,0,1,0,1,0,1,1,0,0,6,0,89.10071428571429,1.0492857142857162
2400-XIWIO,0,0,1,0,71,1,0,90.1,6310.9,0,0,1,0,0,0,1,0,1,0,1,0,1,0,1,0,1,0,1,0,1,0,6,0,88.88591549295774,1.2140845070422586
7524-VRLPL,1,1,0,0,69,1,0,74.1,5031.0,0,0,1,0,0,0,1,0,0,0,1,0,1,0,0,0,1,0,1,1,0,0,4,0,72.91304347826087,1.1869565217391198
1069-XAIEM,0,1,0,0,1,1,1,85.05,85.05,1,0,1,1,0,0,0,0,0,0,0,0,0,0,0,0,1,0,0,0,1,0,1,1,85.05,0.0
7569-NMZYQ,0,0,1,1,72,1,1,118.75,8672.45,0,0,1,1,0,0,1,0,1,0,1,0,1,0,1,0,1,0,1,0,0,0,6,0,120.45069444444445,-1.7006944444444514
5201-USSQZ,0,0,1,0,26,1,0,85.9,2196.45,0,0,0,1,0,0,0,0,0,0,0,0,1,0,0,0,1,0,0,1,0,0,2,0,84.47884615384615,1.4211538461538566
2105-PHWON,0,0,1,0,33,1,1,95.0,3008.15,0,0,1,1,0,0,0,0,0,0,1,0,1,0,0,0,1,0,0,1,0,0,3,0,91.1560606060606,3.8439393939393938
1494-EJZDW,0,0,1,1,10,1,0,20.15,220.8,0,0,0,0,1,1,0,1,0,1,0,1,0,1,0,1,0,0,1,0,0,1,0,1,22.080000000000002,-1.9300000000000033
4884-TVUQF,0,1,0,0,57,1,0,101.3,5779.6,0,0,1,1,0,0,1,0,0,0,1,0,1,0,0,0,1,0,1,1,0,0,4,0,101.39649122807018,-0.09649122807017818
8003-EWNDZ,0,0,0,0,10,1,1,21.2,222.65,0,0,0,0,1,1,0,1,0,1,0,1,0,1,0,1,0,0,0,0,1,0,0,1,22.265,-1.0650000000000013
1897-RCFUM,0,0,1,1,39,1,1,24.2,914.6,0,0,1,0,1,1,0,1,0,1,0,1,0,1,0,1,0,1,0,0,0,1,0,0,23.451282051282053,0.7487179487179461
9256-JTBNZ,0,0,0,0,11,1,0,20.3,246.3,0,0,0,0,1,1,0,1,0,1,0,1,0,1,0,1,0,0,0,0,0,0,0,1,22.39090909090909,-2.09090909090909
4658-HCOHW,0,0,1,1,21,1,1,102.8,2110.15,1,0,0,1,0,0,0,0,1,0,1,0,1,0,1,0,1,0,0,0,1,0,5,0,100.48333333333333,2.316666666666663
2211-RMNHO,0,0,1,1,68,1,0,85.3,5560.0,0,0,1,0,0,0,0,0,1,0,1,0,1,0,1,0,1,0,1,0,0,0,5,0,81.76470588235294,3.535294117647055
2432-TFSMK,1,0,0,0,18,1,1,89.6,1633.0,0,0,1,1,0,0,0,0,0,0,1,0,0,0,1,0,0,1,0,1,0,0,2,0,90.72222222222223,-1.1222222222222342
3440-JPSCL,0,0,0,0,6,1,1,99.95,547.65,1,0,0,1,0,0,0,0,0,0,1,0,1,0,1,0,1,0,0,0,0,1,4,1,91.27499999999999,8.675000000000011
4929-ROART,1,0,0,0,18,1,0,56.25,969.85,0,0,1,0,0,0,1,0,0,0,0,0,0,0,0,0,0,0,0,0,0,1,1,0,53.88055555555556,2.36944444444444
1834-ABKHQ,0,0,1,1,52,1,1,50.95,2610.65,0,0,0,0,0,0,0,0,0,0,1,0,0,0,0,0,0,1,0,0,0,0,1,0,50.204807692307696,0.7451923076923066
1741-WTPON,1,0,1,1,56,1,0,115.85,6567.9,0,0,1,1,0,0,1,0,1,0,1,0,1,0,1,0,1,0,1,0,0,1,6,0,117.28392857142856,-1.4339285714285666
3932-IJWDZ,1,0,0,0,45,1,1,103.65,4747.85,0,0,1,1,0,0,0,0,0,0,1,0,1,0,1,0,1,0,0,0,0,0,4,0,105.50777777777779,-1.857777777777784
1240-HCBOH,0,0,0,0,67,1,1,26.1,1759.55,0,0,1,0,1,1,0,1,0,1,0,1,0,1,0,1,0,0,1,0,0,1,0,0,26.26194029850746,-0.16194029850746006
3594-KADLU,1,0,1,0,3,0,0,35.1,101.1,0,1,0,0,0,0,1,0,0,0,0,0,1,0,0,0,0,0,0,0,0,1,2,1,33.699999999999996,1.4000000000000057
8065-BVEPF,1,1,0,0,65,1,1,99.1,6496.15,0,0,0,1,0,0,0,0,1,0,1,0,0,0,1,0,1,0,0,0,0,0,4,0,99.94076923076922,-0.8407692307692258
3796-ENZGF,1,0,1,0,63,1,0,67.25,4234.15,0,0,1,0,0,0,0,0,1,0,0,0,1,0,0,0,1,0,1,0,0,1,3,0,67.20873015873015,0.04126984126985178
1734-ZMNTZ,0,0,1,1,11,1,0,25.0,300.7,0,0,1,0,1,1,0,1,0,1,0,1,0,1,0,1,0,0,1,0,0,1,0,1,27.336363636363636,-2.336363636363636
2853-CWQFQ,1,0,0,1,1,1,1,59.55,59.55,0,0,0,0,0,0,0,0,0,0,0,0,1,0,0,0,1,0,0,0,0,1,2,1,59.55,0.0
0813-TAXXS,1,0,0,0,55,1,1,77.8,4323.35,0,0,1,0,0,0,0,0,0,0,1,0,0,0,1,0,1,0,1,0,0,0,3,0,78.60636363636364,-0.806363636363642
2519-TWKFS,1,0,1,1,25,1,1,55.1,1466.1,0,0,1,0,0,0,0,0,0,0,0,0,1,0,0,0,0,1,0,0,0,1,1,0,58.644,-3.543999999999997
2889-FPWRM,1,0,1,0,72,1,1,117.8,8684.8,1,0,1,1,0,0,1,0,1,0,1,0,1,0,1,0,1,1,0,0,0,0,6,0,120.6222222222222,-2.8222222222222086
0626-QXNGV,0,0,1,0,72,1,1,24.15,1776.45,0,0,1,0,1,1,0,1,0,1,0,1,0,1,0,1,0,0,1,1,0,0,0,0,24.672916666666666,-0.5229166666666671
6723-CEGQI,0,0,0,1,65,0,0,45.25,2933.95,0,1,0,0,0,0,0,0,1,0,0,0,1,0,1,0,0,0,1,0,0,1,3,0,45.137692307692305,0.1123076923076951
6987-XQSJT,0,1,0,0,54,1,1,79.5,4370.25,1,0,1,1,0,0,0,0,1,0,0,0,0,0,0,0,0,0,0,0,1,0,1,0,80.93055555555556,-1.4305555555555571
4732-RRJZC,1,0,1,1,7,1,0,20.25,144.35,0,0,0,0,1,1,0,1,0,1,0,1,0,1,0,1,0,0,0,0,0,1,0,1,20.62142857142857,-0.3714285714285701
9499-XPZXM,0,0,1,0,72,1,0,64.75,4804.75,0,0,1,0,0,0,1,0,1,0,0,0,1,0,0,0,0,0,1,0,0,0,3,0,66.73263888888889,-1.9826388888888857
4338-EYCER,1,0,1,0,21,1,0,54.6,1125.2,0,0,0,0,0,0,0,0,0,0,0,0,0,0,1,0,0,0,0,0,0,0,1,0,53.58095238095238,1.019047619047619
3007-FDPEA,0,0,0,0,2,1,1,20.7,39.85,0,0,0,0,1,1,0,1,0,1,0,1,0,1,0,1,0,0,0,0,0,0,0,1,19.925,0.7749999999999986
6350-XFYGW,1,1,0,0,4,1,1,94.75,422.4,0,0,0,1,0,0,0,0,0,0,1,0,0,0,1,0,1,0,0,0,1,0,3,1,105.6,-10.849999999999994
4290-BSXUX,1,0,1,0,3,1,1,79.65,251.75,1,0,1,1,0,0,0,0,0,0,0,0,1,0,0,0,0,0,0,0,0,0,1,1,83.91666666666667,-4.266666666666666
8513-OLYGY,1,0,1,0,72,1,0,115.8,8332.15,0,0,1,1,0,0,1,0,1,0,1,0,1,0,1,0,1,0,1,1,0,0,6,0,115.72430555555555,0.07569444444445139
0311-QYWSS,0,0,0,0,6,1,1,49.45,314.6,0,0,0,0,0,0,1,0,0,0,0,0,0,0,0,0,0,0,0,0,1,0,1,1,52.43333333333334,-2.9833333333333343
8705-DWKTI,1,0,0,0,52,1,1,83.8,4331.4,0,0,0,1,0,0,0,0,0,0,1,0,0,0,0,0,1,0,0,1,0,0,2,0,83.29615384615384,0.5038461538461547
8755-IWJHN,1,1,1,0,69,1,1,95.35,6382.0,0,0,1,1,0,0,0,0,1,0,1,0,0,0,0,0,1,0,0,0,0,0,3,0,92.4927536231884,2.857246376811588
0325-XBFAC,1,0,0,0,8,1,1,94.7,740.3,1,0,0,1,0,0,0,0,0,0,1,0,0,0,1,0,1,0,0,0,1,0,3,1,92.5375,2.1625000000000085
4480-QQRHC,0,1,0,0,8,1,1,74.05,600.15,0,0,0,1,0,0,0,0,0,0,1,0,0,0,0,0,0,0,0,0,0,0,1,1,75.01875,-0.96875
0929-PECLO,0,1,0,0,63,1,1,89.6,5538.8,0,0,1,1,0,0,0,0,0,0,1,0,0,0,0,0,1,0,0,0,0,0,2,0,87.91746031746032,1.6825396825396695
3680-CTHUH,1,0,0,0,60,1,1,116.6,7049.5,0,0,1,1,0,0,1,0,1,0,1,0,1,0,1,0,1,1,0,1,0,0,6,0,117.49166666666666,-0.8916666666666657
1202-KKGFU,0,0,1,0,12,1,0,54.2,690.5,0,0,0,0,0,0,1,0,0,0,0,0,1,0,0,0,0,0,0,0,0,0,2,1,57.541666666666664,-3.3416666666666615
6112-KTHFQ,0,0,0,0,13,1,1,19.3,279.3,0,0,0,0,1,1,0,1,0,1,0,1,0,1,0,1,0,0,0,0,0,1,0,0,21.484615384615385,-2.184615384615384
1852-XEMDW,1,0,0,0,22,1,0,65.05,1427.55,0,0,1,0,0,0,1,0,1,0,1,0,0,0,0,0,0,0,0,0,0,1,3,0,64.88863636363637,0.1613636363636317
2462-XIIJB,1,0,0,0,5,1,1,92.5,452.7,1,0,1,1,0,0,0,0,0,0,1,0,0,0,1,0,0,0,0,0,1,0,2,1,90.53999999999999,1.960000000000008
4760-XOHVN,0,0,1,1,1,1,0,19.45,19.45,1,0,0,0,1,1,0,1,0,1,0,1,0,1,0,1,0,0,0,0,0,1,0,1,19.45,0.0
1820-DJFPH,0,0,1,1,72,1,1,24.05,1709.15,0,0,1,0,1,1,0,1,0,1,0,1,0,1,0,1,0,0,1,0,0,0,0,0,23.738194444444446,0.311805555555555
9426-SXNHE,0,0,0,0,2,1,0,18.75,53.15,0,0,0,0,1,1,0,1,0,1,0,1,0,1,0,1,0,0,0,0,0,0,0,1,26.575,-7.824999999999999
9068-FHQHD,0,0,1,1,40,1,0,20.15,777.35,0,0,0,0,1,1,0,1,0,1,0,1,0,1,0,1,0,0,1,0,0,0,0,0,19.43375,0.7162499999999987
1269-FOYWN,1,0,1,1,44,1,0,20.0,860.85,0,0,0,0,1,1,0,1,0,1,0,1,0,1,0,1,0,1,0,0,0,0,0,0,19.56477272727273,0.43522727272727124
9470-YFUYI,1,1,1,0,71,1,1,71.0,5012.1,0,0,0,0,0,0,1,0,1,0,0,0,1,0,1,0,0,1,0,0,0,0,4,0,70.59295774647887,0.40704225352112644
7817-BOQPW,0,0,0,0,2,1,1,75.55,166.3,1,0,1,1,0,0,0,0,0,0,0,0,0,0,0,0,0,0,0,0,1,0,0,1,83.15,-7.6000000000000085
7402-EYFXX,1,1,0,0,26,1,1,93.6,2404.1,0,0,1,1,0,0,0,0,0,0,0,0,0,0,1,0,1,0,0,0,1,0,2,0,92.46538461538461,1.1346153846153868
1853-UDXBW,1,0,1,1,1,1,1,70.0,70.0,1,0,0,1,0,0,0,0,0,0,0,0,0,0,0,0,0,0,0,0,1,0,0,1,70.0,0.0
9895-VFOXH,0,0,0,0,1,0,0,24.4,24.4,0,1,0,0,0,0,0,0,0,0,0,0,0,0,0,0,0,0,0,0,0,1,0,1,24.4,0.0
5458-CQJTA,1,0,1,1,65,1,1,74.8,4820.15,1,0,0,0,0,0,1,0,0,0,0,0,1,0,1,0,1,0,1,0,0,0,4,0,74.15615384615384,0.6438461538461553
1230-QAJDW,1,0,0,0,3,1,1,65.25,209.9,0,0,1,0,0,0,0,0,0,0,0,0,1,0,1,0,0,0,0,0,0,1,2,1,69.96666666666667,-4.716666666666669
5701-ZIKJE,1,0,0,0,13,1,1,50.55,610.75,0,0,0,0,0,0,0,0,0,0,0,0,1,0,0,0,0,0,0,0,0,1,1,0,46.98076923076923,3.5692307692307637
5219-YIPTK,0,0,1,0,33,1,1,104.4,3409.6,1,0,1,1,0,0,0,0,1,0,1,0,0,0,1,0,1,0,0,0,1,0,4,0,103.32121212121211,1.0787878787878924
5032-MIYKT,0,0,0,0,1,1,1,70.7,70.7,0,0,0,1,0,0,0,0,0,0,0,0,0,0,0,0,0,0,0,0,0,1,0,1,70.7,0.0
7396-VJUZB,1,0,1,1,4,1,0,45.25,155.35,0,0,0,0,0,0,0,0,0,0,0,0,0,0,0,0,0,0,0,0,0,1,0,1,38.8375,6.412500000000001
9717-QEBGU,1,0,0,0,2,1,1,70.3,144.0,0,0,0,1,0,0,0,0,0,0,0,0,0,0,0,0,0,0,0,0,1,0,0,1,72.0,-1.7000000000000028
5172-RKOCB,1,0,1,0,72,1,1,108.95,7875.0,0,0,1,1,0,0,1,0,1,0,0,0,1,0,1,0,1,0,1,1,0,0,5,0,109.375,-0.42499999999999716
6509-TSGWN,0,0,1,1,37,1,0,26.45,911.6,0,0,1,0,1,1,0,1,0,1,0,1,0,1,0,1,0,0,0,0,0,1,0,0,24.63783783783784,1.81216216216216
3540-RZJYU,0,0,0,0,15,1,0,86.2,1270.2,1,0,0,1,0,0,1,0,0,0,0,0,0,0,1,0,0,0,0,0,1,0,2,0,84.68,1.519999999999996
3178-CIFOT,0,0,0,0,23,1,1,19.65,478.1,0,0,0,0,1,1,0,1,0,1,0,1,0,1,0,1,0,1,0,1,0,0,0,0,20.786956521739132,-1.1369565217391333
2091-MJTFX,0,0,1,1,30,0,0,51.2,1561.5,1,1,0,0,0,0,0,0,0,0,0,0,1,0,1,0,1,0,0,1,0,0,3,0,52.05,-0.8499999999999943
4530-NDRKU,0,0,1,1,42,1,1,19.05,761.85,0,0,0,0,1,1,0,1,0,1,0,1,0,1,0,1,0,1,0,0,1,0,0,0,18.139285714285716,0.9107142857142847
5985-TBABQ,0,0,0,0,32,1,0,74.75,2282.95,0,0,1,0,0,0,1,0,0,0,0,0,0,0,1,0,1,1,0,0,0,1,3,0,71.3421875,3.4078125000000057
9800-ONTFE,0,0,1,1,22,1,1,75.8,1615.1,0,0,1,1,0,0,0,0,0,0,0,0,0,0,0,0,0,0,0,0,0,0,0,0,73.41363636363636,2.3863636363636402
6743-HHQPF,1,0,1,0,42,0,1,25.1,1097.15,0,1,0,0,0,0,0,0,0,0,0,0,0,0,0,0,0,0,0,1,0,0,0,0,26.12261904761905,-1.0226190476190489
8455-HIRAQ,0,0,0,0,8,1,0,44.45,369.3,0,0,0,0,0,0,0,0,0,0,0,0,0,0,0,0,0,0,0,0,0,1,0,1,46.1625,-1.7124999999999986
6616-AALSR,0,0,1,1,65,1,1,104.3,6725.3,0,0,1,1,0,0,1,0,0,0,1,0,0,0,1,0,1,0,1,1,0,0,4,0,103.46615384615384,0.833846153846153
0883-EIBTI,0,0,0,0,2,1,0,19.5,31.55,1,0,0,0,1,1,0,1,0,1,0,1,0,1,0,1,0,0,0,0,0,1,0,1,15.775,3.7249999999999996
9415-ZNBSX,0,0,1,1,70,1,1,89.0,6293.2,0,0,1,0,0,0,1,0,1,0,1,0,1,0,1,0,1,0,1,0,0,0,6,0,89.90285714285714,-0.9028571428571439
4018-KJYUY,1,0,0,1,22,1,0,20.15,432.5,0,0,0,0,1,1,0,1,0,1,0,1,0,1,0,1,0,0,0,1,0,0,0,0,19.65909090909091,0.4909090909090885
0722-TROQR,0,1,0,0,4,1,1,74.9,321.75,1,0,1,1,0,0,0,0,0,0,0,0,0,0,0,0,0,0,0,0,1,0,0,1,80.4375,-5.537499999999994
7571-YXDAD,0,0,0,0,2,1,0,74.9,147.15,1,0,1,1,0,0,0,0,0,0,0,0,0,0,0,0,0,0,0,1,0,0,0,1,73.575,1.3250000000000028
3884-UEBXB,0,0,1,1,67,0,0,36.15,2434.45,0,1,0,0,0,0,1,0,1,0,0,0,0,0,0,0,0,0,1,0,0,0,2,0,36.33507462686567,-0.18507462686567067
8780-RSYYU,0,0,0,0,25,1,1,19.2,532.1,0,0,0,0,1,1,0,1,0,1,0,1,0,1,0,1,0,0,0,1,0,0,0,0,21.284000000000002,-2.084000000000003
5537-UXXVS,0,0,1,0,20,1,0,19.25,375.25,0,0,0,0,1,1,0,1,0,1,0,1,0,1,0,1,0,0,0,0,0,0,0,0,18.7625,0.4875000000000007
1791-PQHBB,0,0,0,1,2,1,1,61.2,125.95,0,0,0,0,0,0,1,0,0,0,0,0,0,0,0,0,1,0,0,1,0,0,2,1,62.975,-1.7749999999999986
8701-DGLVH,1,0,0,0,51,1,0,20.45,1042.65,0,0,0,0,1,1,0,1,0,1,0,1,0,1,0,1,0,0,1,0,0,1,0,0,20.444117647058825,0.005882352941174673
8741-LQOBK,0,0,1,1,46,0,0,35.05,1620.25,0,1,0,0,0,0,1,0,1,0,0,0,0,0,0,0,0,0,0,0,0,0,2,0,35.22282608695652,-0.17282608695652613
3393-FMZPV,0,0,0,0,25,1,1,100.25,2387.75,1,0,1,1,0,0,0,0,1,0,0,0,0,0,1,0,1,0,0,0,1,0,3,0,95.51,4.739999999999995
8082-GHXOP,1,0,0,1,13,1,0,44.0,659.35,0,0,0,0,0,0,0,0,0,0,0,0,0,0,0,0,0,0,0,0,0,1,0,0,50.71923076923077,-6.719230769230769
6402-ZFPPI,0,1,0,0,25,1,1,102.8,2660.2,1,0,1,1,0,0,1,0,1,0,0,0,0,0,1,0,1,0,0,0,0,1,4,0,106.40799999999999,-3.60799999999999
0980-FEXWF,1,0,1,1,26,1,0,50.35,1285.8,0,0,0,0,0,0,0,0,0,0,1,0,0,0,0,0,0,1,0,0,0,1,1,0,49.45384615384615,0.896153846153851
7486-KSRVI,1,0,0,0,43,1,1,100.0,4211.55,1,0,1,1,0,0,0,0,0,0,0,0,1,0,1,0,1,1,0,0,1,0,3,0,97.94302325581396,2.056976744186045
3011-WQKSZ,1,0,0,1,19,1,1,20.0,377.55,0,0,0,0,1,1,0,1,0,1,0,1,0,1,0,1,0,0,0,0,1,0,0,0,19.871052631578948,0.12894736842105203
8443-WVPSS,1,0,1,0,10,1,1,99.85,990.9,1,0,0,1,0,0,0,0,1,0,0,0,1,0,1,0,1,0,0,0,1,0,4,1,99.09,0.7599999999999909
3006-XIMLN,0,0,0,1,2,1,1,94.2,193.8,1,0,1,1,0,0,0,0,0,0,0,0,0,0,1,0,1,0,0,0,0,0,2,1,96.9,-2.700000000000003
8218-FFJDS,0,0,1,0,72,1,1,86.4,6058.95,0,0,1,0,0,0,1,0,1,0,0,0,1,0,1,0,1,0,1,0,0,0,5,0,84.15208333333334,2.2479166666666686
1986-PHGZF,1,1,0,0,18,1,1,58.4,964.9,0,0,1,0,0,0,1,0,1,0,0,0,0,0,0,0,0,0,0,1,0,0,2,0,53.605555555555554,4.794444444444444
9965-YOKZB,1,1,0,0,9,1,1,83.85,790.15,1,0,1,1,0,0,0,0,0,0,0,0,0,0,0,0,1,0,0,0,1,0,1,1,87.79444444444444,-3.944444444444443
0504-HHAPI,0,1,0,0,27,1,0,88.3,2467.75,1,0,1,1,0,0,0,0,0,0,1,0,0,0,0,0,1,0,0,1,0,0,2,0,91.39814814814815,-3.098148148148155
9360-OMDZZ,1,0,0,0,24,1,1,94.1,2322.85,0,0,1,1,0,0,0,0,0,0,0,0,0,0,1,0,1,0,0,0,1,0,2,0,96.78541666666666,-2.6854166666666686
6305-YLBMM,1,0,0,0,69,1,1,104.05,7262.0,1,0,0,1,0,0,0,0,1,0,1,0,1,0,1,0,1,1,0,0,0,0,5,0,105.2463768115942,-1.196376811594206
0345-XMMUG,0,0,1,0,46,1,1,108.9,4854.3,0,0,1,1,0,0,0,0,1,0,1,0,1,0,1,0,1,0,1,1,0,0,5,0,105.52826086956522,3.37173913043479
8024-XNAFQ,0,1,0,0,72,1,1,107.4,7748.75,0,0,1,1,0,0,1,0,1,0,1,0,1,0,0,0,1,0,1,0,0,0,5,0,107.62152777777777,-0.22152777777776578
3647-GMGDH,1,0,1,0,22,1,1,94.7,1914.9,1,0,0,1,0,0,0,0,0,0,1,0,0,0,1,0,1,0,0,1,0,0,3,0,87.0409090909091,7.6590909090909065
2988-GBIVW,0,1,1,0,70,1,1,90.85,6470.1,0,0,1,1,0,0,1,0,0,0,0,0,0,0,0,0,1,0,0,0,1,0,2,0,92.43,-1.5800000000000125
2832-SCUCO,0,0,0,0,2,1,0,19.9,57.4,0,0,0,0,1,1,0,1,0,1,0,1,0,1,0,1,0,0,0,0,1,0,0,1,28.7,-8.8
7036-ZZKBD,1,0,1,0,31,1,1,66.4,2019.8,0,0,0,0,0,0,0,0,0,0,1,0,1,0,0,0,1,0,0,1,0,0,3,0,65.15483870967742,1.245161290322585
3791-LGQCY,0,1,1,0,56,1,1,100.65,5688.05,1,0,1,1,0,0,0,0,0,0,1,0,0,0,1,0,1,0,0,0,0,0,3,0,101.57232142857143,-0.9223214285714221
0265-PSUAE,0,0,1,1,16,1,0,100.7,1522.7,0,0,0,1,0,0,1,0,0,0,1,0,0,0,1,0,1,0,0,0,0,0,4,0,95.16875,5.53125
0463-TXOAK,1,0,0,1,52,1,0,25.6,1334.5,0,0,1,0,1,1,0,1,0,1,0,1,0,1,0,1,0,0,1,1,0,0,0,0,25.66346153846154,-0.06346153846153868
0594-UFTUL,1,0,1,1,13,1,1,19.85,252.0,0,0,0,0,1,1,0,1,0,1,0,1,0,1,0,1,0,0,0,0,0,1,0,0,19.384615384615383,0.46538461538461817
9509-MPYOD,0,0,0,0,35,1,0,20.75,700.45,0,0,0,0,1,1,0,1,0,1,0,1,0,1,0,1,0,1,0,0,0,1,0,0,20.012857142857143,0.7371428571428567
9128-CPXKI,0,0,0,0,59,1,0,95.8,5655.45,0,0,0,1,0,0,0,0,0,0,1,0,0,0,1,0,1,0,1,0,1,0,3,0,95.85508474576271,-0.05508474576271283
0129-KPTWJ,1,0,1,0,72,1,1,94.65,6747.35,0,0,0,1,0,0,0,0,0,0,1,0,0,0,1,0,1,0,0,0,1,0,3,0,93.71319444444445,0.9368055555555515
8166-ZZTFS,0,1,1,0,66,1,1,80.55,5265.1,1,0,1,0,0,0,0,0,1,0,1,0,0,0,1,0,1,0,1,0,0,0,4,0,79.77424242424243,0.7757575757575665
5855-EIBDE,0,0,1,0,49,1,0,106.65,5174.35,0,0,1,1,0,0,1,0,1,0,1,0,1,0,0,0,1,0,1,1,0,0,5,0,105.59897959183674,1.051020408163268
5365-LLFYV,0,0,0,0,2,1,1,45.85,105.6,0,0,0,0,0,0,0,0,0,0,0,0,0,0,0,0,0,0,0,0,0,1,0,1,52.8,-6.949999999999996
5956-YHHRX,1,1,0,0,21,1,1,104.35,2271.85,0,0,1,1,0,0,0,0,1,0,1,0,0,0,1,0,1,0,0,0,1,0,4,0,108.18333333333332,-3.8333333333333286
6008-NAIXK,1,1,0,0,54,0,1,55.45,2966.95,0,1,0,0,0,0,0,0,1,0,1,0,0,0,1,0,1,1,0,0,1,0,4,0,54.943518518518516,0.5064814814814866
2956-GGUCQ,1,1,1,0,24,1,1,78.85,1772.25,1,0,1,1,0,0,1,0,0,0,0,0,0,0,0,0,0,0,0,0,1,0,1,0,73.84375,5.006249999999994
1928-BXYIV,1,0,0,0,1,1,0,61.15,61.15,0,0,1,0,0,0,1,0,1,0,0,0,0,0,0,0,0,0,0,0,1,0,2,1,61.15,0.0
5760-FXFVO,1,0,0,0,6,1,1,78.95,494.95,0,0,0,1,0,0,1,0,1,0,0,0,0,0,0,0,0,0,0,0,1,0,2,1,82.49166666666666,-3.541666666666657
6595-COKXZ,0,0,0,0,1,1,1,44.45,44.45,1,0,0,0,0,0,0,0,0,0,0,0,0,0,0,0,0,0,0,0,0,1,0,1,44.45,0.0
0961-ZWLVI,1,0,0,1,49,1,1,109.2,5290.45,0,0,1,1,0,0,1,0,1,0,1,0,0,0,1,0,1,1,0,1,0,0,5,0,107.96836734693878,1.2316326530612258
5181-OABFK,0,0,1,1,56,1,1,61.3,3346.8,0,0,0,0,0,0,1,0,1,0,1,0,0,0,0,0,0,0,1,1,0,0,3,0,59.76428571428572,1.5357142857142776
4007-NHVHI,0,1,0,0,56,1,1,96.85,5219.65,0,0,1,1,0,0,1,0,1,0,0,0,0,0,0,0,1,0,0,0,1,0,3,0,93.20803571428571,3.6419642857142804
7816-VGHTO,0,0,1,1,6,0,0,40.55,217.5,0,1,0,0,0,0,0,0,1,0,1,0,1,0,0,0,0,0,1,0,0,1,3,1,36.25,4.299999999999997
5871-DGTXZ,1,0,0,0,32,1,0,19.8,607.7,0,0,0,0,1,1,0,1,0,1,0,1,0,1,0,1,0,1,0,0,0,1,0,0,18.990625,0.8093749999999993
7550-WIQVA,1,0,1,1,50,1,1,108.25,5431.4,0,0,1,1,0,0,1,0,1,0,1,0,0,0,1,0,1,1,0,0,1,0,5,0,108.62799999999999,-0.3779999999999859
7544-ZVIKX,1,0,1,1,58,1,1,105.05,6004.85,0,0,1,1,0,0,0,0,0,0,1,0,1,0,1,0,1,1,0,0,0,0,4,0,103.53189655172415,1.518103448275852
0016-QLJIS,0,0,1,1,65,1,1,90.45,5957.9,0,0,1,0,0,0,1,0,1,0,1,0,1,0,1,0,1,0,1,0,0,1,6,0,91.66,-1.2099999999999937
7508-DQAKK,0,0,0,0,64,1,1,86.4,5442.05,0,0,1,0,0,0,1,0,1,0,1,0,1,0,1,0,1,0,1,1,0,0,6,0,85.03203125,1.3679687500000028
5176-OLSKT,0,0,1,0,66,1,0,66.9,4370.25,0,0,1,0,0,0,1,0,1,0,1,0,0,0,0,0,0,0,1,0,0,0,3,0,66.2159090909091,0.6840909090909122
9356-AXGMP,1,0,1,0,38,1,1,110.7,4428.6,0,0,1,1,0,0,1,0,0,0,1,0,1,0,1,0,1,1,0,0,1,0,5,0,116.54210526315791,-5.8421052631579045
3556-BVQGL,0,0,1,0,20,1,1,20.0,416.45,0,0,0,0,1,1,0,1,0,1,0,1,0,1,0,1,0,1,0,0,0,1,0,0,20.822499999999998,-0.822499999999998
0362-ZBZWJ,1,0,0,0,36,1,1,84.9,3067.2,1,0,1,1,0,0,0,0,0,0,0,0,0,0,0,0,1,0,0,0,1,0,1,0,85.19999999999999,-0.29999999999998295
8979-CAMGB,1,1,0,0,64,1,0,102.1,6688.1,0,0,1,1,0,0,0,0,0,0,1,0,1,0,1,0,1,1,0,0,1,0,4,0,104.5015625,-2.4015625000000114
4211-MMAZN,1,0,0,0,1,1,0,20.25,20.25,1,0,0,0,1,1,0,1,0,1,0,1,0,1,0,1,0,0,0,0,0,1,0,1,20.25,0.0
7581-EBBOU,0,0,0,0,60,1,1,70.15,4224.7,0,0,0,0,0,0,0,0,1,0,1,0,1,0,1,0,0,1,0,1,0,0,4,0,70.41166666666666,-0.26166666666665606
4274-OWWYO,1,0,0,0,1,1,1,74.35,74.35,1,0,0,1,0,0,0,0,1,0,0,0,0,0,0,0,0,0,0,0,1,0,1,1,74.35,0.0
5073-RZGBK,0,0,1,1,50,1,1,80.05,4042.2,0,0,1,0,0,0,1,0,1,0,1,0,1,0,0,0,1,1,0,0,0,0,5,0,80.844,-0.7939999999999969
1541-ETJZO,1,0,0,0,1,1,0,62.05,62.05,1,0,1,0,0,0,0,0,0,0,1,0,1,0,0,0,0,0,0,0,0,1,2,1,62.05,0.0
2192-CKRLV,0,0,1,0,72,0,1,49.2,3580.95,0,1,0,0,0,0,1,0,1,0,1,0,0,0,0,0,1,0,1,0,1,0,4,0,49.735416666666666,-0.5354166666666629
3154-HMWUU,1,0,1,0,60,1,1,20.5,1198.8,0,0,0,0,1,1,0,1,0,1,0,1,0,1,0,1,0,0,1,0,0,0,0,0,19.98,0.5199999999999996
6119-SPUDB,1,0,0,0,46,0,0,38.25,1755.35,0,1,0,0,0,0,1,0,0,0,1,0,1,0,0,0,0,0,1,0,0,1,3,0,38.15978260869565,0.0902173913043498
6522-OIQSX,0,0,1,1,69,0,1,54.95,3772.5,0,1,0,0,0,0,0,0,1,0,1,0,0,0,1,0,1,0,1,1,0,0,4,0,54.67391304347826,0.27608695652174475
7813-ZGGAW,1,1,0,0,31,1,1,96.6,2877.95,0,0,1,1,0,0,0,0,0,0,1,0,1,0,1,0,0,0,0,0,0,0,3,0,92.83709677419354,3.762903225806454
8748-HFWBO,1,0,1,1,19,1,0,19.9,357.7,0,0,0,0,1,1,0,1,0,1,0,1,0,1,0,1,0,1,0,0,0,1,0,0,18.826315789473682,1.0736842105263165
1052-QJIBV,0,0,1,1,71,1,0,19.9,1397.3,0,0,0,0,1,1,0,1,0,1,0,1,0,1,0,1,0,0,1,1,0,0,0,0,19.680281690140845,0.21971830985915375
1319-YLZJG,1,0,1,0,12,1,1,84.6,959.9,0,0,0,1,0,0,1,0,1,0,1,0,0,0,0,0,0,0,0,0,1,0,3,1,79.99166666666666,4.608333333333334
4106-HADHQ,1,0,1,1,39,1,0,80.0,3182.95,1,0,0,0,0,0,1,0,0,0,1,0,1,0,1,0,1,1,0,1,0,0,5,0,81.61410256410257,-1.6141025641025664
0723-FDLAY,1,0,0,0,44,1,1,85.25,3704.15,0,0,1,0,0,0,0,0,1,0,1,0,1,0,1,0,1,1,0,0,0,0,5,0,84.18522727272727,1.0647727272727252
3050-RLLXC,0,0,1,1,56,1,0,81.25,4620.4,0,0,1,0,0,0,1,0,1,0,1,0,1,0,1,0,0,0,1,1,0,0,5,0,82.50714285714285,-1.2571428571428527
9298-WGMRW,0,0,1,0,72,1,1,115.5,8312.75,0,0,1,1,0,0,1,0,1,0,1,0,1,0,1,0,1,0,1,0,0,0,6,0,115.45486111111111,0.04513888888888573
2369-UAPKZ,1,0,0,0,5,1,0,104.1,541.9,1,0,1,1,0,0,0,0,1,0,1,0,0,0,1,0,1,0,0,0,0,1,4,1,108.38,-4.280000000000001
3088-LHEFH,0,0,0,0,11,1,1,79.0,929.3,0,0,1,1,0,0,1,0,0,0,0,0,0,0,0,0,0,0,0,0,0,0,1,1,84.48181818181818,-5.481818181818184
2778-OCLGR,1,1,1,0,24,0,0,39.1,971.3,1,1,0,0,0,0,1,0,0,0,0,0,0,0,0,0,1,0,0,0,0,0,2,0,40.47083333333333,-1.37083333333333
6583-KQJLK,0,1,1,0,15,1,1,94.65,1285.05,0,0,0,1,0,0,0,0,1,0,0,0,0,0,1,0,1,0,0,0,1,0,3,0,85.67,8.980000000000004
8544-JNBOX,1,0,0,0,72,1,1,20.8,1521.2,0,0,0,0,1,1,0,1,0,1,0,1,0,1,0,1,0,0,1,0,0,1,0,0,21.12777777777778,-0.3277777777777793
6681-ZSEXG,1,0,1,0,56,1,0,59.5,3389.25,0,0,1,0,0,0,0,0,1,0,1,0,0,0,0,0,0,0,1,1,0,0,2,0,60.52232142857143,-1.0223214285714306
6139-ZZRBQ,1,1,0,0,64,1,1,20.05,1198.05,0,0,0,0,1,1,0,1,0,1,0,1,0,1,0,1,0,0,1,0,0,0,0,0,18.71953125,1.3304687500000014
6116-RFVHN,0,0,1,0,34,1,1,100.45,3414.65,0,0,1,1,0,0,0,0,0,0,1,0,0,0,1,0,1,0,0,0,1,0,3,0,100.43088235294118,0.019117647058820353
0637-KVDLV,1,0,0,0,2,1,1,76.5,162.45,1,0,1,1,0,0,0,0,0,0,0,0,0,0,0,0,0,0,0,0,1,0,0,1,81.225,-4.724999999999994
8884-FEEWR,1,0,0,0,35,1,0,20.6,754.0,0,0,0,0,1,1,0,1,0,1,0,1,0,1,0,1,0,1,0,0,0,0,0,0,21.542857142857144,-0.9428571428571431
3125-RAHBV,1,0,0,0,22,1,0,20.3,467.15,0,0,0,0,1,1,0,1,0,1,0,1,0,1,0,1,0,1,0,1,0,0,0,0,21.23409090909091,-0.9340909090909086
6633-MPWBS,1,0,0,0,5,1,1,49.2,216.9,1,0,0,0,0,0,0,0,0,0,0,0,1,0,0,0,0,0,0,0,1,0,1,1,43.38,5.82
0373-AIVNJ,1,0,0,0,9,0,0,39.55,373.0,0,1,0,0,0,0,1,0,1,0,1,0,0,0,0,0,0,1,0,0,0,1,3,1,41.44444444444444,-1.8944444444444457
8785-EPNCG,1,0,0,0,11,1,0,23.15,245.2,1,0,1,0,1,1,0,1,0,1,0,1,0,1,0,1,0,0,0,1,0,0,0,1,22.29090909090909,0.8590909090909093
1682-VCOIO,1,0,0,0,23,1,0,20.45,481.1,0,0,0,0,1,1,0,1,0,1,0,1,0,1,0,1,0,1,0,0,0,1,0,0,20.917391304347827,-0.46739130434782794
5729-KLZAR,0,0,1,1,4,1,0,80.85,302.75,1,0,0,1,0,0,0,0,0,0,0,0,0,0,0,0,1,0,0,0,1,0,1,1,75.6875,5.162499999999994
2072-ZVJJX,1,0,1,0,68,1,0,25.25,1728.2,0,0,1,0,1,1,0,1,0,1,0,1,0,1,0,1,0,0,1,0,0,0,0,0,25.41470588235294,-0.1647058823529406
8849-AYPTR,1,0,1,0,33,1,0,91.25,2964.05,0,0,0,1,0,0,0,0,0,0,0,0,0,0,1,0,1,0,0,0,1,0,2,0,89.81969696969698,1.4303030303030226
9518-IMLHK,1,0,0,0,31,1,1,72.45,2156.25,0,0,0,0,0,0,1,0,1,0,1,0,1,0,1,0,0,0,0,0,0,0,5,0,69.55645161290323,2.8935483870967715
1582-RAFML,1,0,0,0,1,1,0,60.1,60.1,1,0,1,0,0,0,0,0,1,0,0,0,1,0,0,0,0,0,0,0,0,1,2,1,60.1,0.0
3646-ITDGM,0,0,0,0,56,1,0,19.7,1051.9,0,0,0,0,1,1,0,1,0,1,0,1,0,1,0,1,0,0,1,0,0,0,0,0,18.78392857142857,0.9160714285714278
8740-CRYFY,1,0,0,0,1,1,1,78.95,78.95,1,0,0,1,0,0,0,0,0,0,0,0,0,0,1,0,0,0,0,0,1,0,1,1,78.95,0.0
3569-VLDHH,1,0,1,1,66,1,1,75.1,5013.0,0,0,0,0,0,0,1,0,1,0,1,0,1,0,1,0,0,1,0,0,1,0,5,0,75.95454545454545,-0.8545454545454589
8224-KDLKN,1,0,1,1,72,1,0,25.0,1738.9,0,0,1,0,1,1,0,1,0,1,0,1,0,1,0,1,0,0,1,0,0,0,0,0,24.15138888888889,0.8486111111111114
7594-LZNWR,1,1,0,0,34,1,0,69.15,2275.1,0,0,0,1,0,0,0,0,0,0,0,0,0,0,0,0,0,0,0,1,0,0,0,0,66.91470588235293,2.235294117647072
4001-TSBTV,0,0,1,1,58,1,1,91.55,5511.65,0,0,0,1,0,0,0,0,1,0,1,0,0,0,1,0,0,0,0,0,1,0,3,0,95.02844827586206,-3.478448275862064
2962-XPMCQ,1,0,0,0,2,1,1,45.15,98.5,1,0,0,0,0,0,0,0,0,0,0,0,0,0,0,0,0,0,0,0,1,0,0,1,49.25,-4.100000000000001
8727-XDPUD,1,0,0,0,37,0,0,35.8,1316.9,0,1,0,0,0,0,0,0,0,0,0,0,0,0,1,0,0,0,1,1,0,0,1,0,35.5918918918919,0.20810810810809954
1043-UXOVO,0,0,0,0,71,1,1,113.15,7993.3,0,0,1,1,0,0,1,0,1,0,1,0,1,0,1,0,1,0,1,1,0,0,6,0,112.58169014084507,0.5683098591549367
1064-FBXNK,1,0,1,1,1,1,0,19.85,19.85,0,0,0,0,1,1,0,1,0,1,0,1,0,1,0,1,0,1,0,1,0,0,0,1,19.85,0.0
3996-ZNWYK,1,1,1,1,71,1,0,19.8,1388.45,0,0,0,0,1,1,0,1,0,1,0,1,0,1,0,1,0,0,1,1,0,0,0,0,19.555633802816903,0.2443661971830977
2878-DHMIN,1,0,1,1,35,1,0,19.9,666.0,0,0,0,0,1,1,0,1,0,1,0,1,0,1,0,1,0,1,0,0,1,0,0,0,19.02857142857143,0.8714285714285701
7762-ONLJY,0,0,1,1,6,1,0,19.7,94.45,0,0,0,0,1,1,0,1,0,1,0,1,0,1,0,1,0,1,0,0,0,1,0,1,15.741666666666667,3.958333333333332
1678-FYZOW,0,0,0,0,3,1,1,79.4,244.65,1,0,0,1,0,0,0,0,0,0,0,0,0,0,1,0,0,0,0,0,1,0,1,1,81.55,-2.1499999999999915
5795-BKOYE,0,0,1,1,69,1,0,59.1,4134.7,0,0,0,0,0,0,0,0,1,0,1,0,1,0,0,0,0,1,0,0,0,0,3,0,59.9231884057971,-0.8231884057970973
8627-EHGIP,1,0,0,0,44,0,1,53.95,2375.4,1,1,0,0,0,0,0,0,1,0,1,0,0,0,1,0,1,1,0,0,0,1,4,0,53.98636363636364,-0.03636363636363882
7402-PWYJJ,0,0,1,0,53,1,1,91.15,4862.5,0,0,1,1,0,0,0,0,0,0,0,0,1,0,0,0,1,1,0,0,1,0,2,0,91.74528301886792,-0.5952830188679172
5480-TBGPH,0,0,1,0,24,1,1,99.3,2431.35,1,0,0,1,0,0,0,0,1,0,1,0,0,0,1,0,1,0,0,1,0,0,4,0,101.30624999999999,-2.0062499999999943
0018-NYROU,0,0,1,0,5,1,1,68.95,351.5,0,0,0,1,0,0,0,0,0,0,0,0,0,0,0,0,0,0,0,0,1,0,0,1,70.3,-1.3499999999999943
7501-VTYLJ,0,0,0,1,2,1,0,51.55,106.2,0,0,0,0,0,0,0,0,1,0,0,0,0,0,0,0,0,0,0,0,0,1,1,1,53.1,-1.5500000000000043
7608-RGIRO,1,0,0,1,62,1,1,24.4,1413.0,0,0,1,0,1,1,0,1,0,1,0,1,0,1,0,1,0,0,1,0,0,1,0,0,22.79032258064516,1.6096774193548384
0480-BIXDE,0,0,1,0,19,1,1,96.8,1743.05,0,0,0,1,0,0,0,0,0,0,1,0,0,0,1,0,1,0,0,0,1,0,3,0,91.73947368421052,5.060526315789474
5895-QSXOD,1,0,0,0,9,1,0,70.05,657.5,0,0,0,1,0,0,0,0,0,0,0,0,0,0,0,0,0,0,0,0,0,1,0,1,73.05555555555556,-3.00555555555556
9814-AOUDH,1,0,0,0,53,1,0,19.5,1050.5,0,0,0,0,1,1,0,1,0,1,0,1,0,1,0,1,0,0,1,1,0,0,0,0,19.82075471698113,-0.32075471698113134
6175-IRFIT,1,0,0,0,5,1,0,78.75,426.35,0,0,0,1,0,0,0,0,0,0,0,0,0,0,0,0,1,0,0,0,0,1,1,1,85.27000000000001,-6.52000000000001
8760-ZRHKE,0,1,1,1,71,1,0,69.2,4982.5,0,0,1,0,0,0,1,0,1,0,0,0,0,0,1,0,0,1,0,0,1,0,3,0,70.17605633802818,-0.9760563380281724
1622-HSHSF,0,0,0,0,1,1,1,19.55,19.55,0,0,0,0,1,1,0,1,0,1,0,1,0,1,0,1,0,0,0,0,0,1,0,1,19.55,0.0
8854-CCVSQ,1,0,0,0,18,1,1,80.65,1451.9,1,0,1,1,0,0,0,0,1,0,0,0,0,0,0,0,0,0,0,0,1,0,1,0,80.66111111111111,-0.011111111111105743
6749-UTDVX,1,0,0,0,72,1,1,103.65,7634.8,0,0,1,1,0,0,0,0,1,0,1,0,0,0,1,0,1,0,1,0,1,0,4,0,106.03888888888889,-2.3888888888888857
5542-DHSXL,0,0,1,0,4,1,0,54.7,235.05,0,0,0,0,0,0,1,0,1,0,0,0,0,0,0,0,0,0,0,0,0,1,2,1,58.7625,-4.0625
9102-OXKFY,1,0,0,0,59,1,0,54.15,3116.15,0,0,1,0,0,0,0,0,0,0,1,0,0,0,0,0,0,0,1,1,0,0,1,0,52.816101694915254,1.3338983050847446
0511-JTEOY,0,0,0,0,1,1,0,71.1,71.1,1,0,0,1,0,0,0,0,0,0,0,0,0,0,0,0,0,0,0,0,0,1,0,1,71.1,0.0
5216-WASFJ,0,1,1,0,31,1,1,84.85,2633.4,0,0,1,1,0,0,0,0,0,0,0,0,0,0,0,0,1,0,0,0,1,0,1,0,84.9483870967742,-0.09838709677420354
7808-DVWEP,1,0,1,0,3,1,0,20.0,49.65,0,0,0,0,1,1,0,1,0,1,0,1,0,1,0,1,0,0,0,0,0,0,0,1,16.55,3.4499999999999993
7067-KSAZT,0,1,1,0,65,1,1,106.25,6979.8,1,0,1,1,0,0,0,0,1,0,1,0,0,0,1,0,1,1,0,0,1,0,4,0,107.38153846153847,-1.1315384615384687
2284-VFLKH,1,0,1,0,49,1,1,99.25,4920.8,0,0,0,1,0,0,0,0,0,0,1,0,1,0,1,0,1,1,0,1,0,0,4,0,100.42448979591838,-1.174489795918376
0366-NQSHS,1,0,0,0,2,1,0,19.35,46.35,0,0,0,0,1,1,0,1,0,1,0,1,0,1,0,1,0,0,0,0,0,1,0,1,23.175,-3.8249999999999993
6532-YLWSI,0,0,1,0,53,1,0,20.8,1021.8,1,0,0,0,1,1,0,1,0,1,0,1,0,1,0,1,0,1,0,0,0,0,0,0,19.279245283018867,1.5207547169811342
3807-BPOMJ,0,0,1,0,55,1,1,94.75,5276.1,0,0,0,1,0,0,1,0,0,0,0,0,0,0,1,0,1,1,0,0,1,0,3,0,95.92909090909092,-1.1790909090909167
3892-NXAZG,1,0,1,1,72,1,1,114.05,8289.2,0,0,1,1,0,0,1,0,1,0,1,0,1,0,1,0,1,0,1,1,0,0,6,0,115.1277777777778,-1.077777777777797
4948-WBBKL,0,1,0,0,36,1,1,74.9,2659.45,0,0,1,1,0,0,0,0,0,0,0,0,0,0,0,0,0,0,0,0,0,0,0,0,73.8736111111111,1.0263888888889028
4182-BGSIQ,0,0,1,1,10,1,1,19.8,196.75,0,0,0,0,1,1,0,1,0,1,0,1,0,1,0,1,0,0,0,0,0,0,0,1,19.675,0.125
9300-AGZNL,1,1,0,0,1,1,1,94.0,94.0,1,0,1,1,0,0,0,0,0,0,0,0,0,0,1,0,1,0,0,0,1,0,2,1,94.0,0.0
0988-AADSA,0,0,1,1,72,1,0,80.85,5824.75,0,0,1,0,0,0,1,0,1,0,1,0,1,0,0,0,1,0,1,0,0,0,5,0,80.89930555555556,-0.04930555555556282
9972-NKTFD,0,0,0,0,28,1,0,54.65,1517.5,0,0,0,0,0,0,0,0,1,0,0,0,1,0,0,0,0,0,0,0,0,0,2,0,54.19642857142857,0.4535714285714292
3717-LNXKW,1,0,1,0,38,1,0,91.7,3479.05,0,0,1,1,0,0,1,0,0,0,0,0,0,0,1,0,0,0,0,0,0,0,2,0,91.55394736842106,0.14605263157893944
5734-EJKXG,0,0,0,0,61,1,1,118.6,7365.7,0,0,1,1,0,0,1,0,1,0,1,0,1,0,1,0,1,1,0,0,1,0,6,0,120.74918032786886,-2.149180327868862
2207-RYYRL,1,0,1,1,52,1,0,24.55,1331.05,0,0,1,0,1,1,0,1,0,1,0,1,0,1,0,1,0,0,1,0,0,1,0,0,25.597115384615385,-1.0471153846153847
6729-FZWSY,1,0,0,0,67,1,1,19.45,1195.95,0,0,0,0,1,1,0,1,0,1,0,1,0,1,0,1,0,1,0,0,0,1,0,0,17.85,1.5999999999999979
9695-IDRZR,0,0,0,1,34,1,1,116.15,3946.9,0,0,1,1,0,0,1,0,1,0,1,0,1,0,1,0,1,0,1,1,0,0,6,0,116.08529411764707,0.06470588235293917
8144-DGHXP,0,0,0,0,54,1,0,80.6,4299.95,0,0,0,0,0,0,1,0,0,0,1,0,1,0,1,0,1,0,1,0,1,0,5,0,79.6287037037037,0.9712962962962877
7814-LEEVE,0,0,1,0,1,1,1,20.3,20.3,0,0,0,0,1,1,0,1,0,1,0,1,0,1,0,1,0,0,0,0,0,0,0,1,20.3,0.0
1112-CUNAO,0,1,0,0,15,1,0,89.85,1424.95,1,0,1,1,0,0,0,0,1,0,0,0,0,0,0,0,1,0,0,0,1,0,2,0,94.99666666666667,-5.146666666666675
5175-AOBHI,0,0,0,0,4,1,1,46.0,193.6,1,0,0,0,0,0,0,0,0,0,0,0,0,0,0,0,0,0,0,0,0,1,0,1,48.4,-2.3999999999999986
5174-RNGBH,0,0,0,0,9,1,0,66.25,620.55,1,0,0,0,0,0,0,0,1,0,0,0,1,0,1,0,0,0,0,0,0,1,3,1,68.94999999999999,-2.6999999999999886
8631-WUXGY,0,0,0,1,46,1,1,99.8,4391.25,0,0,0,1,0,0,0,0,1,0,1,0,0,0,1,0,1,0,0,0,1,0,4,0,95.46195652173913,4.338043478260872
7270-BDIOA,0,0,0,0,22,1,1,90.0,1993.8,1,0,1,1,0,0,0,0,0,0,0,0,1,0,1,0,0,0,0,0,1,0,2,0,90.62727272727273,-0.6272727272727252
9565-JSNFM,1,0,0,0,38,1,1,70.45,2597.6,1,0,0,1,0,0,0,0,0,0,0,0,0,0,0,0,0,1,0,0,0,0,0,0,68.3578947368421,2.0921052631579045
5906-DVAPM,0,0,1,1,55,1,1,75.0,4213.9,0,0,1,0,0,0,1,0,1,0,0,0,1,0,1,0,0,1,0,1,0,0,4,0,76.61636363636363,-1.61636363636363
6654-QGBZZ,0,0,0,0,1,1,0,19.9,19.9,0,0,0,0,1,1,0,1,0,1,0,1,0,1,0,1,0,0,0,0,0,1,0,1,19.9,0.0
8348-JLBUG,1,1,1,0,64,1,0,80.3,5017.7,0,0,0,1,0,0,1,0,0,0,1,0,0,0,0,0,0,1,0,1,0,0,2,0,78.4015625,1.8984375
0607-DAAHE,1,0,0,1,53,1,0,19.75,1052.35,1,0,0,0,1,1,0,1,0,1,0,1,0,1,0,1,0,0,1,0,0,0,0,0,19.85566037735849,-0.10566037735848965
5641-DMBFJ,0,0,1,0,58,1,1,84.3,4916.4,0,0,1,0,0,0,1,0,0,0,1,0,1,0,1,0,1,0,1,0,1,0,5,0,84.7655172413793,-0.4655172413793025
9200-NLNPD,1,0,1,0,56,0,1,54.05,2959.8,0,1,0,0,0,0,0,0,0,0,1,0,1,0,1,0,1,1,0,0,0,0,4,0,52.853571428571435,1.1964285714285623
2664-XJZNO,1,0,1,1,72,1,1,104.9,7559.55,0,0,0,1,0,0,1,0,0,0,1,0,1,0,1,0,1,0,1,1,0,0,5,0,104.99375,-0.09375
9732-KPKBW,1,0,0,0,1,1,1,53.95,53.95,1,0,0,0,0,0,1,0,0,0,0,0,1,0,0,0,0,0,0,0,1,0,2,1,53.95,0.0
3339-EAQNV,1,1,1,0,72,1,1,97.25,7133.1,0,0,1,1,0,0,0,0,1,0,0,0,0,0,1,0,1,1,0,1,0,0,3,0,99.07083333333334,-1.82083333333334
0921-OHLVP,1,0,0,0,22,1,0,83.05,1799.3,0,0,1,1,0,0,0,0,0,0,0,0,0,0,0,0,1,0,0,0,1,0,1,0,81.78636363636363,1.2636363636363654
3389-YGYAI,0,1,0,0,8,1,1,105.5,829.55,1,0,1,1,0,0,0,0,1,0,1,0,0,0,1,0,1,0,0,0,1,0,4,1,103.69375,1.8062500000000057
9560-ARGQJ,0,0,0,1,16,1,1,81.0,1312.15,1,0,0,1,0,0,0,0,0,0,0,0,0,0,1,0,0,0,0,0,1,0,1,0,82.009375,-1.0093750000000057
8350-NYMVI,0,0,0,0,39,0,0,41.1,1597.05,0,1,0,0,0,0,0,0,1,0,1,0,1,0,0,0,0,0,0,0,0,0,3,0,40.949999999999996,0.15000000000000568
1600-DILPE,0,0,0,0,12,1,1,45.0,524.35,0,0,0,0,0,0,0,0,0,0,0,0,0,0,0,0,0,0,0,0,0,0,0,1,43.69583333333333,1.3041666666666671
0536-ESJEP,1,0,1,0,54,1,1,74.55,4191.45,0,0,0,0,0,0,1,0,1,0,0,0,0,0,1,0,1,0,1,0,0,0,4,0,77.61944444444444,-3.069444444444443
4654-GGUII,0,0,0,0,18,0,1,40.2,711.95,0,1,0,0,0,0,1,0,1,0,0,0,1,0,0,0,0,1,0,0,0,1,3,0,39.55277777777778,0.6472222222222257
6478-HRRCZ,1,0,1,0,32,1,0,70.5,2201.75,0,0,0,0,0,0,1,0,1,0,0,0,1,0,0,0,1,1,0,0,0,1,4,0,68.8046875,1.6953125
8510-BBWMU,0,0,0,0,41,1,1,19.75,806.95,0,0,0,0,1,1,0,1,0,1,0,1,0,1,0,1,0,1,0,0,0,1,0,0,19.681707317073172,0.06829268292682755
6857-TKDJV,1,0,1,1,67,1,0,24.65,1620.45,0,0,1,0,1,1,0,1,0,1,0,1,0,1,0,1,0,0,1,0,0,0,0,0,24.18582089552239,0.46417910447760846
2360-RDGRO,1,0,1,0,65,1,1,104.25,6812.95,0,0,1,1,0,0,1,0,0,0,1,0,0,0,1,0,1,0,0,0,1,0,4,0,104.81461538461538,-0.5646153846153794
0584-BJQGZ,0,0,0,0,25,1,1,78.35,1837.9,0,0,1,0,0,0,1,0,1,0,1,0,1,0,1,0,0,0,0,0,0,0,5,0,73.516,4.833999999999989
5134-IKDAY,0,0,1,1,1,1,1,69.8,69.8,1,0,0,1,0,0,0,0,0,0,0,0,0,0,0,0,0,0,0,0,1,0,0,1,69.8,0.0
1360-XFJMR,0,0,1,0,67,1,1,109.7,7344.45,0,0,1,1,0,0,0,0,1,0,1,0,1,0,1,0,1,1,0,1,0,0,5,0,109.6186567164179,0.08134328358210041
3070-DVEYC,1,1,0,0,7,1,0,73.75,545.15,1,0,1,1,0,0,0,0,0,0,0,0,0,0,0,0,0,0,0,0,0,1,0,1,77.87857142857142,-4.128571428571419
5730-RIITO,0,1,0,0,43,0,1,33.45,1500.25,0,1,0,0,0,0,1,0,1,0,0,0,0,0,0,0,0,0,0,1,0,0,2,0,34.88953488372093,-1.439534883720924
9058-MJLZC,0,0,0,0,24,1,1,94.6,2283.15,0,0,0,1,0,0,1,0,0,0,0,0,0,0,1,0,1,0,0,0,1,0,3,0,95.13125000000001,-0.5312500000000142
5707-ORNDZ,1,1,0,0,9,1,0,54.55,494.05,1,0,1,0,0,0,1,0,0,0,0,0,0,0,0,0,0,0,0,0,1,0,1,1,54.894444444444446,-0.34444444444444855
0902-XKXPN,1,0,1,1,69,1,0,20.2,1376.5,0,0,0,0,1,1,0,1,0,1,0,1,0,1,0,1,0,0,1,0,0,0,0,0,19.94927536231884,0.2507246376811594
5177-RVZNU,0,0,0,1,37,1,0,20.3,755.4,0,0,0,0,1,1,0,1,0,1,0,1,0,1,0,1,0,1,0,0,0,0,0,0,20.416216216216217,-0.11621621621621614
0056-EPFBG,1,0,1,1,20,0,1,39.4,825.4,0,1,0,0,0,0,1,0,0,0,1,0,1,0,0,0,0,0,1,1,0,0,3,0,41.269999999999996,-1.8699999999999974
8993-IZEUX,1,0,0,0,7,1,0,69.15,488.65,0,0,0,1,0,0,0,0,0,0,0,0,0,0,0,0,0,0,0,0,0,0,0,1,69.80714285714285,-0.6571428571428442
8696-JKZNU,0,1,0,0,37,1,1,76.25,2841.55,1,0,1,1,0,0,0,0,0,0,0,0,0,0,0,0,0,0,0,0,1,0,0,0,76.79864864864865,-0.5486486486486513
5380-AFSSK,0,0,0,0,5,1,1,93.9,486.85,1,0,1,1,0,0,0,0,0,0,0,0,0,0,1,0,1,0,0,0,0,1,2,1,97.37,-3.469999999999999
8190-ZTQFB,1,0,0,0,41,0,1,51.35,2075.1,0,1,0,0,0,0,0,0,0,0,1,0,0,0,1,0,1,1,0,0,1,0,3,0,50.61219512195122,0.7378048780487845
0931-MHTEM,0,0,0,0,54,1,1,100.05,5299.65,0,0,0,1,0,0,1,0,1,0,0,0,0,0,1,0,1,1,0,1,0,0,4,0,98.14166666666667,1.9083333333333314
2055-PDADH,0,1,0,0,3,1,1,70.4,204.7,1,0,0,1,0,0,0,0,0,0,0,0,0,0,0,0,0,0,0,0,1,0,0,1,68.23333333333333,2.1666666666666714
7515-LODFU,1,1,0,0,69,1,0,20.3,1356.3,0,0,0,0,1,1,0,1,0,1,0,1,0,1,0,1,0,0,1,1,0,0,0,0,19.656521739130433,0.6434782608695677
0440-UEDAI,0,0,0,0,53,1,1,94.45,5042.75,0,0,0,1,0,0,0,0,1,0,1,0,1,0,0,0,1,1,0,1,0,0,4,0,95.14622641509433,-0.6962264150943298
1337-BOZWO,1,0,1,1,18,0,0,46.4,812.4,0,1,0,0,0,0,0,0,1,0,1,0,0,0,1,0,0,1,0,1,0,0,3,0,45.13333333333333,1.2666666666666657
0868-VJRDR,1,0,1,0,64,1,1,104.05,6605.55,0,0,0,1,0,0,1,0,1,0,0,0,1,0,1,0,1,0,1,1,0,0,5,0,103.21171875,0.8382812499999943
8714-EUHJO,0,0,1,1,31,1,1,91.15,2995.45,1,0,1,1,0,0,0,0,1,0,0,0,0,0,0,0,1,0,0,0,1,0,2,0,96.62741935483871,-5.477419354838702
6344-SFJVH,0,0,0,0,20,0,0,24.9,505.95,0,1,0,0,0,0,0,0,0,0,0,0,0,0,0,0,0,0,0,1,0,0,0,0,25.2975,-0.39750000000000085
3950-VPYJB,1,0,1,1,57,1,0,59.6,3509.4,0,0,0,0,0,0,1,0,1,0,0,0,1,0,0,0,0,1,0,0,0,1,3,0,61.56842105263158,-1.9684210526315766
8041-TMEID,1,1,1,0,63,1,0,108.5,6991.9,0,0,1,1,0,0,1,0,1,0,1,0,0,0,1,0,1,0,1,1,0,0,5,0,110.98253968253968,-2.482539682539681
7321-ZNSLA,1,0,1,1,13,0,0,40.55,590.35,0,1,0,0,0,0,1,0,1,0,0,0,1,0,0,0,0,0,1,0,0,1,3,0,45.41153846153846,-4.861538461538466
6941-KXRRV,0,1,1,0,48,1,1,58.95,2789.7,0,0,0,0,0,0,0,0,1,0,0,0,0,0,0,0,1,1,0,0,0,0,2,0,58.11875,0.8312500000000043
3721-CNEYS,0,0,0,0,2,1,1,70.95,137.95,1,0,0,1,0,0,0,0,0,0,0,0,0,0,0,0,0,0,0,0,1,0,0,1,68.975,1.9750000000000085
8727-JQFHV,1,0,1,1,57,1,0,20.75,1123.15,0,0,0,0,1,1,0,1,0,1,0,1,0,1,0,1,0,0,1,0,0,1,0,0,19.704385964912284,1.0456140350877163
9475-NNDGC,1,0,1,0,71,1,1,113.15,7953.25,0,0,1,1,0,0,0,0,1,0,1,0,1,0,1,0,1,1,0,0,0,0,5,0,112.01760563380282,1.1323943661971896
1355-KUSBG,0,0,1,1,7,1,0,48.8,349.8,0,0,1,0,0,0,0,0,0,0,0,0,0,0,0,0,0,0,0,0,1,0,0,1,49.971428571428575,-1.171428571428578
3688-FTHLT,0,0,0,0,16,1,1,63.05,1067.05,0,0,1,0,0,0,0,0,0,0,0,0,0,0,0,0,1,0,0,0,0,0,1,0,66.690625,-3.640625
0899-LIIBW,1,0,1,0,34,1,0,100.85,3527.3,0,0,1,1,0,0,0,0,0,0,1,0,0,0,1,0,1,0,0,0,1,0,3,0,103.74411764705883,-2.8941176470588346
2568-OIADY,0,0,1,0,37,1,1,99.5,3762.0,1,0,1,1,0,0,0,0,0,0,1,0,0,0,1,0,1,0,0,0,1,0,3,0,101.67567567567568,-2.175675675675677
1384-RCUXW,1,0,0,0,16,1,1,80.55,1248.9,0,0,1,1,0,0,0,0,1,0,0,0,0,0,0,0,0,0,0,0,0,1,1,0,78.05625,2.4937499999999915
5825-XJOCM,1,0,0,1,48,1,1,64.4,3035.35,0,0,1,0,0,0,1,0,1,0,1,0,0,0,0,0,0,1,0,0,0,0,3,0,63.23645833333333,1.1635416666666742
6848-YLDFR,1,0,1,1,58,1,1,75.2,4300.8,0,0,0,0,0,0,0,0,1,0,0,0,1,0,1,0,1,1,0,1,0,0,4,0,74.15172413793104,1.0482758620689623
8125-QPFJD,0,0,1,0,72,1,1,84.9,6065.3,0,0,1,0,0,0,1,0,0,0,1,0,1,0,1,0,1,0,1,0,0,0,5,0,84.24027777777778,0.6597222222222285
2320-YKQBO,0,0,0,0,7,1,0,19.3,144.95,0,0,0,0,1,1,0,1,0,1,0,1,0,1,0,1,0,0,0,0,0,1,0,1,20.707142857142856,-1.4071428571428548
1193-RTSLK,0,0,0,0,38,1,1,83.9,3233.6,1,0,0,1,0,0,1,0,1,0,1,0,0,0,0,0,0,0,0,1,0,0,3,0,85.09473684210526,-1.1947368421052573
2302-ANTDP,0,1,1,0,48,1,0,117.45,5438.9,1,0,1,1,0,0,1,0,1,0,1,0,1,0,1,0,1,0,0,0,1,0,6,0,113.31041666666665,4.1395833333333485
5923-GXUOC,1,0,0,0,10,1,1,104.4,1081.45,1,0,0,1,0,0,1,0,1,0,1,0,0,0,1,0,1,0,0,0,1,0,5,1,108.14500000000001,-3.7450000000000045
4973-RLZVI,0,0,0,0,30,1,0,74.65,2308.6,0,0,0,0,0,0,1,0,1,0,1,0,1,0,1,0,0,1,0,1,0,0,5,0,76.95333333333333,-2.3033333333333275
7869-ZYDST,1,0,1,0,31,1,1,59.05,1882.8,0,0,1,0,0,0,0,0,0,0,0,0,0,0,1,0,0,0,0,1,0,0,1,0,60.73548387096774,-1.6854838709677438
4501-UYKBC,0,1,0,0,46,1,1,69.1,3255.35,0,0,1,0,0,0,0,0,0,0,1,0,1,0,0,0,1,1,0,1,0,0,3,0,70.76847826086956,-1.6684782608695627
1215-EXRMO,1,0,1,0,50,1,0,20.55,1067.65,0,0,0,0,1,1,0,1,0,1,0,1,0,1,0,1,0,0,1,0,0,1,0,0,21.353,-0.8030000000000008
2305-MRGLV,1,0,1,0,28,1,0,76.55,2065.4,0,0,0,1,0,0,0,0,0,0,0,0,1,0,0,0,0,0,0,0,0,0,1,0,73.76428571428572,2.7857142857142776
8404-VIOMB,0,0,0,0,66,0,1,62.5,4136.4,0,1,0,0,0,0,1,0,1,0,1,0,1,0,1,0,1,0,1,0,0,0,6,0,62.672727272727265,-0.17272727272726485
5233-GEEAX,1,1,0,0,8,0,1,29.4,221.9,1,1,0,0,0,0,0,0,0,0,1,0,0,0,0,0,0,0,0,0,1,0,1,1,27.7375,1.6624999999999979
2359-KLTEK,0,0,1,1,41,1,1,94.9,3848.0,0,0,0,1,0,0,0,0,0,0,1,0,0,0,1,0,1,0,0,0,0,0,3,0,93.85365853658537,1.0463414634146346
5304-EFJLP,1,1,1,0,72,1,1,111.65,8022.85,0,0,1,1,0,0,0,0,1,0,1,0,1,0,1,0,1,0,1,0,0,0,5,0,111.42847222222223,0.22152777777778
2673-ZALNP,0,0,0,0,7,1,0,19.9,173.15,0,0,0,0,1,1,0,1,0,1,0,1,0,1,0,1,0,1,0,0,0,1,0,1,24.735714285714288,-4.835714285714289
9184-GALIL,0,0,1,1,38,1,0,20.45,781.25,0,0,0,0,1,1,0,1,0,1,0,1,0,1,0,1,0,0,0,0,0,1,0,0,20.55921052631579,-0.10921052631579187
4393-RYCRE,1,0,0,0,44,1,1,106.05,4510.8,0,0,0,1,0,0,1,0,1,0,1,0,0,0,1,0,1,1,0,0,1,0,5,0,102.51818181818182,3.5318181818181813
9746-MDMBK,1,0,1,1,47,1,1,113.45,5317.8,0,0,1,1,0,0,1,0,1,0,1,0,1,0,1,0,1,1,0,0,0,0,6,0,113.14468085106384,0.30531914893616374
3162-ZJZFU,1,0,1,1,53,1,1,92.55,4779.45,0,0,0,1,0,0,0,0,1,0,0,0,1,0,1,0,0,0,0,0,1,0,3,0,90.17830188679245,2.371698113207543
8404-GFGCZ,1,0,1,0,4,1,0,65.6,250.1,0,0,1,0,0,0,0,0,0,0,1,0,0,0,1,0,0,0,0,0,1,0,2,1,62.525,3.0749999999999957
8875-AKBYH,1,1,0,0,20,1,1,84.35,1745.2,0,0,1,1,0,0,0,0,0,0,0,0,0,0,1,0,0,0,0,0,1,0,1,0,87.26,-2.910000000000011
4432-ADRLB,1,0,0,0,2,1,0,44.65,74.9,1,0,0,0,0,0,0,0,0,0,0,0,0,0,0,0,0,0,0,0,0,1,0,1,37.45,7.199999999999996
0533-UCAAU,1,1,1,0,57,1,1,71.1,4140.1,0,0,1,0,0,0,0,0,1,0,1,0,0,0,1,0,0,1,0,1,0,0,3,0,72.63333333333334,-1.5333333333333456
1394-SUIUH,0,1,1,0,44,1,1,85.15,3670.5,0,0,0,1,0,0,1,0,1,0,0,0,1,0,0,0,0,0,0,0,1,0,3,0,83.42045454545455,1.729545454545459
3521-MNKLV,1,0,0,0,24,1,1,49.7,1167.8,0,0,0,0,0,0,0,0,0,0,1,0,0,0,0,0,0,0,0,0,0,1,1,0,48.65833333333333,1.0416666666666714
2533-TIBIX,1,0,1,1,15,0,1,30.2,469.65,0,1,0,0,0,0,1,0,0,0,0,0,0,0,0,0,0,0,0,0,0,0,1,0,31.31,-1.1099999999999994
8993-PHFWD,0,0,0,0,3,0,0,25.25,58.9,1,1,0,0,0,0,0,0,0,0,0,0,0,0,0,0,0,0,0,0,1,0,0,1,19.633333333333333,5.616666666666667
1565-RHDJD,0,0,0,1,4,1,0,84.05,333.55,1,0,1,1,0,0,0,0,1,0,1,0,0,0,0,0,0,0,0,0,0,0,2,1,83.3875,0.6624999999999943
7137-RYLPP,1,1,1,0,37,1,1,85.7,3171.15,1,0,1,1,0,0,0,0,0,0,0,0,0,0,1,0,0,0,0,0,1,0,1,0,85.70675675675676,-0.006756756756757909
3765-JXVKY,0,0,0,0,1,1,1,74.7,74.7,1,0,0,1,0,0,0,0,1,0,0,0,0,0,0,0,0,0,0,0,1,0,1,1,74.7,0.0
5092-STPKP,0,0,0,0,24,1,0,56.35,1381.2,0,0,0,0,0,0,1,0,0,0,0,0,1,0,0,0,0,0,0,1,0,0,2,0,57.550000000000004,-1.2000000000000028
7330-WZLNC,0,0,0,0,5,1,1,90.8,455.5,1,0,1,1,0,0,0,0,1,0,0,0,0,0,1,0,0,0,0,0,1,0,2,1,91.1,-0.29999999999999716
0114-PEGZZ,0,0,0,0,33,1,0,107.55,3645.5,0,0,1,1,0,0,0,0,1,0,1,0,0,0,1,0,1,0,0,0,1,0,4,0,110.46969696969697,-2.9196969696969717
3359-DSRKA,0,0,1,1,58,1,1,19.85,1158.85,0,0,0,0,1,1,0,1,0,1,0,1,0,1,0,1,0,0,1,0,0,1,0,0,19.980172413793102,-0.13017241379310107
8639-NHQEI,0,0,1,1,72,1,1,95.9,6954.15,0,0,1,1,0,0,1,0,1,0,0,0,0,0,1,0,0,0,1,0,0,0,3,0,96.58541666666666,-0.6854166666666544
7161-DFHUF,0,0,1,0,71,1,0,23.85,1672.1,0,0,1,0,1,1,0,1,0,1,0,1,0,1,0,1,0,0,1,0,0,1,0,0,23.55070422535211,0.2992957746478915
3957-LXOLK,0,1,0,0,28,1,1,106.15,3152.5,1,0,1,1,0,0,0,0,1,0,1,0,0,0,1,0,1,0,0,0,1,0,4,0,112.58928571428571,-6.4392857142857025
3720-DBRWL,1,0,1,0,51,1,1,83.85,4307.1,0,0,0,0,0,0,1,0,1,0,1,0,1,0,1,0,1,0,1,1,0,0,6,0,84.45294117647059,-0.6029411764705941
6635-MYYYZ,0,0,0,0,30,1,0,85.35,2530.4,1,0,0,0,0,0,1,0,1,0,1,0,1,0,1,0,1,1,0,0,0,0,6,0,84.34666666666666,1.0033333333333303
8565-WUXZU,1,1,1,0,72,1,1,84.8,6141.65,0,0,0,1,0,0,1,0,1,0,0,0,1,0,0,0,0,0,1,1,0,0,3,0,85.30069444444445,-0.5006944444444485
5281-BUZGT,1,1,0,0,36,1,1,90.85,3186.7,1,0,1,1,0,0,1,0,0,0,0,0,0,0,1,0,0,0,0,0,1,0,2,0,88.51944444444445,2.3305555555555486
4994-OBRSZ,1,0,0,1,14,1,0,76.1,1054.8,0,0,0,0,0,0,1,0,1,0,1,0,1,0,0,0,1,0,1,0,0,0,5,0,75.34285714285714,0.7571428571428527
0562-FGDCR,0,0,1,1,72,1,0,74.55,5430.65,0,0,1,0,0,0,1,0,1,0,0,0,1,0,1,0,0,0,1,0,0,1,4,0,75.42569444444445,-0.8756944444444485
2436-QBZFP,0,0,1,1,22,0,0,39.2,849.9,0,1,0,0,0,0,0,0,1,0,0,0,0,0,1,0,0,0,0,0,1,0,2,0,38.63181818181818,0.5681818181818201
3420-YJLQT,0,0,0,0,2,1,0,79.55,151.75,0,0,1,1,0,0,0,0,1,0,0,0,0,0,0,0,0,0,0,0,1,0,1,1,75.875,3.674999999999997
6040-CGACY,0,0,0,0,15,1,0,19.6,299.4,0,0,0,0,1,1,0,1,0,1,0,1,0,1,0,1,0,0,0,0,0,1,0,0,19.959999999999997,-0.3599999999999959
6582-PLFUU,1,0,1,1,51,1,0,19.55,1086.75,0,0,0,0,1,1,0,1,0,1,0,1,0,1,0,1,0,0,1,1,0,0,0,0,21.308823529411764,-1.7588235294117638
8242-PDSGJ,1,0,1,0,70,0,1,39.15,2692.75,0,1,0,0,0,0,1,0,0,0,1,0,1,0,0,0,0,0,1,1,0,0,3,0,38.46785714285714,0.6821428571428569
0264-CNITK,0,0,1,1,71,1,0,20.1,1389.6,0,0,0,0,1,1,0,1,0,1,0,1,0,1,0,1,0,0,1,0,0,0,0,0,19.57183098591549,0.5281690140845114
0089-IIQKO,0,0,1,1,39,1,1,99.95,3767.4,0,0,1,1,0,0,0,0,0,0,0,0,1,0,1,0,1,0,0,1,0,0,3,0,96.60000000000001,3.3499999999999943
7839-NUIAA,0,0,1,1,61,1,0,59.8,3641.5,0,0,1,0,0,0,1,0,1,0,0,0,0,0,0,0,0,0,0,0,1,0,2,0,59.69672131147541,0.10327868852458977
6075-QMNRR,0,0,0,0,52,1,1,49.75,2535.55,0,0,0,0,0,0,1,0,0,0,0,0,0,0,0,0,0,0,0,0,0,0,1,0,48.760576923076925,0.9894230769230745
5378-IKEEG,0,0,0,0,1,0,1,35.75,35.75,1,1,0,0,0,0,0,0,0,0,0,0,0,0,1,0,0,0,0,0,1,0,1,1,35.75,0.0
5966-EMAZU,1,0,1,0,64,1,1,108.5,6880.85,0,0,1,1,0,0,1,0,0,0,1,0,1,0,1,0,1,1,0,0,0,1,5,0,107.51328125,0.9867187499999943
0440-EKDCF,1,0,1,0,62,1,1,60.15,3753.2,0,0,0,0,0,0,0,0,1,0,1,0,1,0,0,0,0,0,1,1,0,0,3,0,60.53548387096774,-0.3854838709677395
4774-HHGGS,1,0,1,0,30,1,0,19.05,637.55,0,0,0,0,1,1,0,1,0,1,0,1,0,1,0,1,0,0,1,0,0,1,0,0,21.251666666666665,-2.2016666666666644
2718-GAXQD,0,1,1,1,4,1,0,46.0,181.6,1,0,0,0,0,0,0,0,0,0,0,0,0,0,0,0,0,0,0,0,1,0,0,1,45.4,0.6000000000000014
2055-BFOCC,1,1,1,0,63,1,1,84.0,5329.55,0,0,0,0,0,0,1,0,1,0,1,0,1,0,1,0,1,1,0,0,0,0,6,0,84.59603174603176,-0.5960317460317555
8180-AKMJV,0,0,0,0,1,1,1,44.55,44.55,0,0,0,0,0,0,0,0,0,0,0,0,0,0,0,0,0,0,0,1,0,0,0,1,44.55,0.0
4298-OYIFC,1,0,1,0,15,1,1,103.45,1539.8,0,0,1,1,0,0,0,0,0,0,1,0,1,0,1,0,1,0,0,0,1,0,4,0,102.65333333333334,0.7966666666666669
5566-SOEZD,1,0,1,1,27,1,1,80.65,2209.75,0,0,0,1,0,0,1,0,1,0,0,0,0,0,0,0,0,1,0,1,0,0,2,0,81.8425925925926,-1.1925925925925895
9842-EFSYY,0,0,0,1,4,0,1,57.2,223.75,0,1,0,0,0,0,1,0,1,0,1,0,0,0,1,0,1,0,0,0,0,1,5,1,55.9375,1.2625000000000028
2272-WUSPA,0,0,1,0,72,1,1,110.75,7751.7,0,0,1,1,0,0,1,0,1,0,1,0,0,0,1,0,1,0,1,0,1,0,5,0,107.6625,3.0875000000000057
4584-LBNMK,1,1,1,0,45,1,0,24.7,1174.35,0,0,1,0,1,1,0,1,0,1,0,1,0,1,0,1,0,1,0,1,0,0,0,0,26.096666666666664,-1.3966666666666647
3898-GUYTS,0,1,0,0,45,1,1,97.05,4385.05,0,0,1,1,0,0,1,0,1,0,0,0,1,0,1,0,0,0,0,0,1,0,4,0,97.44555555555556,-0.39555555555556055
0930-EHUZA,0,0,0,0,36,1,1,76.35,2606.35,0,0,0,0,0,0,1,0,1,0,1,0,1,0,1,0,0,1,0,0,0,1,5,0,72.39861111111111,3.9513888888888857
6413-XKKPU,1,0,1,1,17,1,1,89.4,1539.45,1,0,0,1,0,0,1,0,0,0,1,0,0,0,1,0,0,0,0,0,1,0,3,0,90.55588235294118,-1.1558823529411768
9975-SKRNR,1,0,0,0,1,1,0,18.9,18.9,0,0,0,0,1,1,0,1,0,1,0,1,0,1,0,1,0,0,0,0,0,1,0,1,18.9,0.0
3703-KBKZP,1,1,0,0,16,1,1,74.45,1261.35,0,0,1,1,0,0,0,0,0,0,0,0,0,0,0,0,0,0,0,0,0,0,0,0,78.834375,-4.3843749999999915
1449-XQEMT,1,0,0,0,3,1,1,19.8,58.15,1,0,0,0,1,1,0,1,0,1,0,1,0,1,0,1,0,0,0,0,0,1,0,1,19.383333333333333,0.41666666666666785
2626-URJFX,1,0,1,1,4,1,1,50.9,225.6,1,0,1,0,0,0,0,0,0,0,0,0,0,0,0,0,0,0,0,0,1,0,0,1,56.4,-5.5
4973-MGTON,0,0,1,0,71,1,1,84.4,5969.3,0,0,0,0,0,0,1,0,1,0,1,0,1,0,1,0,1,0,1,1,0,0,6,0,84.07464788732395,0.32535211267605746
3682-YEUWS,1,0,1,1,10,1,1,24.4,253.9,0,0,1,0,1,1,0,1,0,1,0,1,0,1,0,1,0,0,0,0,0,1,0,1,25.39,-0.990000000000002
1223-UNPKS,1,0,1,1,20,1,0,20.05,400.0,0,0,0,0,1,1,0,1,0,1,0,1,0,1,0,1,0,0,1,0,0,1,0,0,20.0,0.05000000000000071
2612-RRIDN,1,0,0,0,4,1,1,81.0,340.85,1,0,0,1,0,0,0,0,0,0,0,0,0,0,1,0,0,0,0,0,1,0,1,1,85.2125,-4.212500000000006
4735-ASGMA,1,0,0,0,26,1,1,98.35,2515.3,1,0,1,1,0,0,0,0,0,0,1,0,0,0,1,0,1,0,0,0,1,0,3,0,96.7423076923077,1.6076923076922895
3446-QDSZF,0,0,0,0,4,1,0,55.5,227.35,0,0,0,0,0,0,0,0,0,0,0,0,0,0,1,0,0,0,0,1,0,0,1,1,56.8375,-1.3374999999999986
3669-LVWZB,1,0,0,0,5,0,1,51.0,305.95,1,1,0,0,0,0,0,0,1,0,0,0,0,0,1,0,1,0,0,0,0,1,3,1,61.19,-10.189999999999998
6892-EZDTG,0,0,1,0,4,1,1,91.65,365.4,1,0,1,1,0,0,0,0,1,0,0,0,0,0,1,0,0,0,0,0,1,0,2,1,91.35,0.30000000000001137
5117-IFGPS,1,1,1,0,29,1,1,84.3,2357.75,0,0,1,1,0,0,0,0,0,0,0,0,0,0,0,0,1,0,0,0,1,0,1,0,81.30172413793103,2.998275862068965
7379-FNIUJ,1,0,0,0,2,1,0,100.2,198.5,0,0,0,1,0,0,1,0,1,0,0,0,0,0,1,0,1,0,0,0,1,0,4,1,99.25,0.9500000000000028
1627-AFWVJ,0,0,0,0,29,1,0,19.4,554.25,0,0,0,0,1,1,0,1,0,1,0,1,0,1,0,1,0,0,1,0,0,1,0,0,19.112068965517242,0.2879310344827566
9725-SCPZG,1,0,0,1,1,1,1,90.85,90.85,1,0,0,1,0,0,0,0,0,0,0,0,0,0,1,0,1,0,0,0,1,0,2,1,90.85,0.0
5884-GCYMI,1,0,0,0,1,1,0,69.4,69.4,1,0,0,1,0,0,0,0,0,0,0,0,0,0,0,0,0,0,0,0,0,1,0,1,69.4,0.0
3217-FZDMN,0,1,0,0,8,1,1,94.45,742.95,1,0,0,1,0,0,0,0,0,0,1,0,0,0,1,0,1,0,0,1,0,0,3,1,92.86875,1.5812499999999972
4486-EFAEB,1,0,0,0,13,1,1,20.4,251.65,0,0,0,0,1,1,0,1,0,1,0,1,0,1,0,1,0,0,0,0,1,0,0,0,19.357692307692307,1.0423076923076913
0060-FUALY,0,0,1,0,59,1,1,94.75,5597.65,0,0,1,1,0,0,1,0,1,0,0,0,0,0,1,0,0,0,0,0,1,0,3,0,94.87542372881356,-0.12542372881355845
7853-GVUDZ,0,0,1,1,1,1,1,20.15,20.15,1,0,0,0,1,1,0,1,0,1,0,1,0,1,0,1,0,0,0,1,0,0,0,1,20.15,0.0
7480-QNVZJ,1,1,0,0,50,1,1,95.7,4816.7,1,0,1,1,0,0,0,0,0,0,0,0,0,0,1,0,1,0,0,0,1,0,2,0,96.334,-0.6340000000000003
6954-OOYZZ,1,0,1,0,18,1,1,44.35,768.05,0,0,0,0,0,0,0,0,0,0,0,0,0,0,0,0,0,0,0,0,0,0,0,0,42.669444444444444,1.6805555555555571
7088-FBAWU,0,0,1,1,17,1,0,74.55,1215.8,0,0,0,0,0,0,1,0,1,0,0,0,0,0,1,0,1,0,0,0,0,1,4,0,71.51764705882353,3.0323529411764696
8313-AFGBW,1,0,1,0,47,1,0,73.6,3522.65,0,0,0,0,0,0,0,0,1,0,1,0,0,0,1,0,1,0,1,0,1,0,4,0,74.95,-1.3500000000000085
3943-KDREE,0,0,0,0,26,1,1,74.95,1834.95,1,0,1,1,0,0,0,0,0,0,0,0,0,0,0,0,0,0,0,0,0,0,0,0,70.575,4.375
9239-ZBZZV,0,0,0,0,6,0,1,47.95,305.1,1,1,0,0,0,0,0,0,0,0,1,0,0,0,1,0,1,0,0,0,1,0,3,1,50.85,-2.8999999999999986
3097-IDVPU,1,0,1,1,19,1,0,50.1,910.45,0,0,1,0,0,0,0,0,0,0,0,0,0,0,0,0,0,0,0,1,0,0,0,0,47.91842105263158,2.181578947368422
4398-HSCJH,0,0,0,0,3,1,1,63.6,155.65,1,0,1,0,0,0,0,0,0,0,0,0,1,0,1,0,0,0,0,0,1,0,2,1,51.88333333333333,11.716666666666669
2197-OMWGI,0,1,1,1,68,0,1,53.0,3656.25,0,1,0,0,0,0,0,0,1,0,1,0,0,0,1,0,1,0,1,0,1,0,4,0,53.768382352941174,-0.768382352941174
2303-PJYHN,0,0,1,0,2,1,0,19.85,52.0,0,0,0,0,1,1,0,1,0,1,0,1,0,1,0,1,0,0,0,0,0,0,0,1,26.0,-6.149999999999999
9795-VOWON,1,0,0,0,7,0,1,24.35,150.85,0,1,0,0,0,0,0,0,0,0,0,0,0,0,0,0,0,1,0,1,0,0,0,1,21.55,2.8000000000000007
1237-WIYYZ,0,0,0,0,18,1,1,19.55,389.25,0,0,0,0,1,1,0,1,0,1,0,1,0,1,0,1,0,0,0,0,0,1,0,0,21.625,-2.0749999999999993
1987-AUELQ,0,0,1,0,71,1,0,25.05,1873.7,0,0,1,0,1,1,0,1,0,1,0,1,0,1,0,1,0,0,1,1,0,0,0,0,26.390140845070423,-1.3401408450704224
7852-LECYP,1,1,1,0,13,1,0,93.8,1261.0,0,0,1,1,0,0,1,0,1,0,0,0,0,0,0,0,1,0,0,1,0,0,3,0,97.0,-3.200000000000003
4430-UZIPO,1,0,0,0,3,0,1,36.85,108.7,1,1,0,0,0,0,0,0,1,0,0,0,1,0,0,0,0,0,0,0,0,1,2,1,36.233333333333334,0.6166666666666671
4822-LPTYJ,1,0,1,0,72,1,1,103.75,7346.2,0,0,1,1,0,0,0,0,1,0,1,0,0,0,1,0,1,0,1,0,0,0,4,0,102.03055555555555,1.7194444444444485
8165-CBKXO,1,0,1,1,66,0,1,56.75,3708.4,0,1,0,0,0,0,0,0,1,0,1,0,0,0,1,0,1,0,1,1,0,0,4,0,56.18787878787879,0.5621212121212125
6527-PZFPV,1,0,1,1,24,1,1,20.8,469.65,0,0,0,0,1,1,0,1,0,1,0,1,0,1,0,1,0,1,0,1,0,0,0,0,19.568749999999998,1.2312500000000028
4855-SNKMY,0,0,0,0,1,1,1,44.1,44.1,1,0,0,0,0,0,0,0,0,0,0,0,0,0,0,0,0,0,0,0,1,0,0,1,44.1,0.0
9593-CVZKR,0,0,1,1,56,1,1,24.45,1385.85,0,0,1,0,1,1,0,1,0,1,0,1,0,1,0,1,0,0,1,0,0,1,0,0,24.74732142857143,-0.2973214285714292
8595-SIZNC,0,1,1,0,22,1,0,25.6,548.8,0,0,1,0,1,1,0,1,0,1,0,1,0,1,0,1,0,1,0,0,0,0,0,0,24.94545454545454,0.6545454545454596
8008-HAWED,1,0,0,0,14,0,1,50.75,712.75,1,1,0,0,0,0,0,0,0,0,1,0,0,0,1,0,1,0,0,0,1,0,3,0,50.910714285714285,-0.1607142857142847
7124-UGSUR,0,1,1,0,61,1,1,104.4,6405.0,1,0,1,1,0,0,0,0,1,0,1,0,0,0,1,0,1,1,0,1,0,0,4,0,105.0,-0.5999999999999943
1862-SKORY,0,1,1,0,40,0,1,39.3,1637.4,1,1,0,0,0,0,0,0,1,0,0,0,0,0,1,0,0,0,0,0,1,0,2,0,40.935,-1.6350000000000051
5236-XMZJY,0,0,0,0,42,1,0,59.65,2536.55,0,0,0,0,0,0,1,0,1,0,1,0,0,0,0,0,0,0,0,0,0,0,3,0,60.394047619047626,-0.7440476190476275
4827-DPADN,0,0,1,1,72,1,1,83.3,6042.7,0,0,1,0,0,0,1,0,0,0,1,0,1,0,1,0,1,0,1,0,0,0,5,0,83.92638888888888,-0.6263888888888829
2694-CIUMO,0,0,0,0,12,1,1,79.55,958.25,0,0,1,1,0,0,0,0,0,0,0,0,1,0,0,0,0,0,0,1,0,0,1,1,79.85416666666667,-0.30416666666667425
5846-ABOBJ,1,0,1,0,71,1,0,24.45,1730.65,0,0,1,0,1,1,0,1,0,1,0,1,0,1,0,1,0,0,1,0,0,0,0,0,24.375352112676058,0.07464788732394112
1439-LCGVL,0,0,1,0,26,1,0,19.2,459.6,0,0,0,0,1,1,0,1,0,1,0,1,0,1,0,1,0,1,0,0,0,1,0,0,17.676923076923078,1.5230769230769212
0909-SDHNU,0,0,0,1,7,0,0,29.8,201.95,0,1,0,0,0,0,1,0,0,0,0,0,0,0,0,0,0,0,0,0,0,1,1,1,28.849999999999998,0.9500000000000028
4647-XXZAM,0,0,1,1,6,1,0,45.5,285.2,0,0,0,0,0,0,0,0,0,0,0,0,0,0,0,0,0,0,0,0,0,1,0,1,47.53333333333333,-2.0333333333333314
1502-XFCVR,0,0,0,0,58,1,1,106.45,6145.85,1,0,0,1,0,0,1,0,1,0,1,0,0,0,1,0,1,1,0,0,1,0,5,0,105.96293103448276,0.48706896551723844
7740-KKCXF,1,0,1,0,51,0,1,30.05,1529.45,0,1,0,0,0,0,0,0,1,0,0,0,0,0,0,0,0,0,0,1,0,0,1,0,29.98921568627451,0.060784313725491756
5360-XGYAZ,1,0,1,1,72,0,1,65.65,4664.5,0,1,0,0,0,0,1,0,1,0,1,0,1,0,1,0,1,0,1,0,0,0,6,0,64.78472222222223,0.8652777777777771
9692-TUSXH,0,0,0,0,18,1,1,96.05,1740.7,1,0,0,1,0,0,1,0,0,0,0,0,0,0,1,0,1,0,0,0,1,0,3,0,96.70555555555556,-0.6555555555555657
7912-SYRQT,0,0,0,0,7,1,1,75.1,552.95,1,0,1,1,0,0,0,0,0,0,0,0,0,0,0,0,0,0,0,0,0,0,0,1,78.99285714285715,-3.892857142857153
3557-HTYWR,0,0,0,0,47,1,0,74.05,3496.3,0,0,1,0,0,0,1,0,1,0,0,0,1,0,0,0,1,0,1,0,0,1,4,0,74.38936170212766,-0.33936170212766115
4816-JBHOV,1,1,0,0,2,1,1,44.7,93.7,1,0,0,0,0,0,0,0,0,0,0,0,0,0,0,0,0,0,0,0,1,0,0,1,46.85,-2.1499999999999986
8920-NAVAY,1,1,0,0,62,1,1,110.75,7053.35,0,0,1,1,0,0,0,0,1,0,1,0,1,0,1,0,1,1,0,0,0,0,5,0,113.76370967741936,-3.0137096774193566
1699-TLDLZ,0,0,1,1,16,1,0,19.7,301.55,0,0,0,0,1,1,0,1,0,1,0,1,0,1,0,1,0,0,1,0,0,1,0,0,18.846875,0.8531249999999986
5600-PDUJF,1,0,0,0,6,1,1,49.5,312.7,0,0,0,0,0,0,0,0,0,0,0,0,1,0,0,0,0,0,0,1,0,0,1,1,52.11666666666667,-2.616666666666667
8292-TYSPY,1,0,0,0,19,1,1,55.0,1046.5,1,0,0,0,0,0,0,0,0,0,1,0,1,0,0,0,0,0,0,1,0,0,2,0,55.078947368421055,-0.07894736842105488
0567-XRHCU,0,0,1,1,69,0,1,43.95,2960.1,0,1,0,0,0,0,1,0,0,0,1,0,0,0,0,0,1,0,1,1,0,0,3,0,42.9,1.0500000000000043
1867-BDVFH,1,0,1,1,11,1,1,74.35,834.2,1,0,1,1,0,0,0,0,0,0,0,0,0,0,0,0,0,0,0,0,1,0,0,1,75.83636363636364,-1.4863636363636488
2067-QYTCF,0,0,1,0,64,1,1,111.15,6953.4,0,0,1,1,0,0,0,0,1,0,1,0,1,0,1,0,1,0,0,0,1,0,5,0,108.646875,2.5031250000000114
2359-QWQUL,0,0,1,0,39,1,1,104.7,4134.85,1,0,0,1,0,0,1,0,0,0,1,0,1,0,1,0,1,1,0,1,0,0,5,0,106.02179487179488,-1.3217948717948786
9103-TCIHJ,0,0,0,0,15,1,1,55.7,899.8,1,0,1,0,0,0,1,0,0,0,0,0,0,0,0,0,0,0,0,0,0,1,1,0,59.986666666666665,-4.286666666666662
7407-SUJIZ,1,0,0,0,25,1,0,20.6,541.5,0,0,0,0,1,1,0,1,0,1,0,1,0,1,0,1,0,0,0,0,0,1,0,0,21.66,-1.0599999999999987
9150-KPBJQ,0,0,0,0,6,1,0,19.65,116.85,0,0,0,0,1,1,0,1,0,1,0,1,0,1,0,1,0,0,1,1,0,0,0,1,19.474999999999998,0.1750000000000007
0052-DCKON,1,0,1,0,66,1,0,115.8,7942.15,0,0,1,1,0,0,1,0,1,0,1,0,1,0,1,0,1,1,0,0,0,0,6,0,120.33560606060605,-4.535606060606057
3654-ARMGP,0,0,0,0,61,1,0,88.65,5321.25,0,0,1,0,0,0,0,0,1,0,1,0,1,0,1,0,1,0,1,1,0,0,5,0,87.23360655737704,1.4163934426229616
9699-UBQFS,0,1,1,0,43,1,1,94.5,4156.8,0,0,1,1,0,0,1,0,1,0,0,0,0,0,1,0,0,0,0,0,1,0,3,0,96.66976744186047,-2.169767441860472
9367-TCUYN,0,0,0,0,12,1,0,20.1,223.6,0,0,0,0,1,1,0,1,0,1,0,1,0,1,0,1,0,0,0,0,0,1,0,1,18.633333333333333,1.4666666666666686
1261-FWTTE,1,1,0,0,23,0,1,34.65,768.45,0,1,0,0,0,0,0,0,0,0,0,0,0,0,0,0,1,0,0,0,0,0,1,0,33.410869565217396,1.2391304347826022
3528-HFRIQ,1,1,1,0,71,0,1,52.3,3765.05,0,1,0,0,0,0,0,0,1,0,1,0,0,0,1,0,1,0,0,0,0,0,4,0,53.02887323943662,-0.7288732394366235
0708-SJDIS,0,0,0,0,34,1,0,65.0,2157.5,0,0,1,0,0,0,0,0,0,0,0,0,1,0,1,0,0,0,0,0,0,1,2,0,63.455882352941174,1.544117647058826
4140-WJAWW,0,0,0,0,5,1,0,19.85,108.05,1,0,0,0,1,1,0,1,0,1,0,1,0,1,0,1,0,0,0,1,0,0,0,1,21.61,-1.759999999999998
2073-QBVBI,0,0,1,0,41,0,0,35.45,1391.65,0,1,0,0,0,0,0,0,1,0,0,0,1,0,0,0,0,1,0,0,0,1,2,0,33.94268292682927,1.5073170731707322
6928-ONTRW,0,0,1,1,72,1,0,19.7,1379.8,0,0,0,0,1,1,0,1,0,1,0,1,0,1,0,1,0,0,1,1,0,0,0,0,19.163888888888888,0.5361111111111114
3320-VEOYC,1,1,0,0,14,1,1,95.6,1273.3,0,0,1,1,0,0,0,0,0,0,0,0,0,0,1,0,1,0,0,0,1,0,2,0,90.95,4.6499999999999915
5231-FIQPA,0,0,0,0,41,1,1,19.85,810.45,0,0,0,0,1,1,0,1,0,1,0,1,0,1,0,1,0,0,1,0,0,1,0,0,19.76707317073171,0.08292682926829187
6617-WLBQC,0,0,1,1,23,1,0,81.85,1810.85,0,0,1,1,0,0,1,0,0,0,0,0,0,0,0,0,0,1,0,1,0,0,1,0,78.73260869565217,3.1173913043478194
2599-CIPQE,1,0,1,1,71,1,0,109.3,7782.85,0,0,0,1,0,0,1,0,1,0,1,0,1,0,1,0,1,0,1,1,0,0,6,0,109.61760563380282,-0.31760563380282747
6653-CBBOM,0,0,0,0,1,1,1,70.3,70.3,1,0,0,1,0,0,0,0,0,0,0,0,0,0,0,0,0,0,0,0,1,0,0,1,70.3,0.0
8774-GSBUN,1,0,1,0,72,1,0,25.4,1797.1,0,0,1,0,1,1,0,1,0,1,0,1,0,1,0,1,0,0,1,0,0,1,0,0,24.959722222222222,0.44027777777777644
7326-RIGQZ,1,0,1,1,6,1,1,69.8,377.85,0,0,0,1,0,0,0,0,0,0,0,0,0,0,0,0,0,0,0,0,1,0,0,1,62.975,6.824999999999996
1401-FTHFQ,1,0,1,1,23,1,1,20.0,445.3,0,0,0,0,1,1,0,1,0,1,0,1,0,1,0,1,0,1,0,1,0,0,0,0,19.360869565217392,0.6391304347826079
3247-ZVOUO,1,1,1,0,10,1,0,85.55,851.75,1,0,1,1,0,0,0,0,0,0,0,0,0,0,0,0,1,0,0,0,1,0,1,1,85.175,0.375
0254-FNMCI,0,0,0,0,72,1,1,109.9,7624.2,0,0,0,1,0,0,1,0,1,0,1,0,1,0,1,0,1,0,1,0,1,0,6,0,105.89166666666667,4.00833333333334
1848-LBZHY,0,0,1,0,7,1,1,50.3,355.1,0,0,0,0,0,0,1,0,0,0,0,0,0,0,0,0,0,0,0,0,0,0,1,1,50.728571428571435,-0.4285714285714377
6101-IMRMM,1,0,0,1,6,1,0,94.5,575.45,1,0,0,1,0,0,0,0,0,0,1,0,0,0,1,0,1,0,0,0,0,1,3,1,95.90833333333335,-1.4083333333333456
8118-TJAFG,1,0,1,1,9,1,1,101.5,906.85,0,0,0,1,0,0,0,0,1,0,0,0,1,0,1,0,1,0,0,0,1,0,4,1,100.76111111111112,0.73888888888888
5429-LWCMV,0,0,0,0,12,1,1,89.15,1057.55,0,0,1,1,0,0,0,0,1,0,0,0,0,0,0,0,1,0,0,0,1,0,2,1,88.12916666666666,1.0208333333333428
7298-IZWLY,0,0,0,0,1,1,1,19.4,19.4,0,0,0,0,1,1,0,1,0,1,0,1,0,1,0,1,0,0,0,0,0,1,0,1,19.4,0.0
9758-MFWGD,0,1,1,1,48,0,0,29.9,1388.75,0,1,0,0,0,0,0,0,1,0,0,0,0,0,0,0,0,1,0,0,0,0,1,0,28.932291666666668,0.9677083333333307
3955-JBZZM,1,0,0,0,20,1,0,78.8,1641.3,0,0,0,1,0,0,0,0,0,0,0,0,0,0,1,0,0,0,0,0,1,0,1,0,82.065,-3.2650000000000006
1268-ASBGA,0,1,1,0,16,1,1,85.35,1375.15,1,0,1,1,0,0,0,0,0,0,0,0,0,0,0,0,1,0,0,1,0,0,1,0,85.946875,-0.5968750000000114
8943-URTMR,0,0,0,0,2,1,1,79.65,152.7,1,0,0,1,0,0,0,0,0,0,0,0,0,0,1,0,0,0,0,0,0,1,1,1,76.35,3.3000000000000114
4815-TUMEQ,0,0,0,0,10,1,1,19.3,185.2,0,0,0,0,1,1,0,1,0,1,0,1,0,1,0,1,0,1,0,0,0,1,0,1,18.52,0.7800000000000011
4713-LZDRV,0,1,0,0,2,1,1,79.6,195.05,1,0,0,1,0,0,0,0,0,0,0,0,0,0,0,0,1,0,0,0,1,0,1,1,97.525,-17.92500000000001
9909-IDLEK,1,0,1,1,20,1,0,96.8,1826.7,0,0,1,1,0,0,0,0,1,0,0,0,1,0,1,0,0,0,0,0,0,1,3,0,91.33500000000001,5.464999999999989
4092-OFQZS,1,0,1,0,20,1,0,20.65,417.5,0,0,0,0,1,1,0,1,0,1,0,1,0,1,0,1,0,1,0,0,0,1,0,0,20.875,-0.22500000000000142
1561-BWHIN,1,0,1,1,19,1,0,19.8,344.5,0,0,0,0,1,1,0,1,0,1,0,1,0,1,0,1,0,1,0,0,0,1,0,0,18.13157894736842,1.6684210526315795
4325-NFSKC,1,1,0,0,19,1,1,90.6,1660.0,1,0,1,1,0,0,1,0,0,0,0,0,0,0,1,0,0,0,0,0,1,0,2,0,87.36842105263158,3.231578947368419
9927-DSWDF,1,0,1,0,22,1,1,104.6,2180.55,0,0,0,1,0,0,1,0,1,0,0,0,1,0,1,0,1,0,0,0,1,0,5,0,99.1159090909091,5.484090909090895
9500-LTVBP,0,0,0,0,35,1,0,80.05,2835.9,0,0,1,1,0,0,0,0,0,0,0,0,1,0,0,0,0,0,0,1,0,0,1,0,81.02571428571429,-0.9757142857142895
7252-NTGSS,0,0,0,0,1,1,0,45.15,45.15,0,0,0,0,0,0,0,0,0,0,0,0,0,0,0,0,0,0,0,0,0,1,0,1,45.15,0.0
8149-AIQCG,1,0,0,0,39,1,1,73.15,2730.85,0,0,1,1,0,0,0,0,0,0,0,0,0,0,0,0,0,0,0,1,0,0,0,0,70.02179487179487,3.1282051282051384
1360-JYXKQ,0,1,1,0,54,1,1,99.1,5437.1,0,0,0,1,0,0,0,0,0,0,1,0,1,0,1,0,1,1,0,0,1,0,4,0,100.68703703703704,-1.5870370370370495
2955-PSXOE,0,0,0,0,1,1,1,20.2,20.2,1,0,0,0,1,1,0,1,0,1,0,1,0,1,0,1,0,0,0,0,0,0,0,1,20.2,0.0
7762-URZQH,1,0,1,0,66,1,1,106.05,6981.35,1,0,1,1,0,0,1,0,0,0,1,0,0,0,1,0,1,0,1,1,0,0,4,0,105.7780303030303,0.2719696969696912
0899-WZRSD,1,0,0,0,56,1,1,105.35,5794.45,0,0,1,1,0,0,1,0,0,0,0,0,1,0,1,0,1,0,0,0,0,1,4,0,103.47232142857142,1.877678571428575
3255-GRXMG,1,0,0,1,18,1,1,45.65,747.2,0,0,0,0,0,0,0,0,0,0,0,0,0,0,0,0,0,0,0,1,0,0,0,0,41.51111111111111,4.138888888888886
4828-FAZPK,0,0,1,1,16,1,1,79.95,1267.95,0,0,1,1,0,0,0,0,1,0,0,0,0,0,0,0,0,0,0,1,0,0,1,0,79.246875,0.703125
6094-ZIVKX,0,0,0,0,68,1,1,54.45,3674.95,0,0,0,0,0,0,1,0,0,0,1,0,0,0,0,0,0,1,0,1,0,0,2,0,54.04338235294117,0.4066176470588303
6925-BAYGL,0,1,1,0,53,1,0,25.1,1275.6,0,0,1,0,1,1,0,1,0,1,0,1,0,1,0,1,0,0,1,1,0,0,0,0,24.067924528301884,1.0320754716981178
3262-EIDHV,0,0,1,1,72,1,0,84.7,5893.9,0,0,1,0,0,0,1,0,0,0,1,0,1,0,1,0,1,0,1,1,0,0,5,0,81.85972222222222,2.8402777777777857
7354-OIJLX,1,0,0,0,9,1,1,75.85,724.65,0,0,1,1,0,0,0,0,0,0,0,0,0,0,0,0,0,0,0,0,1,0,0,1,80.51666666666667,-4.666666666666671
1376-HHBDV,0,0,0,0,30,1,1,48.8,1536.75,0,0,0,0,0,0,1,0,0,0,0,0,0,0,0,0,0,0,0,0,0,1,1,0,51.225,-2.4250000000000043
6907-NZZIJ,0,0,0,0,36,1,1,99.15,3615.6,1,0,1,1,0,0,0,0,1,0,0,0,0,0,1,0,1,0,0,0,1,0,3,0,100.43333333333334,-1.2833333333333314
6133-OZILE,0,0,0,0,18,0,1,35.2,607.3,0,1,0,0,0,0,0,0,0,0,1,0,1,0,0,0,0,0,0,0,1,0,2,0,33.73888888888889,1.4611111111111157
4135-FRWKJ,0,1,1,1,55,1,0,76.25,4154.55,0,0,1,0,0,0,1,0,0,0,1,0,1,0,1,0,0,1,0,0,1,0,4,0,75.53727272727274,0.712727272727264
2911-UREFD,0,0,1,0,39,0,0,55.9,2184.35,1,1,0,0,0,0,1,0,0,0,1,0,0,0,1,0,1,0,0,0,1,0,4,0,56.008974358974356,-0.1089743589743577
3744-ZRRDZ,1,0,0,0,21,1,1,82.35,1852.85,1,0,1,1,0,0,0,0,1,0,0,0,0,0,0,0,0,0,0,0,1,0,1,0,88.23095238095237,-5.88095238095238
5673-TIYIB,1,0,0,0,2,0,1,40.4,77.15,1,1,0,0,0,0,0,0,1,0,1,0,1,0,0,0,0,0,0,1,0,0,3,1,38.575,1.8249999999999957
6551-ZCOTS,1,1,0,0,33,1,1,24.9,847.8,0,0,1,0,1,1,0,1,0,1,0,1,0,1,0,1,0,1,0,0,0,0,0,0,25.690909090909088,-0.7909090909090892
7191-ADRGF,1,0,1,0,44,0,0,54.3,2390.45,0,1,0,0,0,0,0,0,1,0,1,0,0,0,1,0,1,0,1,0,0,0,4,0,54.32840909090908,-0.028409090909086387
5018-LXQQG,0,0,1,1,30,1,0,66.3,1923.5,0,0,0,0,0,0,1,0,0,0,0,0,1,0,0,0,1,0,0,0,0,0,3,0,64.11666666666666,2.183333333333337
6892-BOGQE,0,0,1,0,71,1,1,20.9,1493.2,0,0,0,0,1,1,0,1,0,1,0,1,0,1,0,1,0,0,1,0,0,0,0,0,21.03098591549296,-0.13098591549296046
1602-IJQQE,0,0,0,0,4,1,0,75.35,338.1,1,0,1,1,0,0,0,0,0,0,0,0,0,0,0,0,0,0,0,0,1,0,0,1,84.525,-9.175000000000011
4628-WQCQQ,1,0,0,1,35,1,1,85.15,3030.6,1,0,0,1,0,0,0,0,0,0,1,0,0,0,1,0,0,1,0,0,1,0,2,0,86.58857142857143,-1.4385714285714215
1746-TGTWV,1,0,1,0,1,1,0,75.35,75.35,0,0,0,1,0,0,0,0,0,0,1,0,0,0,0,0,0,0,0,1,0,0,1,1,75.35,0.0
5995-SNNEW,1,1,1,0,23,1,1,104.45,2184.85,0,0,1,1,0,0,0,0,1,0,1,0,0,0,1,0,1,0,0,0,1,0,4,0,94.99347826086957,9.456521739130437
8050-WYBND,0,0,0,1,22,0,1,49.45,1031.4,0,1,0,0,0,0,0,0,0,0,1,0,0,0,1,0,1,1,0,1,0,0,3,0,46.88181818181818,2.56818181818182
2821-WARNZ,0,0,0,1,49,1,0,19.45,921.3,0,0,0,0,1,1,0,1,0,1,0,1,0,1,0,1,0,1,0,1,0,0,0,0,18.802040816326528,0.6479591836734713
4879-GZLFH,0,0,1,1,42,1,1,92.15,3875.4,0,0,0,1,0,0,0,0,0,0,1,0,0,0,1,0,1,0,0,0,1,0,3,0,92.27142857142857,-0.12142857142856656
1644-IRKSF,0,0,1,1,33,1,1,93.8,3124.5,1,0,0,1,0,0,0,0,0,0,1,0,0,0,1,0,1,1,0,0,1,0,3,0,94.68181818181819,-0.8818181818181898
8314-HTWVE,0,0,1,1,7,1,0,19.85,144.15,0,0,0,0,1,1,0,1,0,1,0,1,0,1,0,1,0,0,1,0,0,1,0,1,20.592857142857145,-0.7428571428571438
9402-ROUMJ,0,0,1,1,67,1,1,100.25,6689.0,0,0,1,1,0,0,1,0,0,0,1,0,1,0,0,0,1,1,0,0,0,0,4,0,99.83582089552239,0.4141791044776113
2507-QZPQS,1,0,0,0,15,1,0,95.7,1451.1,0,0,1,1,0,0,0,0,1,0,0,0,1,0,0,0,1,0,0,0,1,0,3,0,96.74,-1.039999999999992
7159-NOKYQ,1,0,1,0,67,1,1,93.15,6368.2,0,0,1,1,0,0,0,0,1,0,1,0,0,0,0,0,1,0,1,0,1,0,3,0,95.04776119402985,-1.8977611940298402
5707-ZMDJP,1,0,1,1,53,1,1,69.7,3729.6,0,0,0,0,0,0,1,0,1,0,0,0,1,0,1,0,0,0,1,0,0,1,4,0,70.36981132075472,-0.669811320754718
8779-YIQQA,1,0,1,1,21,1,0,19.8,350.1,0,0,0,0,1,1,0,1,0,1,0,1,0,1,0,1,0,1,0,0,0,1,0,0,16.67142857142857,3.12857142857143
7136-IHZJA,0,0,1,1,40,1,1,71.35,2847.2,0,0,0,0,0,0,1,0,1,0,0,0,1,0,0,0,1,0,0,0,0,1,4,0,71.17999999999999,0.1700000000000017
8966-OIQHG,0,0,1,1,22,1,0,20.75,452.35,0,0,0,0,1,1,0,1,0,1,0,1,0,1,0,1,0,1,0,0,0,0,0,0,20.561363636363637,0.1886363636363626
7074-STDCN,1,0,0,0,39,0,1,40.6,1494.5,0,1,0,0,0,0,0,0,0,0,0,0,1,0,0,0,1,0,0,0,1,0,2,0,38.32051282051282,2.279487179487184
3705-PSNGL,1,0,0,0,45,1,1,20.4,930.45,1,0,0,0,1,1,0,1,0,1,0,1,0,1,0,1,0,1,0,0,1,0,0,0,20.67666666666667,-0.27666666666667084
8739-QOTTN,0,0,1,0,2,1,0,20.35,41.85,0,0,0,0,1,1,0,1,0,1,0,1,0,1,0,1,0,0,0,0,0,1,0,1,20.925,-0.5749999999999993
1399-OUPJN,0,0,1,1,57,1,0,19.75,1272.05,0,0,0,0,1,1,0,1,0,1,0,1,0,1,0,1,0,0,1,0,0,0,0,0,22.316666666666666,-2.5666666666666664
0277-BKSQP,1,0,1,1,8,1,1,54.4,475.1,0,0,0,0,0,0,0,0,0,0,0,0,0,0,1,0,0,0,0,0,1,0,1,1,59.3875,-4.987500000000004
6502-HCJTI,1,1,1,0,7,1,1,94.7,673.1,1,0,1,1,0,0,1,0,1,0,0,0,0,0,0,0,1,0,0,1,0,0,3,1,96.15714285714286,-1.4571428571428555
2606-RMDHZ,1,0,0,0,6,0,1,30.5,208.7,1,1,0,0,0,0,0,0,1,0,0,0,0,0,0,0,0,0,0,1,0,0,1,1,34.78333333333333,-4.283333333333331
5774-XZTQC,0,0,1,1,7,1,0,20.45,150.75,0,0,0,0,1,1,0,1,0,1,0,1,0,1,0,1,0,0,0,0,0,1,0,1,21.535714285714285,-1.0857142857142854
2676-SSLTO,1,0,0,0,49,1,1,66.15,3199.0,0,0,1,0,0,0,0,0,0,0,0,0,1,0,1,0,0,0,1,0,0,0,2,0,65.28571428571429,0.8642857142857139
6266-QHOJZ,0,0,0,0,65,1,1,89.85,5844.65,0,0,1,1,0,0,1,0,1,0,0,0,1,0,0,0,0,1,0,0,1,0,3,0,89.9176923076923,-0.06769230769231172
7269-JISCY,0,0,0,0,55,1,0,45.05,2462.6,0,0,0,0,0,0,0,0,0,0,0,0,0,0,0,0,0,1,0,0,0,0,0,0,44.77454545454545,0.2754545454545436
0363-SVHYR,1,0,1,1,71,1,0,86.85,6263.8,0,0,1,0,0,0,1,0,1,0,1,0,1,0,1,0,1,0,1,0,0,0,6,0,88.22253521126761,-1.3725352112676177
8547-NSBBO,1,0,0,0,35,1,1,96.75,3403.4,0,0,1,1,0,0,1,0,1,0,1,0,1,0,0,0,0,0,0,0,0,1,4,0,97.24000000000001,-0.4900000000000091
8258-GSTJK,1,1,0,0,3,1,1,77.0,237.75,1,0,1,1,0,0,0,0,0,0,0,0,0,0,0,0,0,0,0,0,1,0,0,1,79.25,-2.25
6861-OKBCE,0,0,0,1,11,1,0,20.1,221.35,1,0,0,0,1,1,0,1,0,1,0,1,0,1,0,1,0,0,0,1,0,0,0,1,20.12272727272727,-0.02272727272726982
9940-RHLFB,0,0,0,0,1,1,0,75.3,75.3,1,0,0,1,0,0,0,0,0,0,1,0,0,0,0,0,0,0,0,0,1,0,1,1,75.3,0.0
6591-QGOYB,1,0,0,0,17,1,1,106.65,1672.1,0,0,1,1,0,0,1,0,1,0,1,0,1,0,1,0,0,0,0,0,0,0,5,0,98.35882352941177,8.29117647058824
9070-BCKQP,0,0,1,0,72,1,1,110.15,7881.2,0,0,1,1,0,0,1,0,0,0,1,0,1,0,1,0,1,0,1,1,0,0,5,0,109.46111111111111,0.6888888888888971
6421-SZVEM,0,0,1,1,28,1,1,82.85,2320.8,0,0,0,1,0,0,1,0,0,0,0,0,0,0,0,0,1,1,0,0,0,0,2,0,82.88571428571429,-0.035714285714291805
1328-EUZHC,0,0,1,0,18,1,0,20.1,370.5,0,0,0,0,1,1,0,1,0,1,0,1,0,1,0,1,0,0,1,0,0,1,0,0,20.583333333333332,-0.48333333333333073
2995-UPRYS,0,1,1,0,40,1,1,99.2,4062.2,1,0,0,1,0,0,0,0,1,0,0,0,1,0,1,0,1,1,0,1,0,0,4,0,101.55499999999999,-2.3549999999999898
8878-RYUKI,0,0,0,0,52,1,1,59.45,3043.7,0,0,0,0,0,0,0,0,0,0,1,0,0,0,0,0,1,0,0,0,1,0,2,0,58.5326923076923,0.9173076923077019
9633-DENPU,0,0,1,0,47,1,1,58.6,2723.4,0,0,0,0,0,0,0,0,1,0,0,0,0,0,1,0,0,0,0,0,0,0,2,0,57.94468085106383,0.6553191489361723
7811-JIVPF,0,0,0,0,23,1,0,49.7,1081.25,0,0,0,0,0,0,0,0,0,0,1,0,0,0,0,0,0,0,0,1,0,0,1,0,47.01086956521739,2.689130434782612
7113-HIPFI,1,0,1,1,66,1,0,65.85,4097.05,0,0,0,0,0,0,1,0,1,0,1,0,1,0,0,0,0,0,1,0,0,1,4,0,62.07651515151515,3.7734848484848413
8541-QVFKM,0,0,0,0,8,1,1,73.5,632.2,0,0,1,1,0,0,0,0,0,0,0,0,0,0,0,0,0,0,0,0,1,0,0,1,79.025,-5.525000000000006
6686-YPGHK,1,1,0,0,47,1,0,85.5,4042.3,1,0,0,1,0,0,1,0,0,0,0,0,0,0,0,0,1,0,0,0,0,1,2,0,86.00638297872341,-0.5063829787234084
1383-EZRWL,0,0,0,0,7,1,0,20.05,164.85,1,0,0,0,1,1,0,1,0,1,0,1,0,1,0,1,0,0,0,0,0,1,0,1,23.55,-3.5
9258-CNWAC,0,0,1,1,71,1,0,113.65,8166.8,0,0,1,1,0,0,1,0,1,0,1,0,1,0,1,0,1,0,1,1,0,0,6,0,115.02535211267606,-1.3753521126760546
5371-VYLSX,0,1,0,0,50,1,1,83.4,4113.7,0,0,1,1,0,0,1,0,1,0,0,0,0,0,0,0,0,0,0,0,1,0,2,0,82.274,1.1260000000000048
6374-AFWOX,1,0,1,0,46,1,0,65.65,3047.15,0,0,0,0,0,0,1,0,1,0,1,0,1,0,0,0,0,0,1,0,0,1,4,0,66.24239130434783,-0.5923913043478279
4759-TRPLW,1,0,0,0,1,1,0,70.4,70.4,1,0,0,1,0,0,0,0,0,0,0,0,0,0,0,0,0,0,0,0,1,0,0,1,70.4,0.0
5317-FLPJF,0,0,0,0,66,0,1,61.35,4193.4,0,1,0,0,0,0,1,0,0,0,1,0,1,0,1,0,1,0,1,0,0,0,5,0,63.53636363636363,-2.1863636363636303
7621-VPNET,0,0,1,0,42,1,1,85.9,3729.75,0,0,1,1,0,0,0,0,0,0,1,0,1,0,0,0,0,0,0,1,0,0,2,0,88.80357142857143,-2.903571428571425
6034-YMTOB,0,0,0,0,5,1,1,75.65,399.45,0,0,0,1,0,0,0,0,0,0,0,0,1,0,0,0,0,0,0,0,0,1,1,1,79.89,-4.239999999999995
8563-IIOXK,1,0,1,1,7,1,1,49.75,331.3,1,0,0,0,0,0,1,0,0,0,0,0,0,0,0,0,0,1,0,0,1,0,1,1,47.32857142857143,2.421428571428571
4903-CNOZC,1,0,0,0,29,1,0,70.9,1964.6,0,0,1,0,0,0,0,0,1,0,1,0,0,0,0,0,1,1,0,1,0,0,3,0,67.7448275862069,3.1551724137931103
4353-HYOJD,0,0,1,1,27,1,0,49.85,1336.15,0,0,0,0,0,0,0,0,1,0,0,0,0,0,0,0,0,0,0,0,0,1,1,0,49.48703703703704,0.3629629629629605
8020-BWHYL,0,1,0,0,15,1,1,75.3,1147.45,1,0,0,1,0,0,0,0,1,0,0,0,0,0,0,0,0,0,0,1,0,0,1,0,76.49666666666667,-1.1966666666666725
7267-FRMJW,0,0,1,1,25,1,0,20.1,486.05,0,0,0,0,1,1,0,1,0,1,0,1,0,1,0,1,0,0,1,0,0,1,0,0,19.442,0.6580000000000013
2982-VPSGI,0,0,1,0,11,1,1,94.0,1078.9,1,0,1,1,0,0,0,0,0,0,0,0,0,0,1,0,1,0,0,0,1,0,2,1,98.08181818181819,-4.081818181818193
4188-FRABG,1,0,1,0,57,1,1,103.05,5925.75,0,0,1,1,0,0,1,0,1,0,1,0,1,0,1,0,0,0,0,0,1,0,5,0,103.96052631578948,-0.9105263157894825
8199-ZLLSA,1,0,0,0,67,1,1,118.35,7804.15,1,0,1,1,0,0,1,0,1,0,1,0,1,0,1,0,1,1,0,0,0,0,6,0,116.47985074626865,1.8701492537313413
4128-ETESU,0,1,1,0,47,1,0,99.7,4747.2,0,0,1,1,0,0,0,0,0,0,1,0,0,0,1,0,1,0,0,0,1,0,3,0,101.00425531914894,-1.304255319148936
0620-DLSLK,0,0,0,0,13,1,1,81.9,1028.9,0,0,0,1,0,0,0,0,0,0,0,0,0,0,1,0,0,0,0,0,0,1,1,0,79.14615384615385,2.7538461538461547
4625-EWPTF,1,0,0,0,8,0,1,30.45,226.45,1,1,0,0,0,0,1,0,0,0,0,0,0,0,0,0,0,0,0,0,1,0,1,1,28.30625,2.1437500000000007
5980-NOPLP,0,0,1,0,44,1,1,96.1,4364.1,1,0,1,1,0,0,0,0,0,0,0,0,0,0,1,0,1,0,0,0,1,0,2,0,99.18409090909091,-3.084090909090918
3850-OKINF,1,0,1,1,71,1,1,66.2,4692.55,0,0,1,0,0,0,1,0,0,0,0,0,0,0,1,0,0,1,0,0,1,0,2,0,66.09225352112676,0.10774647887323852
6892-XPFPU,1,1,1,0,24,1,1,104.25,2433.9,1,0,1,1,0,0,0,0,1,0,1,0,0,0,1,0,1,0,0,0,1,0,4,0,101.41250000000001,2.8374999999999915
8010-EZLOU,1,1,0,0,15,1,1,80.2,1217.25,1,0,1,1,0,0,0,0,1,0,0,0,0,0,0,0,0,0,0,0,1,0,1,0,81.15,-0.9500000000000028
1156-ZFYDO,0,0,0,0,1,1,0,19.75,19.75,0,0,0,0,1,1,0,1,0,1,0,1,0,1,0,1,0,0,0,0,1,0,0,1,19.75,0.0
3295-YVUSR,1,1,0,0,2,1,1,72.6,154.3,0,0,1,1,0,0,0,0,0,0,0,0,0,0,0,0,0,0,0,0,0,1,0,1,77.15,-4.550000000000011
8016-NCFVO,1,1,0,0,55,1,1,116.5,6382.55,0,0,1,1,0,0,1,0,1,0,1,0,1,0,1,0,1,0,0,0,1,0,6,0,116.04636363636364,0.45363636363636317
4119-ZYPZY,1,1,0,0,71,1,1,106.8,7623.2,0,0,1,1,0,0,0,0,1,0,0,0,1,0,1,0,1,0,1,0,1,0,4,0,107.36901408450704,-0.5690140845070459
5549-ZGHFB,1,0,1,1,50,1,0,24.95,1261.45,0,0,1,0,1,1,0,1,0,1,0,1,0,1,0,1,0,0,1,0,0,1,0,0,25.229,-0.2789999999999999
7577-SWIFR,1,0,0,0,1,1,1,89.25,89.25,0,0,0,1,0,0,0,0,0,0,0,0,0,0,1,0,1,0,0,0,1,0,2,1,89.25,0.0
0303-WMMRN,1,0,0,0,5,1,1,19.25,86.05,0,0,0,0,1,1,0,1,0,1,0,1,0,1,0,1,0,0,0,0,0,1,0,1,17.21,2.039999999999999
6408-OTUBZ,0,0,0,0,66,1,1,104.55,6779.05,0,0,1,1,0,0,1,0,1,0,1,0,1,0,1,0,0,1,0,0,0,0,5,0,102.7128787878788,1.837121212121204
5204-HMGYF,0,0,1,1,49,1,1,87.2,4345.0,0,0,0,0,0,0,1,0,1,0,1,0,1,0,1,0,1,1,0,0,0,1,6,0,88.6734693877551,-1.4734693877551024
1078-TDCRN,0,1,1,0,3,0,1,30.75,82.85,0,1,0,0,0,0,0,0,1,0,0,0,0,0,0,0,0,0,0,0,1,0,1,1,27.616666666666664,3.1333333333333364
3727-OVPRY,1,0,1,1,66,1,1,25.7,1714.55,0,0,1,0,1,1,0,1,0,1,0,1,0,1,0,1,0,1,0,1,0,0,0,0,25.9780303030303,-0.2780303030303024
3797-FKOGQ,1,0,0,1,11,1,0,86.2,893.2,0,0,1,1,0,0,0,0,0,0,0,0,0,0,0,0,1,0,0,0,1,0,1,1,81.2,5.0
7622-NXQZR,1,0,0,0,28,0,1,30.1,810.85,0,1,0,0,0,0,0,0,0,0,0,0,1,0,0,0,0,0,0,1,0,0,1,0,28.958928571428572,1.1410714285714292
6196-HBOBZ,1,0,1,0,65,1,1,99.35,6347.55,0,0,1,1,0,0,1,0,1,0,1,0,0,0,1,0,0,0,1,0,1,0,4,0,97.65461538461538,1.6953846153846115
3970-XGJDU,0,0,0,0,62,1,1,19.2,1123.65,0,0,0,0,1,1,0,1,0,1,0,1,0,1,0,1,0,0,1,1,0,0,0,0,18.123387096774195,1.0766129032258043
7017-VFULY,0,0,1,0,2,1,0,20.1,43.15,0,0,0,0,1,1,0,1,0,1,0,1,0,1,0,1,0,0,0,0,0,0,0,1,21.575,-1.4749999999999979
5562-YJQGT,0,0,0,0,2,1,0,20.35,35.1,0,0,0,0,1,1,0,1,0,1,0,1,0,1,0,1,0,0,0,1,0,0,0,1,17.55,2.8000000000000007
8807-OPMBM,0,0,1,1,55,1,1,25.65,1388.0,0,0,1,0,1,1,0,1,0,1,0,1,0,1,0,1,0,0,1,1,0,0,0,0,25.236363636363638,0.41363636363636047
5439-WIKXB,1,1,1,0,41,1,1,94.55,3851.45,0,0,0,1,0,0,0,0,1,0,0,0,0,0,1,0,1,0,0,0,1,0,3,0,93.93780487804878,0.612195121951217
9874-QLCLH,0,0,1,1,17,1,1,104.2,1743.5,1,0,1,1,0,0,1,0,0,0,1,0,0,0,1,0,1,0,0,0,1,0,4,0,102.55882352941177,1.6411764705882348
8294-UIMBA,0,0,0,0,30,1,1,94.4,2638.1,0,0,0,1,0,0,0,0,0,0,0,0,1,0,1,0,1,1,0,0,0,0,3,0,87.93666666666667,6.463333333333338
8109-YUOHE,1,0,0,0,17,1,0,56.1,946.95,0,0,0,0,0,0,1,0,1,0,0,0,0,0,0,0,0,1,0,0,0,1,2,0,55.70294117647059,0.397058823529413
5840-NVDCG,0,0,1,1,16,1,0,68.25,1114.85,0,0,0,0,0,0,1,0,1,0,0,0,1,0,0,0,1,0,1,0,0,0,4,0,69.678125,-1.4281249999999943
8092-NLTGF,1,0,0,0,72,1,0,24.75,1777.6,0,0,1,0,1,1,0,1,0,1,0,1,0,1,0,1,0,0,1,0,0,0,0,0,24.688888888888886,0.06111111111111356
5928-QLDHB,1,0,0,0,9,1,1,76.25,684.85,0,0,1,1,0,0,0,0,0,0,0,0,0,0,0,0,0,0,0,0,1,0,0,1,76.09444444444445,0.15555555555555145
9840-EFJQB,0,0,0,0,1,1,0,74.35,74.35,0,0,0,1,0,0,0,0,1,0,0,0,0,0,0,0,0,0,0,0,1,0,1,1,74.35,0.0
0696-UKTOX,1,0,0,1,23,1,0,54.15,1312.45,0,0,0,0,0,0,0,0,1,0,0,0,1,0,0,0,0,0,0,0,1,0,2,0,57.06304347826087,-2.9130434782608745
4801-KFYKL,1,0,0,1,8,1,0,19.45,159.2,0,0,0,0,1,1,0,1,0,1,0,1,0,1,0,1,0,0,0,0,0,0,0,1,19.9,-0.4499999999999993
3472-OAOOR,1,0,1,1,19,0,1,34.95,610.2,0,1,0,0,0,0,1,0,1,0,0,0,0,0,0,0,0,0,0,0,0,1,2,0,32.11578947368421,2.8342105263157933
6135-OZQVA,0,0,0,0,7,1,1,53.65,404.35,0,0,1,0,0,0,1,0,0,0,0,0,0,0,0,0,0,0,0,0,1,0,1,1,57.76428571428572,-4.114285714285721
8062-YBDOE,1,1,0,0,1,1,1,69.65,69.65,1,0,0,1,0,0,0,0,0,0,0,0,0,0,0,0,0,0,0,0,1,0,0,1,69.65,0.0
2252-JHJGE,1,0,0,0,61,1,0,104.0,6363.45,0,0,1,1,0,0,1,0,0,0,1,0,0,0,1,0,1,1,0,0,1,0,4,0,104.31885245901638,-0.3188524590163837
4188-PCPIG,0,0,1,0,57,1,1,70.35,4124.65,0,0,0,0,0,0,1,0,1,0,0,0,1,0,1,0,0,0,1,1,0,0,4,0,72.36228070175439,-2.012280701754392
6000-APYLU,1,0,0,0,9,1,1,80.8,713.1,1,0,0,1,0,0,0,0,0,0,0,0,0,0,0,0,1,0,0,0,1,0,1,1,79.23333333333333,1.5666666666666629
7105-BENQF,1,0,0,1,15,1,0,64.85,950.75,0,0,0,0,0,0,1,0,0,0,1,0,0,0,0,0,1,1,0,0,0,1,3,0,63.38333333333333,1.4666666666666615
7721-DVEKZ,0,0,0,0,1,1,0,19.65,19.65,0,0,0,0,1,1,0,1,0,1,0,1,0,1,0,1,0,0,0,0,0,1,0,1,19.65,0.0
3566-VVORZ,0,0,1,0,12,1,0,45.9,505.95,0,0,0,0,0,0,0,0,0,0,0,0,0,0,0,0,0,0,0,0,0,0,0,1,42.1625,3.737499999999997
9507-HSMMZ,1,0,0,0,54,1,0,20.0,1149.65,0,0,0,0,1,1,0,1,0,1,0,1,0,1,0,1,0,0,1,0,0,1,0,0,21.289814814814818,-1.289814814814818
2480-SQIOB,1,0,1,1,4,1,0,44.8,169.65,0,0,0,0,0,0,0,0,0,0,0,0,0,0,0,0,0,0,0,0,1,0,0,1,42.4125,2.3874999999999957
0947-IDHRQ,0,0,0,0,7,1,1,80.3,526.7,1,0,0,1,0,0,0,0,0,0,0,0,0,0,1,0,0,0,0,0,0,1,1,1,75.24285714285715,5.05714285714285
7813-TKCVO,0,0,1,0,20,1,0,20.35,393.15,0,0,0,0,1,1,0,1,0,1,0,1,0,1,0,1,0,1,0,0,0,1,0,0,19.6575,0.6925000000000026
0128-MKWSG,0,0,0,1,26,0,0,45.8,1147.0,0,1,0,0,0,0,1,0,0,0,0,0,1,0,0,0,1,0,0,0,0,1,3,0,44.11538461538461,1.684615384615384
3672-YITQD,1,1,1,0,36,1,1,84.1,3021.6,1,0,1,1,0,0,0,0,0,0,0,0,0,0,0,0,1,0,0,0,1,0,1,0,83.93333333333334,0.1666666666666572
4350-ZTLPI,0,0,1,0,53,1,1,108.95,5718.2,0,0,1,1,0,0,0,0,1,0,1,0,1,0,1,0,1,1,0,0,0,0,5,0,107.89056603773585,1.0594339622641513
9048-JVYVF,1,0,0,0,3,1,1,69.35,191.35,1,0,0,0,0,0,0,0,0,0,0,0,1,0,1,0,1,0,0,0,1,0,3,1,63.78333333333333,5.566666666666663
0361-HJRDX,0,0,0,0,68,0,0,64.35,4539.6,0,1,0,0,0,0,1,0,1,0,1,0,1,0,1,0,1,0,1,1,0,0,6,0,66.75882352941177,-2.4088235294117766
5727-MYATE,1,0,1,1,72,1,1,90.8,6397.6,0,0,1,0,0,0,1,0,1,0,1,0,1,0,1,0,1,0,1,1,0,0,6,0,88.85555555555555,1.9444444444444429
3823-KYNQY,1,0,0,0,12,1,0,24.95,280.4,0,0,1,0,1,1,0,1,0,1,0,1,0,1,0,1,0,1,0,1,0,0,0,1,23.366666666666664,1.5833333333333357
8988-ECPJR,0,1,1,1,34,1,1,79.6,2718.3,1,0,1,1,0,0,0,0,1,0,0,0,0,0,0,0,0,0,0,0,0,1,1,0,79.95,-0.3500000000000085
7570-WELNY,0,0,1,0,68,1,1,84.7,5711.05,0,0,1,1,0,0,1,0,1,0,0,0,0,0,0,0,0,0,1,0,0,0,2,0,83.9860294117647,0.7139705882352985
3021-VLNRJ,0,0,0,1,50,1,1,70.8,3478.15,0,0,0,0,0,0,1,0,0,0,1,0,1,0,1,0,0,1,0,1,0,0,4,0,69.563,1.2369999999999948
3776-EKTKM,0,1,0,0,1,0,1,36.45,36.45,1,1,0,0,0,0,0,0,0,0,0,0,0,0,1,0,0,0,0,0,1,0,1,1,36.45,0.0
2080-CAZNM,0,1,0,0,41,1,1,104.4,4133.95,0,0,1,1,0,0,0,0,1,0,1,0,0,0,1,0,1,0,0,0,1,0,4,0,100.8280487804878,3.5719512195122007
1028-FFNJK,1,1,1,0,30,1,1,101.5,2917.65,0,0,1,1,0,0,0,0,0,0,0,0,1,0,1,0,1,0,0,0,1,0,3,0,97.25500000000001,4.24499999999999
6907-FLBER,1,0,0,0,1,1,0,54.3,54.3,0,0,1,0,0,0,0,0,1,0,0,0,0,0,0,0,0,0,0,0,1,0,1,1,54.3,0.0
3001-UNBTL,1,1,1,1,29,1,1,103.95,2964.8,0,0,1,1,0,0,0,0,0,0,1,0,0,0,1,0,1,0,0,0,1,0,3,0,102.2344827586207,1.7155172413793025
5982-PSMKW,0,0,1,1,23,1,1,91.1,2198.3,0,0,1,0,0,0,1,0,1,0,1,0,1,0,1,0,1,0,1,1,0,0,6,0,95.57826086956523,-4.478260869565233
3507-GASNP,1,0,0,1,60,1,0,19.95,1189.9,0,0,0,0,1,1,0,1,0,1,0,1,0,1,0,1,0,0,1,0,0,1,0,0,19.831666666666667,0.11833333333333229
7096-ZNBZI,0,0,1,0,72,1,0,26.45,1914.5,0,0,1,0,1,1,0,1,0,1,0,1,0,1,0,1,0,0,1,1,0,0,0,0,26.59027777777778,-0.14027777777777928
1902-XBTFB,1,0,0,1,22,1,1,89.4,2001.5,1,0,0,1,0,0,0,0,1,0,1,0,0,0,1,0,0,0,0,0,1,0,3,0,90.97727272727273,-1.577272727272728
1676-MQAOA,1,0,0,0,72,1,1,75.1,5336.35,0,0,0,0,0,0,1,0,1,0,1,0,1,0,1,0,0,0,1,0,0,0,5,0,74.11597222222223,0.9840277777777686
0786-IVLAW,0,1,0,0,66,1,0,108.1,7238.6,0,0,1,1,0,0,0,0,1,0,1,0,0,0,1,0,1,1,0,0,0,0,4,0,109.67575757575759,-1.5757575757575921
7566-DSRLQ,0,0,1,0,72,1,1,110.15,7998.8,0,0,1,1,0,0,0,0,1,0,1,0,1,0,1,0,1,0,1,0,1,0,5,0,111.09444444444445,-0.9444444444444429
0643-OKLRP,0,1,1,0,47,1,0,80.35,3825.85,1,0,1,1,0,0,1,0,0,0,0,0,0,0,0,0,0,0,0,0,1,0,1,0,81.40106382978723,-1.051063829787239
7245-JMTTQ,0,0,0,0,51,1,1,111.5,5703.25,0,0,1,1,0,0,0,0,1,0,1,0,1,0,1,0,1,1,0,0,1,0,5,0,111.82843137254902,-0.32843137254901933
6050-IJRHS,0,0,1,1,70,1,1,106.5,7397.0,0,0,1,1,0,0,0,0,1,0,1,0,0,0,1,0,1,1,0,0,1,0,4,0,105.67142857142858,0.8285714285714221
6202-JVYEU,1,0,0,0,9,1,1,19.9,164.6,0,0,0,0,1,1,0,1,0,1,0,1,0,1,0,1,0,1,0,0,1,0,0,1,18.288888888888888,1.6111111111111107
8591-TKMZH,1,0,1,1,59,1,1,111.1,6555.2,0,0,1,1,0,0,1,0,1,0,0,0,1,0,1,0,1,0,1,0,0,1,5,0,111.10508474576271,-0.00508474576271567
0734-OXWBT,1,0,0,1,3,1,0,70.7,225.65,0,0,0,0,0,0,0,0,0,0,0,0,1,0,1,0,1,0,0,0,0,1,3,1,75.21666666666667,-4.516666666666666
4282-ACRXS,1,1,1,0,38,0,1,24.85,955.75,0,1,0,0,0,0,0,0,0,0,0,0,0,0,0,0,0,0,0,0,1,0,0,0,25.151315789473685,-0.30131578947368354
0365-TRTPY,0,0,0,0,37,1,0,91.2,3382.3,0,0,1,1,0,0,1,0,1,0,1,0,0,0,0,0,0,0,0,0,0,0,3,0,91.41351351351352,-0.21351351351351866
7349-ALMUX,1,0,0,0,37,1,0,65.6,2313.8,0,0,0,0,0,0,1,0,1,0,1,0,1,0,0,0,0,0,1,0,0,0,4,0,62.53513513513514,3.0648648648648518
9381-NDKME,0,1,1,0,24,0,1,40.65,933.3,1,1,0,0,0,0,0,0,0,0,1,0,0,0,0,0,1,0,0,1,0,0,2,0,38.887499999999996,1.7625000000000028
6502-KUGLL,0,0,1,1,14,1,0,59.45,780.85,0,0,0,0,0,0,1,0,1,0,0,0,1,0,0,0,0,0,0,0,0,0,3,0,55.775,3.6750000000000043
1841-YSJGV,1,0,1,0,72,1,1,109.95,7852.4,0,0,1,1,0,0,1,0,1,0,0,0,1,0,1,0,1,0,1,1,0,0,5,0,109.0611111111111,0.8888888888888999
2794-XIMMO,1,0,1,0,53,0,1,60.45,3184.25,1,1,0,0,0,0,0,0,1,0,1,0,1,0,1,0,1,1,0,0,1,0,5,0,60.08018867924528,0.3698113207547209
8382-SHQEH,0,0,1,0,8,1,1,84.9,764.95,1,0,1,1,0,0,0,0,0,0,0,0,0,0,0,0,1,0,0,0,1,0,1,1,95.61875,-10.71875
3511-BFTJW,1,0,1,1,72,0,0,38.5,2763.0,0,1,0,0,0,0,1,0,1,0,1,0,0,0,0,0,0,0,1,1,0,0,3,0,38.375,0.125
7668-XCFYV,0,1,1,0,17,1,1,92.55,1614.7,0,0,1,1,0,0,0,0,0,0,0,0,0,0,1,0,1,0,0,0,1,0,2,0,94.98235294117647,-2.4323529411764753
2983-ZANRP,0,0,1,1,2,1,1,73.55,145.4,1,0,0,1,0,0,0,0,1,0,0,0,0,0,0,0,0,0,0,0,0,0,1,1,72.7,0.8499999999999943
7845-URHJN,0,0,1,0,8,1,0,20.15,156.25,1,0,0,0,1,1,0,1,0,1,0,1,0,1,0,1,0,0,0,0,0,0,0,1,19.53125,0.6187499999999986
3034-ZBEQN,0,0,1,0,48,0,0,34.7,1604.5,1,1,0,0,0,0,0,0,1,0,1,0,0,0,0,0,0,1,0,0,0,1,2,0,33.427083333333336,1.2729166666666671
5018-HEKFO,0,0,0,0,10,1,1,24.5,270.15,0,0,1,0,1,1,0,1,0,1,0,1,0,1,0,1,0,0,0,0,0,1,0,1,27.014999999999997,-2.514999999999997
2923-ARZLG,1,0,1,1,0,1,1,19.7,0.0,0,0,0,0,1,1,0,1,0,1,0,1,0,1,0,1,0,1,0,0,0,1,0,1,0.0,19.7
3976-NLDEZ,1,0,0,0,1,1,0,20.6,20.6,0,0,0,0,1,1,0,1,0,1,0,1,0,1,0,1,0,0,0,0,0,1,0,1,20.6,0.0
2282-YGNOR,0,0,0,0,29,1,0,58.0,1734.5,0,0,0,0,0,0,1,0,0,0,1,0,1,0,0,0,0,1,0,1,0,0,3,0,59.810344827586206,-1.8103448275862064
5336-UFNZP,0,1,1,1,65,1,1,107.45,7047.5,0,0,1,1,0,0,0,0,1,0,1,0,0,0,1,0,1,1,0,0,1,0,4,0,108.42307692307692,-0.973076923076917
6854-EXGSF,0,0,0,0,8,1,1,65.5,573.15,0,0,1,0,0,0,1,0,1,0,1,0,0,0,0,0,0,0,0,0,0,0,3,1,71.64375,-6.143749999999997
1241-EZFMJ,1,0,1,0,61,1,0,25.45,1538.6,0,0,1,0,1,1,0,1,0,1,0,1,0,1,0,1,0,0,1,0,0,0,0,0,25.22295081967213,0.22704918032787091
9233-PSYHO,0,1,0,0,45,1,1,100.15,4459.8,0,0,1,1,0,0,0,0,0,0,1,0,0,0,1,0,1,1,0,0,0,0,3,0,99.10666666666667,1.0433333333333366
5376-PCKNB,1,0,1,1,72,1,1,104.45,7459.0,0,0,1,1,0,0,0,0,1,0,1,0,0,0,1,0,1,1,0,1,0,0,4,0,103.59722222222223,0.8527777777777743
8044-BGWPI,1,0,1,1,12,1,1,21.15,306.05,0,0,0,0,1,1,0,1,0,1,0,1,0,1,0,1,0,0,0,0,1,0,0,1,25.504166666666666,-4.354166666666668
4060-LDNLU,1,0,0,0,7,1,0,96.2,639.7,0,0,1,1,0,0,0,0,0,0,0,0,0,0,1,0,1,0,0,0,1,0,2,1,91.38571428571429,4.814285714285717
3589-PPVKW,1,0,0,0,9,1,1,44.4,348.15,0,0,0,0,0,0,0,0,0,0,0,0,0,0,0,0,0,0,0,0,0,1,0,1,38.68333333333333,5.716666666666669
8327-LZKAS,0,1,1,0,43,1,1,107.55,4533.9,1,0,1,1,0,0,0,0,0,0,1,0,1,0,1,0,1,1,0,0,1,0,4,0,105.43953488372092,2.110465116279073
5887-IKKYO,1,0,1,1,58,1,0,94.35,5563.65,0,0,1,1,0,0,0,0,0,0,1,0,1,0,0,0,1,0,1,0,0,0,3,0,95.925,-1.5750000000000028
1075-BGWOH,1,1,1,0,16,1,1,98.75,1587.55,1,0,1,1,0,0,0,0,0,0,1,0,0,0,1,0,1,0,0,0,1,0,3,0,99.221875,-0.47187499999999716
1755-RMCXH,1,0,1,1,2,1,0,20.3,40.25,0,0,0,0,1,1,0,1,0,1,0,1,0,1,0,1,0,0,0,0,0,1,0,1,20.125,0.1750000000000007
0302-JOIVN,0,0,1,0,8,1,0,101.15,842.9,1,0,0,1,0,0,0,0,1,0,1,0,0,0,1,0,1,0,0,0,1,0,4,1,105.3625,-4.2124999999999915
3858-XHYJO,0,0,1,0,40,1,0,105.75,4228.55,0,0,1,1,0,0,1,0,0,0,1,0,0,0,1,0,1,1,0,0,0,0,4,0,105.71375,0.03624999999999545
4299-SIMNS,1,0,0,0,9,1,1,81.15,784.45,0,0,1,1,0,0,1,0,0,0,0,0,0,0,0,0,0,0,0,0,1,0,1,1,87.16111111111111,-6.011111111111106
7025-IWFHT,1,0,0,0,41,1,1,89.55,3729.75,0,0,0,1,0,0,0,0,1,0,0,0,1,0,1,0,0,1,0,0,1,0,3,0,90.96951219512195,-1.4195121951219534
6261-LHRTG,0,0,0,0,26,1,1,54.75,1406.9,0,0,0,0,0,0,0,0,1,0,1,0,0,0,0,0,0,0,0,1,0,0,2,0,54.111538461538466,0.6384615384615344
7841-FCRQD,0,0,1,0,33,1,1,53.75,1857.3,0,0,0,0,0,0,0,0,1,0,0,0,1,0,0,0,0,1,0,1,0,0,2,0,56.28181818181818,-2.5318181818181813
2056-EVGZL,1,0,1,1,68,1,0,105.75,7322.5,0,0,0,1,0,0,0,0,1,0,1,0,1,0,1,0,1,1,0,1,0,0,5,0,107.68382352941177,-1.933823529411768
8777-MBMTS,0,1,1,0,65,1,1,105.85,6725.5,0,0,0,1,0,0,0,0,1,0,1,0,1,0,1,0,1,0,1,1,0,0,5,0,103.46923076923076,2.380769230769232
7753-USQYQ,1,0,0,0,55,1,1,64.2,3627.3,0,0,0,0,0,0,0,0,1,0,0,0,1,0,0,0,1,1,0,0,1,0,3,0,65.9509090909091,-1.75090909090909
5366-IJEQJ,1,0,0,0,20,1,1,88.7,1761.45,1,0,1,1,0,0,0,0,0,0,1,0,0,0,1,0,0,0,0,0,1,0,2,0,88.0725,0.6274999999999977
7661-CPURM,1,0,0,0,19,1,1,87.7,1725.95,0,0,0,1,0,0,0,0,0,0,0,0,1,0,0,0,1,1,0,1,0,0,2,0,90.83947368421053,-3.139473684210529
6233-HXJMX,0,0,0,0,45,1,1,89.3,4192.15,0,0,1,1,0,0,0,0,0,0,1,0,0,0,0,0,1,0,0,1,0,0,2,0,93.15888888888888,-3.8588888888888846
5902-WBLSE,0,0,1,1,70,1,1,20.15,1411.2,0,0,0,0,1,1,0,1,0,1,0,1,0,1,0,1,0,0,1,1,0,0,0,0,20.16,-0.010000000000001563
1981-INRFU,0,0,0,0,2,1,1,79.75,164.5,1,0,0,1,0,0,0,0,0,0,0,0,0,0,1,0,0,0,0,0,1,0,1,1,82.25,-2.5
4971-PUYQO,0,0,0,0,27,1,1,94.55,2724.6,1,0,1,1,0,0,0,0,0,0,0,0,0,0,1,0,1,0,0,0,0,1,2,0,100.91111111111111,-6.361111111111114
3239-TPHPZ,0,0,1,0,12,1,1,20.05,264.55,0,0,0,0,1,1,0,1,0,1,0,1,0,1,0,1,0,0,1,0,1,0,0,1,22.045833333333334,-1.9958333333333336
5115-GZDEL,1,0,0,1,72,0,0,67.2,4671.7,0,1,0,0,0,0,1,0,1,0,1,0,1,0,1,0,1,0,1,1,0,0,6,0,64.88472222222222,2.31527777777778
3338-CVVEH,1,0,0,0,12,1,0,94.55,1173.55,0,0,1,1,0,0,0,0,0,0,0,0,0,0,1,0,1,0,0,0,1,0,2,1,97.79583333333333,-3.245833333333337
8485-GJCDN,0,1,0,0,5,1,1,69.05,318.5,1,0,0,1,0,0,0,0,0,0,0,0,0,0,0,0,0,0,0,0,0,1,0,1,63.7,5.349999999999994
2615-YVMYX,1,1,1,0,71,1,1,107.5,7713.55,0,0,1,1,0,0,1,0,1,0,1,0,0,0,1,0,1,0,0,0,1,0,5,0,108.64154929577465,-1.1415492957746523
2851-STERV,1,1,0,0,35,1,1,73.0,2471.25,0,0,0,0,0,0,0,0,0,0,1,0,1,0,1,0,1,1,0,0,1,0,4,0,70.60714285714286,2.392857142857139
4393-GEADV,1,0,1,1,70,1,0,114.75,7842.3,0,0,1,1,0,0,1,0,1,0,1,0,1,0,1,0,1,0,1,1,0,0,6,0,112.03285714285714,2.7171428571428606
8486-AYEQH,0,0,0,0,31,1,1,76.05,2227.8,0,0,1,1,0,0,0,0,0,0,0,0,0,0,0,0,0,0,0,0,1,0,0,0,71.86451612903227,4.18548387096773
1527-SXDPN,1,0,1,1,52,1,1,96.25,4990.25,1,0,1,1,0,0,0,0,0,0,1,0,1,0,0,0,1,0,1,0,0,0,3,0,95.96634615384616,0.2836538461538396
6029-WTIPC,1,1,0,0,37,1,1,101.1,3744.05,1,0,1,1,0,0,0,0,0,0,1,0,0,0,1,0,1,0,0,0,1,0,3,0,101.19054054054054,-0.09054054054054461
8634-CILSZ,1,0,0,0,69,1,1,104.7,7220.35,1,0,1,1,0,0,0,0,1,0,0,0,1,0,1,0,1,1,0,0,0,0,4,0,104.64275362318841,0.05724637681159095
5419-JKZNQ,1,1,1,0,30,1,0,77.9,2351.45,0,0,1,1,0,0,0,0,0,0,0,0,0,0,0,0,0,0,0,0,0,1,0,0,78.38166666666666,-0.4816666666666549
2495-KZNFB,0,0,0,0,33,1,1,90.65,2989.6,0,0,1,1,0,0,1,0,0,0,0,0,0,0,0,0,1,0,0,0,1,0,2,0,90.5939393939394,0.05606060606061192
1409-PHXTF,1,1,1,0,54,1,1,110.45,6077.75,0,0,1,1,0,0,0,0,1,0,1,0,1,0,1,0,1,0,1,0,1,0,5,0,112.55092592592592,-2.100925925925921
4560-WQAQW,0,0,0,0,59,1,0,68.7,4070.95,0,0,1,0,0,0,1,0,0,0,0,0,1,0,0,0,1,1,0,0,0,0,3,0,68.99915254237288,-0.29915254237288025
9591-YVTEB,1,1,0,0,55,0,1,44.85,2479.05,0,1,0,0,0,0,1,0,1,0,0,0,0,0,1,0,0,0,0,0,1,0,3,0,45.07363636363637,-0.2236363636363663
9309-BZGNT,1,1,1,0,69,0,1,29.8,2134.3,0,1,0,0,0,0,0,0,0,0,1,0,0,0,0,0,0,1,0,1,0,0,1,0,30.93188405797102,-1.1318840579710177
4274-DRSQT,0,0,0,0,66,1,1,88.9,6000.1,0,0,1,1,0,0,0,0,1,0,0,0,0,0,1,0,0,1,0,0,0,0,2,0,90.91060606060607,-2.010606060606065
2027-DNKIV,1,0,1,1,37,1,1,58.75,2203.1,0,0,0,0,0,0,1,0,0,0,1,0,1,0,0,0,0,1,0,0,0,1,3,0,59.54324324324324,-0.7932432432432392
8075-GXIUB,1,1,1,0,9,1,0,19.85,183.15,0,0,0,0,1,1,0,1,0,1,0,1,0,1,0,1,0,1,0,1,0,0,0,1,20.35,-0.5
2885-HIJDH,1,0,1,1,69,1,0,86.9,6194.1,0,0,1,0,0,0,1,0,0,0,1,0,1,0,1,0,1,0,1,0,0,0,5,0,89.7695652173913,-2.8695652173912976
5424-RLQLC,1,0,0,0,10,1,1,59.65,638.95,0,0,0,0,0,0,0,0,1,0,0,0,0,0,1,0,0,0,0,0,0,1,2,1,63.895,-4.2450000000000045
6682-QJDGB,1,0,0,1,40,1,1,55.25,2139.2,1,0,0,0,0,0,1,0,1,0,0,0,0,0,0,0,0,0,0,0,0,1,2,0,53.48,1.7700000000000031
6507-DTJZV,1,0,0,1,13,1,0,66.4,831.75,0,0,0,0,0,0,0,0,0,0,0,0,0,0,1,0,1,0,0,1,0,0,2,0,63.98076923076923,2.419230769230772
8780-IXSTS,0,0,0,0,6,1,1,90.1,521.3,1,0,1,1,0,0,0,0,1,0,0,0,0,0,1,0,0,0,0,0,1,0,2,1,86.88333333333333,3.2166666666666686
7673-BQGKU,0,0,1,1,69,1,0,20.15,1337.5,0,0,0,0,1,1,0,1,0,1,0,1,0,1,0,1,0,0,1,0,0,0,0,0,19.384057971014492,0.7659420289855063
6723-WSNTY,0,1,1,0,66,1,1,108.1,7181.95,0,0,1,1,0,0,0,0,1,0,1,0,1,0,1,0,1,1,0,1,0,0,5,0,108.81742424242424,-0.7174242424242436
9530-EHPOH,1,0,0,0,11,1,0,53.75,608.0,1,0,1,0,0,0,0,0,0,0,1,0,0,0,0,0,0,0,0,0,1,0,1,1,55.27272727272727,-1.5227272727272734
2725-IWWBA,1,0,1,1,46,1,0,56.9,2560.1,0,0,0,0,0,0,1,0,0,0,1,0,1,0,0,0,0,1,0,0,0,1,3,0,55.654347826086955,1.2456521739130437
0345-HKJVM,0,0,0,0,6,1,0,89.3,577.6,1,0,0,1,0,0,0,0,0,0,0,0,0,0,1,0,1,0,0,0,1,0,2,1,96.26666666666667,-6.966666666666669
1061-PNTHC,0,0,1,1,56,1,1,109.6,5953.0,0,0,1,1,0,0,1,0,0,0,1,0,1,0,1,0,1,0,0,0,0,1,5,0,106.30357142857143,3.2964285714285637
0394-YONDK,1,0,1,1,70,1,0,25.15,1790.15,0,0,1,0,1,1,0,1,0,1,0,1,0,1,0,1,0,0,1,1,0,0,0,0,25.57357142857143,-0.4235714285714316
6574-MCOEH,0,0,1,1,33,1,1,79.15,2531.4,0,0,1,0,0,0,0,0,0,0,1,0,1,0,1,0,1,1,0,0,1,0,4,0,76.70909090909092,2.440909090909088
7399-QHBJS,0,0,1,1,72,1,0,66.75,4760.3,0,0,1,0,0,0,1,0,1,0,0,0,1,0,0,0,0,0,1,1,0,0,3,0,66.11527777777778,0.6347222222222229
3049-SOLAY,0,0,1,0,3,1,1,95.2,292.85,1,0,1,1,0,0,0,0,0,0,0,0,0,0,1,0,1,0,0,0,1,0,2,1,97.61666666666667,-2.4166666666666714
0997-YTLNY,0,0,0,1,19,1,0,48.8,953.65,0,0,0,0,0,0,0,0,0,0,0,0,1,0,0,0,0,0,0,0,0,1,1,0,50.19210526315789,-1.3921052631578945
3317-HRTNN,0,1,0,0,5,0,0,45.7,198.0,1,1,0,0,0,0,0,0,0,0,0,0,0,0,1,0,1,0,0,0,1,0,2,1,39.6,6.100000000000001
9479-HYNYL,0,0,1,0,71,1,1,80.7,5705.05,0,0,0,0,0,0,0,0,1,0,1,0,1,0,1,0,1,0,1,1,0,0,5,0,80.35281690140846,0.34718309859154317
3235-ETOOB,1,0,1,0,8,1,1,74.5,609.9,1,0,0,1,0,0,1,0,0,0,0,0,0,0,0,0,0,0,0,0,1,0,1,1,76.2375,-1.7374999999999972
9708-KFDBY,1,0,0,0,1,1,0,20.55,20.55,0,0,0,0,1,1,0,1,0,1,0,1,0,1,0,1,0,0,0,1,0,0,0,1,20.55,0.0
8058-INTPH,0,0,0,0,1,1,1,79.65,79.65,1,0,0,1,0,0,0,0,0,0,0,0,0,0,1,0,0,0,0,0,1,0,1,1,79.65,0.0
3642-GKTCT,0,0,0,0,61,1,1,115.1,6993.65,0,0,1,1,0,0,1,0,1,0,1,0,1,0,1,0,1,1,0,0,0,1,6,0,114.64999999999999,0.45000000000000284
0774-RMNUW,0,0,1,1,71,0,0,59.7,4122.65,0,1,0,0,0,0,1,0,1,0,0,0,1,0,1,0,1,0,1,0,0,0,5,0,58.06549295774647,1.6345070422535315
1334-PDUKM,0,0,1,0,68,1,0,86.45,5762.95,0,0,1,1,0,0,0,0,1,0,1,0,0,0,0,0,0,1,0,1,0,0,2,0,84.74926470588235,1.7007352941176492
0756-MPZRL,1,0,0,0,46,0,0,33.7,1537.85,0,1,0,0,0,0,0,0,0,0,1,0,1,0,0,0,0,1,0,1,0,0,2,0,33.43152173913043,0.2684782608695713
2242-MFOTG,1,0,0,0,33,1,0,80.1,2603.3,0,0,1,1,0,0,1,0,0,0,0,0,0,0,0,0,0,1,0,0,0,0,1,0,78.88787878787879,1.212121212121204
2927-CVULT,0,0,1,1,53,1,1,104.05,5566.4,0,0,1,1,0,0,1,0,1,0,1,0,1,0,0,0,1,0,1,0,0,0,5,0,105.02641509433961,-0.9764150943396146
2144-BFDSO,0,1,1,0,50,1,0,108.75,5431.9,0,0,1,1,0,0,1,0,1,0,1,0,0,0,1,0,1,0,0,0,0,0,5,0,108.63799999999999,0.11200000000000898
8745-PVESG,0,0,0,0,57,0,1,41.1,2258.25,0,1,0,0,0,0,1,0,0,0,1,0,1,0,0,0,0,1,0,1,0,0,3,0,39.61842105263158,1.481578947368419
7647-GYYKX,0,0,1,1,54,1,1,20.35,1092.35,0,0,0,0,1,1,0,1,0,1,0,1,0,1,0,1,0,0,1,0,0,0,0,0,20.2287037037037,0.12129629629630045
5647-FXOTP,0,1,1,0,60,1,1,105.9,6401.25,0,0,1,1,0,0,0,0,1,0,1,0,0,0,1,0,1,0,0,0,1,0,4,0,106.6875,-0.7874999999999943
5569-OUICF,0,1,1,0,28,1,1,101.3,2812.2,1,0,1,1,0,0,0,0,0,0,0,0,1,0,1,0,1,0,0,1,0,0,3,0,100.43571428571428,0.8642857142857139
8821-XNHVZ,0,0,1,1,1,1,1,80.05,80.05,1,0,0,1,0,0,0,0,0,0,0,0,0,0,1,0,0,0,0,0,0,1,1,1,80.05,0.0
2082-OJVTK,1,0,1,1,29,1,1,89.2,2698.35,1,0,1,1,0,0,0,0,0,0,1,0,0,0,0,0,1,0,0,0,1,0,2,0,93.04655172413793,-3.8465517241379246
9700-ISPUP,0,0,1,1,10,1,1,65.5,616.9,0,0,0,0,0,0,0,0,1,0,0,0,1,0,0,0,1,0,0,0,1,0,3,1,61.69,3.8100000000000023
9839-ETQOE,1,0,0,1,43,0,1,40.45,1912.85,0,1,0,0,0,0,1,0,1,0,1,0,0,0,0,0,0,0,0,0,1,0,3,0,44.48488372093023,-4.034883720930225
6078-VESFR,1,1,1,0,13,1,0,70.45,849.1,0,0,0,1,0,0,0,0,0,0,0,0,0,0,0,0,0,0,0,0,0,0,0,0,65.31538461538462,5.134615384615387
9027-TMATR,0,0,1,0,43,1,1,78.8,3460.3,0,0,0,0,0,0,1,0,0,0,1,0,1,0,1,0,1,0,1,0,1,0,5,0,80.47209302325582,-1.672093023255826
5940-NFXKV,1,0,1,1,19,1,1,83.65,1465.75,1,0,1,1,0,0,0,0,0,0,0,0,0,0,0,0,1,0,0,0,1,0,1,0,77.14473684210526,6.5052631578947455
1941-HOSAM,1,0,1,1,1,1,1,90.1,90.1,0,0,0,1,0,0,0,0,0,0,0,0,0,0,1,0,1,0,0,0,1,0,2,1,90.1,0.0
9110-HSGTV,0,0,0,0,69,1,1,82.45,5555.3,0,0,0,0,0,0,1,0,0,0,1,0,1,0,1,0,1,0,1,1,0,0,5,0,80.51159420289855,1.9384057971014528
0704-VCUMB,0,0,1,0,61,1,0,20.25,1278.8,0,0,0,0,1,1,0,1,0,1,0,1,0,1,0,1,0,0,1,1,0,0,0,0,20.963934426229507,-0.7139344262295069
6171-ZTVYB,1,0,1,0,43,1,0,66.25,2907.35,0,0,1,0,0,0,1,0,1,0,0,0,1,0,0,0,0,0,0,0,0,0,3,0,67.61279069767441,-1.3627906976744129
8053-WWDRO,0,0,1,0,6,1,0,19.5,146.3,1,0,0,0,1,1,0,1,0,1,0,1,0,1,0,1,0,0,0,0,0,0,0,1,24.383333333333336,-4.883333333333336
9564-KCLHR,1,0,0,0,1,1,0,51.25,51.25,1,0,0,0,0,0,0,0,0,0,0,0,1,0,0,0,0,0,0,0,0,1,1,1,51.25,0.0
1935-IMVBB,1,0,1,0,56,1,0,89.7,4952.95,0,0,0,1,0,0,0,0,0,0,0,0,0,0,1,0,1,0,0,0,0,1,2,0,88.44553571428571,1.2544642857142918
2535-PBCGC,0,0,1,0,70,0,0,64.55,4504.9,0,1,0,0,0,0,1,0,1,0,1,0,1,0,1,0,1,0,1,0,0,0,6,0,64.35571428571428,0.19428571428571217
2082-CEFLT,1,0,0,0,1,1,1,45.6,45.6,1,0,0,0,0,0,0,0,0,0,0,0,0,0,0,0,0,0,0,0,1,0,0,1,45.6,0.0
1470-PSXNM,1,0,1,1,49,1,1,93.65,4520.15,0,0,1,1,0,0,0,0,1,0,1,0,0,0,1,0,0,1,0,0,1,0,3,0,92.24795918367346,1.4020408163265472
1213-NGCUN,0,0,0,0,6,1,1,49.65,267.35,1,0,0,0,0,0,0,0,0,0,0,0,1,0,0,0,0,0,0,0,0,0,1,1,44.55833333333334,5.0916666666666615
2498-XLDZR,0,0,1,1,32,1,0,73.6,2316.85,0,0,0,0,0,0,1,0,1,0,1,0,1,0,0,0,1,0,1,0,0,1,5,0,72.4015625,1.1984374999999972
9866-OCCKE,0,1,1,0,72,1,1,109.75,8075.35,0,0,1,1,0,0,1,0,0,0,1,0,1,0,1,0,1,0,1,0,0,1,5,0,112.1576388888889,-2.407638888888897
5338-YHWYT,1,0,0,1,37,1,0,61.45,2302.35,0,0,0,0,0,0,1,0,1,0,0,0,1,0,0,0,0,0,1,1,0,0,3,0,62.225675675675674,-0.7756756756756715
7718-UPSKJ,0,0,1,0,69,1,1,106.4,7251.9,0,0,0,1,0,0,1,0,1,0,0,0,1,0,1,0,1,1,0,1,0,0,5,0,105.1,1.3000000000000114
8731-WBBMB,0,0,1,0,26,1,0,81.9,2078.55,0,0,0,0,0,0,0,0,1,0,1,0,1,0,1,0,1,0,0,0,0,0,5,0,79.94423076923077,1.955769230769235
1448-CYWKC,0,0,1,1,58,1,1,105.2,6225.4,0,0,1,1,0,0,0,0,1,0,1,0,0,0,1,0,1,1,0,1,0,0,4,0,107.33448275862068,-2.1344827586206776
7901-IIDQV,1,0,0,0,24,1,0,54.6,1242.25,0,0,1,0,0,0,0,0,0,0,0,0,1,0,0,0,0,1,0,0,0,0,1,0,51.760416666666664,2.839583333333337
2690-DVRVK,1,0,1,1,5,1,0,20.55,99.45,0,0,0,0,1,1,0,1,0,1,0,1,0,1,0,1,0,1,0,0,1,0,0,1,19.89,0.6600000000000001
5688-KZTSN,1,0,1,1,15,1,1,20.0,288.05,1,0,0,0,1,1,0,1,0,1,0,1,0,1,0,1,0,0,0,0,1,0,0,0,19.203333333333333,0.7966666666666669
1270-XKUCC,0,0,1,1,30,1,0,19.7,599.25,0,0,0,0,1,1,0,1,0,1,0,1,0,1,0,1,0,0,1,0,0,1,0,0,19.975,-0.27500000000000213
0334-ZFJSR,0,0,1,0,55,1,1,66.05,3462.1,0,0,1,0,0,0,1,0,1,0,0,0,1,0,0,0,0,1,0,1,0,0,3,0,62.947272727272725,3.1027272727272717
2894-QOJRX,0,0,1,0,25,0,1,34.0,853.0,1,1,0,0,0,0,0,0,0,0,0,0,0,0,1,0,0,0,0,0,0,0,1,0,34.12,-0.11999999999999744
5747-PMBSQ,1,1,1,0,10,1,1,92.5,934.1,1,0,0,1,0,0,0,0,1,0,1,0,1,0,1,0,0,0,0,0,0,1,4,1,93.41,-0.9099999999999966
5583-EJXRD,1,0,1,1,44,0,1,54.05,2375.2,0,1,0,0,0,0,1,0,1,0,1,0,1,0,0,0,1,0,1,1,0,0,5,0,53.98181818181818,0.06818181818182012
4565-EVZMJ,0,0,0,0,47,1,1,58.9,2813.05,0,0,0,0,0,0,1,0,1,0,0,0,1,0,0,0,0,1,0,0,0,1,3,0,59.85212765957447,-0.9521276595744723
3143-JQEGI,0,0,1,1,13,1,0,88.35,1222.8,1,0,0,1,0,0,0,0,0,0,0,0,0,0,1,0,1,0,0,0,1,0,2,0,94.06153846153846,-5.711538461538467
6386-SZZKH,0,0,1,1,49,1,1,107.95,5293.2,1,0,1,1,0,0,0,0,1,0,1,0,1,0,1,0,1,0,1,0,0,0,5,0,108.02448979591837,-0.07448979591836746
3327-YBAKM,0,0,1,0,64,1,1,96.9,6314.35,0,0,0,1,0,0,1,0,0,0,0,0,1,0,1,0,1,1,0,0,0,1,4,0,98.66171875,-1.76171875
9441-QHEVC,1,0,0,0,1,1,0,19.1,19.1,0,0,0,0,1,1,0,1,0,1,0,1,0,1,0,1,0,0,0,0,0,1,0,1,19.1,0.0
6705-LNMDD,1,0,0,0,20,1,0,50.0,1003.05,0,0,0,0,0,0,0,0,0,0,0,0,1,0,0,0,0,0,0,0,0,1,1,0,50.152499999999996,-0.1524999999999963
2580-ASVVY,0,0,1,0,37,0,0,45.4,1593.1,0,1,0,0,0,0,1,0,0,0,0,0,1,0,1,0,0,0,1,0,1,0,3,0,43.056756756756755,2.3432432432432435
3370-GQEAL,1,0,1,1,30,1,0,85.45,2509.95,0,0,1,1,0,0,0,0,0,0,0,0,0,0,1,0,0,0,0,0,1,0,1,0,83.66499999999999,1.7850000000000108
5032-USPKF,0,0,0,0,38,1,0,84.1,3187.65,0,0,1,0,0,0,1,0,1,0,1,0,0,0,1,0,1,1,0,0,0,0,5,0,83.88552631578948,0.2144736842105175
2982-IHMFT,0,1,0,0,1,1,1,74.45,74.45,1,0,1,1,0,0,0,0,0,0,0,0,0,0,0,0,0,0,0,0,0,1,0,1,74.45,0.0
3521-SYVOR,0,0,0,0,37,1,1,64.75,2345.2,1,0,0,0,0,0,0,0,0,0,0,0,0,0,1,0,1,0,0,0,1,0,2,0,63.38378378378378,1.3662162162162232
4254-QPEDE,0,0,1,0,52,0,0,66.25,3330.1,0,1,0,0,0,0,1,0,1,0,1,0,1,0,1,0,1,0,1,1,0,0,6,0,64.04038461538461,2.2096153846153896
6283-GITPX,1,0,0,1,71,1,1,76.9,5522.7,0,0,0,0,0,0,1,0,1,0,1,0,1,0,1,0,0,0,1,1,0,0,5,0,77.78450704225352,-0.8845070422535173
9526-JAWYF,1,0,0,0,26,1,0,89.8,2335.3,1,0,0,1,0,0,0,0,1,0,1,0,0,0,1,0,0,0,0,0,1,0,3,0,89.81923076923077,-0.019230769230773603
0771-CHWSK,1,0,0,0,66,1,1,74.6,4798.4,0,0,1,0,0,0,1,0,1,0,1,0,0,0,0,0,1,0,1,1,0,0,4,0,72.7030303030303,1.8969696969696912
9788-HNGUT,1,0,1,0,72,1,1,116.95,8594.4,0,0,1,1,0,0,1,0,1,0,1,0,1,0,1,0,1,0,1,1,0,0,6,0,119.36666666666666,-2.416666666666657
9495-REDIY,1,0,0,1,25,0,1,40.65,970.55,0,1,0,0,0,0,1,0,0,0,0,0,0,0,1,0,0,1,0,1,0,0,2,0,38.821999999999996,1.828000000000003
5375-XLDOF,1,0,1,1,69,1,1,114.35,7665.8,0,0,1,1,0,0,1,0,1,0,1,0,1,0,1,0,1,0,1,0,0,0,6,0,111.09855072463769,3.2514492753623045
1172-VIYBP,1,0,1,1,53,1,0,69.7,3686.05,0,0,1,0,0,0,1,0,1,0,0,0,0,0,0,0,1,0,1,0,0,0,3,0,69.54811320754717,0.151886792452828
5649-VUKMC,0,0,0,0,12,1,0,95.5,1115.15,1,0,0,1,0,0,0,0,0,0,1,0,0,0,1,0,1,1,0,0,0,1,3,1,92.92916666666667,2.5708333333333258
6559-PDZLR,1,0,0,0,26,1,1,98.65,2537.0,0,0,0,1,0,0,0,0,0,0,1,0,1,0,1,0,1,0,0,0,1,0,4,0,97.57692307692308,1.0730769230769255
8992-OBVDG,1,0,0,0,21,1,0,61.65,1393.6,0,0,0,0,0,0,0,0,0,0,1,0,0,0,0,0,1,0,0,0,0,1,2,0,66.36190476190475,-4.711904761904755
4273-MBHYA,0,0,0,1,1,1,1,89.35,89.35,0,0,0,1,0,0,0,0,0,0,0,0,0,0,1,0,1,0,0,0,1,0,2,1,89.35,0.0
4724-WXVWF,1,0,0,0,48,1,1,95.4,4445.3,0,0,1,1,0,0,1,0,0,0,0,0,1,0,0,0,1,0,0,0,1,0,3,0,92.61041666666667,2.78958333333334
5701-GUXDC,0,0,1,0,26,0,0,35.4,978.6,0,1,0,0,0,0,1,0,0,0,1,0,0,0,0,0,0,1,0,1,0,0,2,0,37.63846153846154,-2.238461538461543
1460-UZPRJ,1,0,1,0,60,1,0,19.95,1258.15,0,0,0,0,1,1,0,1,0,1,0,1,0,1,0,1,0,0,1,0,0,1,0,0,20.96916666666667,-1.0191666666666706
6082-GLJIX,1,0,0,0,18,1,0,19.25,331.35,0,0,0,0,1,1,0,1,0,1,0,1,0,1,0,1,0,0,0,0,0,1,0,0,18.408333333333335,0.841666666666665
5143-EGQFK,0,1,0,0,10,0,1,29.65,291.4,1,1,0,0,0,0,0,0,0,0,0,0,1,0,0,0,0,0,0,0,1,0,1,1,29.139999999999997,0.5100000000000016
4919-IKATY,1,0,1,1,5,1,1,84.5,453.75,1,0,1,1,0,0,1,0,0,0,1,0,0,0,0,0,0,0,0,0,1,0,2,1,90.75,-6.25
2495-TTHBQ,0,0,0,1,4,1,1,20.4,84.75,0,0,0,0,1,1,0,1,0,1,0,1,0,1,0,1,0,1,0,0,0,1,0,1,21.1875,-0.7875000000000014
0485-ZBSLN,1,0,1,1,65,1,0,24.75,1715.1,0,0,1,0,1,1,0,1,0,1,0,1,0,1,0,1,0,0,1,1,0,0,0,0,26.386153846153846,-1.6361538461538458
3810-PJUHR,1,0,1,1,70,1,0,25.35,1715.15,0,0,1,0,1,1,0,1,0,1,0,1,0,1,0,1,0,0,1,0,0,1,0,0,24.502142857142857,0.8478571428571442
9050-QLROH,1,0,0,0,18,1,1,90.7,1597.25,1,0,1,1,0,0,0,0,0,0,1,0,0,0,0,0,1,0,0,1,0,0,2,0,88.73611111111111,1.9638888888888886
0847-HGRML,1,0,0,1,62,1,0,20.0,1250.1,0,0,0,0,1,1,0,1,0,1,0,1,0,1,0,1,0,0,1,0,0,0,0,0,20.16290322580645,-0.16290322580644911
8232-CTLKO,0,0,1,1,66,1,1,59.75,3996.8,0,0,0,0,0,0,1,0,0,0,0,0,0,0,1,0,0,0,1,0,1,0,2,0,60.55757575757576,-0.807575757575762
9227-YBAXE,0,0,1,1,65,1,1,82.5,5215.1,0,0,1,0,0,0,1,0,1,0,0,0,1,0,1,0,1,0,1,0,0,0,5,0,80.2323076923077,2.2676923076923003
6168-WFVVF,0,1,0,0,3,1,1,70.3,235.5,1,0,0,1,0,0,0,0,0,0,0,0,0,0,0,0,0,0,0,0,1,0,0,1,78.5,-8.200000000000003
9860-LISIZ,0,0,0,0,34,1,0,20.35,673.2,0,0,0,0,1,1,0,1,0,1,0,1,0,1,0,1,0,0,0,0,0,1,0,0,19.8,0.5500000000000007
0112-QAWRZ,1,0,1,1,16,1,1,90.8,1442.2,0,0,1,1,0,0,0,0,0,0,1,0,0,0,1,0,0,0,0,0,0,0,2,0,90.1375,0.6624999999999943
0877-SDMBN,0,0,0,0,54,1,1,103.95,5639.05,1,0,1,1,0,0,1,0,0,0,1,0,0,0,1,0,1,1,0,0,0,0,4,0,104.42685185185185,-0.47685185185184764
2786-GCDPI,0,1,0,0,50,1,1,104.95,5222.35,0,0,1,1,0,0,0,0,0,0,1,0,1,0,1,0,1,0,0,0,1,0,4,0,104.447,0.5030000000000001
4043-MKDTV,1,0,1,0,71,1,1,105.25,7291.75,0,0,0,1,0,0,0,0,1,0,1,0,1,0,1,0,1,0,1,0,1,0,5,0,102.70070422535211,2.549295774647888
8065-YKXKD,0,0,0,0,10,1,1,74.75,799.65,1,0,1,1,0,0,0,0,0,0,0,0,0,0,0,0,0,0,0,0,1,0,0,1,79.965,-5.215000000000003
9637-EIHEQ,0,0,0,0,1,1,1,50.8,50.8,1,0,0,0,0,0,0,0,0,0,0,0,1,0,0,0,0,0,0,0,1,0,1,1,50.8,0.0
9229-RQABD,1,0,0,0,18,1,0,23.75,424.5,0,0,1,0,1,1,0,1,0,1,0,1,0,1,0,1,0,1,0,0,0,1,0,0,23.583333333333332,0.16666666666666785
8313-KTIHG,1,0,0,0,4,1,1,61.3,249.4,0,0,0,0,0,0,0,0,0,0,0,0,1,0,1,0,0,0,0,0,1,0,2,1,62.35,-1.0500000000000043
5320-BRKGK,0,0,1,1,58,1,0,75.8,4415.75,0,0,1,0,0,0,1,0,0,0,1,0,1,0,1,0,0,0,1,0,0,1,4,0,76.13362068965517,-0.3336206896551772
6284-KMNUF,0,0,1,0,56,1,1,98.0,5270.6,0,0,1,1,0,0,1,0,0,0,0,0,0,0,1,0,1,1,0,0,1,0,3,0,94.11785714285715,3.8821428571428527
9689-PTNPG,1,0,0,0,2,1,1,80.25,144.55,1,0,0,1,0,0,0,0,0,0,0,0,0,0,1,0,0,0,0,0,1,0,1,1,72.275,7.974999999999994
9465-RWMXL,1,0,1,0,32,1,1,78.9,2447.95,1,0,1,1,0,0,0,0,0,0,1,0,0,0,0,0,0,0,0,0,1,0,1,0,76.4984375,2.4015625000000114
6229-UOLQL,1,0,1,1,56,0,1,52.0,2884.9,0,1,0,0,0,0,1,0,1,0,0,0,1,0,1,0,0,1,0,0,0,1,4,0,51.51607142857143,0.4839285714285708
2362-IBOOY,1,0,0,0,36,1,1,84.75,3050.15,1,0,1,1,0,0,0,0,0,0,0,0,0,0,0,0,1,0,0,0,1,0,1,0,84.72638888888889,0.023611111111108585
3137-LUPIX,0,0,0,0,4,1,1,64.4,253.0,0,0,1,0,0,0,0,0,0,0,0,0,1,0,1,0,0,0,0,0,0,1,2,1,63.25,1.1500000000000057
0843-WTBXE,1,0,0,0,53,1,0,85.45,4517.25,1,0,1,1,0,0,0,0,0,0,0,0,0,0,1,0,0,0,0,0,0,0,1,0,85.23113207547169,0.21886792452831116
6143-JQKEA,1,0,0,0,10,1,1,45.8,436.2,0,0,0,0,0,0,0,0,0,0,0,0,0,0,0,0,0,0,0,1,0,0,0,1,43.62,2.1799999999999997
8676-OOQEJ,1,0,0,0,4,0,0,30.5,118.4,0,1,0,0,0,0,0,0,0,0,0,0,1,0,0,0,0,0,0,0,1,0,1,1,29.6,0.8999999999999986
5515-IDEJJ,1,0,1,1,1,1,0,19.9,19.9,1,0,0,0,1,1,0,1,0,1,0,1,0,1,0,1,0,0,0,0,0,1,0,1,19.9,0.0
9701-CDXHR,0,0,1,0,51,1,0,69.15,3649.6,0,0,0,1,0,0,0,0,0,0,0,0,0,0,0,0,0,0,0,0,0,1,0,0,71.56078431372549,-2.410784313725486
7450-NWRTR,1,1,0,0,12,1,1,99.45,1200.15,1,0,1,1,0,0,0,0,0,0,1,0,0,0,1,0,1,0,0,0,1,0,3,1,100.0125,-0.5625
8124-NZVGJ,0,0,0,0,6,0,1,49.25,255.6,0,1,0,0,0,0,0,0,0,0,0,0,1,0,1,0,1,1,0,0,0,1,3,1,42.6,6.649999999999999
2162-FRZAA,1,0,1,1,63,0,0,39.35,2395.05,0,1,0,0,0,0,0,0,1,0,1,0,1,0,0,0,0,0,1,0,0,0,3,0,38.01666666666667,1.3333333333333286
5376-DEQCP,0,0,0,0,1,1,1,70.6,70.6,1,0,0,1,0,0,0,0,0,0,0,0,0,0,0,0,0,0,0,0,1,0,0,1,70.6,0.0
5118-MUEYH,0,0,1,0,48,1,1,105.1,5083.55,0,0,1,1,0,0,0,0,1,0,0,0,1,0,1,0,1,0,0,1,0,0,4,0,105.90729166666667,-0.8072916666666714
9095-HFAFX,0,0,0,0,5,1,1,81.0,389.6,1,0,0,1,0,0,0,0,0,0,0,0,0,0,1,0,0,0,0,1,0,0,1,1,77.92,3.0799999999999983
5627-TVBPP,0,0,0,1,35,1,1,20.1,644.5,0,0,0,0,1,1,0,1,0,1,0,1,0,1,0,1,0,1,0,1,0,0,0,0,18.414285714285715,1.6857142857142868
2379-ENZGV,1,0,0,0,6,1,1,84.85,523.5,1,0,0,1,0,0,0,0,1,0,0,0,0,0,1,0,0,0,0,0,1,0,2,1,87.25,-2.4000000000000057
3936-QQFLL,1,0,0,0,2,1,0,19.75,39.3,0,0,0,0,1,1,0,1,0,1,0,1,0,1,0,1,0,0,0,0,0,1,0,1,19.65,0.10000000000000142
2589-AYCRP,0,0,0,0,50,1,0,19.75,989.05,0,0,0,0,1,1,0,1,0,1,0,1,0,1,0,1,0,1,0,0,0,0,0,0,19.781,-0.030999999999998806
4067-HLYQI,0,0,0,0,33,1,1,70.4,2406.1,0,0,0,1,0,0,0,0,0,0,0,0,0,0,0,0,0,0,0,0,0,0,0,0,72.9121212121212,-2.512121212121201
5124-EOGYE,1,0,0,0,31,1,0,20.45,638.55,0,0,0,0,1,1,0,1,0,1,0,1,0,1,0,1,0,0,1,0,0,1,0,0,20.598387096774193,-0.1483870967741936
5057-RKGLH,0,0,1,1,9,1,0,20.35,191.1,0,0,0,0,1,1,0,1,0,1,0,1,0,1,0,1,0,0,1,0,0,1,0,1,21.233333333333334,-0.8833333333333329
0292-WEGCH,0,0,1,1,54,1,1,86.2,4524.05,0,0,1,0,0,0,0,0,1,0,1,0,1,0,1,0,1,0,0,0,1,0,5,0,83.77870370370371,2.4212962962962905
8910-ICHIU,0,0,0,0,46,1,1,95.65,4664.2,0,0,0,1,0,0,1,0,1,0,1,0,0,0,1,0,0,1,0,1,0,0,4,0,101.39565217391304,-5.7456521739130295
4097-YODCF,1,0,0,1,34,1,1,103.8,3470.8,0,0,1,1,0,0,1,0,1,0,0,0,0,0,1,0,1,1,0,0,1,0,4,0,102.08235294117648,1.7176470588235162
9715-WZCLW,1,0,1,1,71,1,1,97.2,6910.3,0,0,1,1,0,0,1,0,0,0,0,0,0,0,1,0,1,0,1,0,1,0,3,0,97.32816901408451,-0.12816901408450576
9786-YWNHU,0,0,1,1,63,1,0,63.55,4014.2,0,0,0,0,0,0,1,0,1,0,1,0,1,0,0,0,0,0,1,0,0,1,4,0,63.717460317460315,-0.16746031746031775
6407-GSJNL,0,0,0,0,51,1,0,24.95,1288.0,0,0,1,0,1,1,0,1,0,1,0,1,0,1,0,1,0,0,1,0,0,0,0,0,25.254901960784313,-0.30490196078431353
6005-OBZPH,0,1,0,0,26,1,1,89.15,2277.65,1,0,1,1,0,0,0,0,1,0,0,0,0,0,1,0,0,0,0,0,1,0,2,0,87.60192307692309,1.5480769230769198
4049-ZPALD,0,0,1,0,64,1,1,99.0,6375.8,0,0,0,1,0,0,1,0,0,0,1,0,0,0,1,0,1,0,1,0,0,0,4,0,99.621875,-0.6218750000000028
7932-WPTDS,0,1,1,0,1,0,1,24.8,24.8,1,1,0,0,0,0,0,0,0,0,0,0,0,0,0,0,0,0,0,0,1,0,0,1,24.8,0.0
3733-UOCWF,1,1,1,0,61,1,1,85.55,5251.75,0,0,1,1,0,0,0,0,1,0,0,0,1,0,0,0,0,1,0,0,0,0,2,0,86.09426229508196,-0.544262295081964
6833-JMZYP,0,0,0,0,15,1,1,94.0,1505.45,0,0,0,1,0,0,0,0,0,0,1,0,0,0,1,0,1,0,0,1,0,0,3,0,100.36333333333333,-6.36333333333333
2722-VOJQL,1,0,0,0,64,1,1,105.65,6903.1,1,0,1,1,0,0,0,0,1,0,0,0,1,0,1,0,1,1,0,1,0,0,4,0,107.8609375,-2.2109375
1310-QRITU,0,0,0,0,18,1,1,50.3,913.3,0,0,1,0,0,0,0,0,0,0,0,0,0,0,0,0,0,0,0,0,1,0,0,0,50.73888888888889,-0.43888888888889
8961-QDZZJ,0,0,1,1,57,1,1,95.0,5535.8,0,0,0,1,0,0,0,0,1,0,0,0,0,0,1,0,1,1,0,0,1,0,3,0,97.11929824561403,-2.119298245614033
9715-SBVSU,1,0,1,1,14,1,1,61.4,815.55,0,0,0,0,0,0,1,0,1,0,0,0,0,0,0,0,1,0,1,0,0,0,3,0,58.253571428571426,3.1464285714285722
8490-BXHEO,1,1,0,0,18,1,1,80.55,1411.65,0,0,1,1,0,0,0,0,1,0,0,0,0,0,0,0,0,0,0,1,0,0,1,0,78.42500000000001,2.124999999999986
7173-TETGO,0,1,1,0,72,1,0,78.5,5602.25,0,0,1,1,0,0,1,0,0,0,0,0,0,0,0,0,0,0,1,0,0,0,1,0,77.80902777777777,0.6909722222222285
7929-SKFGK,1,0,1,0,70,1,0,114.3,8244.3,0,0,1,1,0,0,1,0,1,0,1,0,1,0,1,0,1,0,1,1,0,0,6,0,117.77571428571427,-3.4757142857142753
2300-RQGOI,0,0,0,0,38,1,0,20.05,741.5,0,0,0,0,1,1,0,1,0,1,0,1,0,1,0,1,0,0,1,0,0,1,0,0,19.513157894736842,0.5368421052631582
3563-SVYLG,1,0,1,1,68,1,0,62.65,4375.8,0,0,0,0,0,0,1,0,1,0,1,0,1,0,0,0,0,0,1,1,0,0,4,0,64.35000000000001,-1.70000000000001
5228-EXCET,1,0,0,0,13,1,1,80.85,1008.7,1,0,0,1,0,0,0,0,0,0,0,0,0,0,0,0,1,0,0,0,1,0,1,0,77.5923076923077,3.2576923076922952
6435-VWCCY,1,1,1,0,65,1,1,92.7,5968.4,0,0,1,1,0,0,1,0,1,0,0,0,0,0,1,0,0,0,1,1,0,0,3,0,91.82153846153845,0.8784615384615506
4998-IKFSE,0,0,0,0,30,1,0,100.45,3096.9,0,0,1,1,0,0,0,0,0,0,1,0,0,0,1,0,1,0,0,0,1,0,3,0,103.23,-2.780000000000001
8630-QSGXK,1,0,1,0,51,1,1,75.2,3901.25,0,0,1,0,0,0,0,0,0,0,0,0,1,0,1,0,1,0,1,0,0,0,3,0,76.49509803921569,-1.295098039215688
2455-USLMV,0,0,0,0,31,1,1,84.75,2613.4,0,0,1,1,0,0,1,0,0,0,1,0,0,0,0,0,0,0,0,1,0,0,2,0,84.30322580645162,0.44677419354837866
7394-FKDNK,0,0,1,0,9,1,0,89.45,853.1,1,0,0,1,0,0,0,0,0,0,0,0,0,0,1,0,1,0,0,0,1,0,2,1,94.78888888888889,-5.338888888888889
9488-FVZCC,0,0,1,1,72,1,1,79.5,5661.7,0,0,1,0,0,0,1,0,1,0,1,0,1,0,0,0,1,0,1,0,0,0,5,0,78.63472222222222,0.8652777777777771
6331-LWDTQ,1,0,0,0,10,1,1,72.15,794.25,1,0,1,0,0,0,0,0,0,0,0,0,0,0,1,0,1,0,0,1,0,0,2,1,79.425,-7.2749999999999915
5995-WWKKG,0,0,0,0,37,1,1,19.8,695.05,0,0,0,0,1,1,0,1,0,1,0,1,0,1,0,1,0,1,0,0,1,0,0,0,18.785135135135135,1.0148648648648653
1597-FZREH,0,0,0,0,2,1,0,76.4,160.8,1,0,0,0,0,0,0,0,0,0,1,0,1,0,1,0,1,0,0,0,1,0,4,1,80.4,-4.0
7879-CGSFV,1,0,0,0,55,1,1,100.9,5552.05,0,0,0,1,0,0,1,0,1,0,0,0,0,0,1,0,1,1,0,0,0,1,4,0,100.94636363636364,-0.04636363636363683
9921-EZKBY,1,0,0,1,33,1,1,95.3,3275.15,0,0,1,1,0,0,1,0,0,0,1,0,0,0,0,0,1,0,0,0,0,0,3,0,99.2469696969697,-3.9469696969697026
7432-FFVAR,0,0,1,1,46,1,0,90.95,4236.6,0,0,0,1,0,0,0,0,0,0,1,0,1,0,0,0,1,1,0,0,0,0,3,0,92.10000000000001,-1.1500000000000057
7246-ZGQDF,0,0,0,1,1,1,0,54.5,54.5,0,0,0,0,0,0,1,0,0,0,0,0,1,0,0,0,0,0,0,0,1,0,2,1,54.5,0.0
7000-WCEVQ,0,1,0,0,20,1,1,61.6,1174.35,1,0,1,0,0,0,0,0,0,0,0,0,0,0,0,0,1,0,0,0,0,1,1,0,58.717499999999994,2.8825000000000074
0727-IWKVK,1,0,1,0,9,1,1,79.9,741.7,1,0,0,1,0,0,0,0,1,0,1,0,0,0,0,0,0,0,0,0,1,0,2,1,82.41111111111111,-2.5111111111111057
5959-BELXA,1,1,0,0,32,1,1,96.15,3019.25,1,0,1,1,0,0,0,0,0,0,0,0,0,0,1,0,1,0,0,1,0,0,2,0,94.3515625,1.7984375000000057
4456-RHSNB,0,0,1,1,19,1,1,49.6,962.9,0,0,0,0,0,0,0,0,0,0,1,0,0,0,0,0,0,0,0,0,0,0,1,0,50.67894736842105,-1.0789473684210478
3512-IZIKN,0,0,1,0,70,1,0,65.3,4759.75,1,0,1,0,0,0,1,0,0,0,1,0,1,0,0,0,0,0,1,1,0,0,3,0,67.99642857142857,-2.6964285714285694
2481-SBOYW,0,0,0,1,61,1,1,25.0,1498.35,0,0,1,0,1,1,0,1,0,1,0,1,0,1,0,1,0,0,1,1,0,0,0,0,24.563114754098358,0.43688524590164235
7109-MFBYV,1,0,0,0,26,1,0,45.45,1233.15,0,0,0,0,0,0,0,0,0,0,0,0,0,0,0,0,0,0,0,0,1,0,0,0,47.42884615384616,-1.9788461538461561
1833-TCXKK,1,0,1,0,45,1,1,107.75,4882.8,0,0,1,1,0,0,0,0,1,0,1,0,0,0,1,0,1,0,0,0,0,0,4,0,108.50666666666667,-0.7566666666666748
1832-PEUTS,1,0,1,1,62,1,1,89.1,5411.65,0,0,1,1,0,0,0,0,0,0,1,0,0,0,1,0,0,0,1,1,0,0,2,0,87.28467741935484,1.8153225806451587
6141-OOXUQ,1,0,0,0,1,1,0,19.65,19.65,1,0,0,0,1,1,0,1,0,1,0,1,0,1,0,1,0,0,0,0,0,1,0,1,19.65,0.0
8660-BUETV,0,0,0,0,3,1,0,44.75,148.05,0,0,0,0,0,0,0,0,0,0,0,0,0,0,0,0,0,0,0,0,0,1,0,1,49.35,-4.600000000000001
0580-PIQHM,0,0,1,1,41,1,1,101.6,3930.55,0,0,1,1,0,0,1,0,1,0,1,0,0,0,0,0,1,1,0,0,0,0,4,0,95.86707317073171,5.73292682926828
5696-CEIQJ,1,0,1,1,67,1,0,103.15,6895.5,0,0,0,1,0,0,0,0,1,0,1,0,1,0,1,0,1,0,1,0,0,0,5,0,102.91791044776119,0.23208955223881844
7503-ZGUZJ,1,0,0,0,1,1,1,84.65,84.65,1,0,1,1,0,0,0,0,0,0,0,0,0,0,1,0,0,0,0,0,0,1,1,1,84.65,0.0
1696-HXOWK,0,0,1,0,71,1,0,95.65,6856.95,0,0,1,1,0,0,1,0,1,0,0,0,0,0,1,0,0,1,0,0,0,1,3,0,96.57676056338028,-0.9267605633802702
3026-ATZYV,0,0,1,1,37,1,0,75.1,2658.8,0,0,0,0,0,0,1,0,1,0,0,0,0,0,1,0,1,1,0,0,0,0,4,0,71.85945945945946,3.240540540540536
4012-YCFAI,1,0,1,0,60,1,1,61.35,3766.2,0,0,0,0,0,0,1,0,1,0,0,0,1,0,0,0,0,0,1,0,0,1,3,0,62.769999999999996,-1.4199999999999946
2506-TNFCO,0,1,1,0,1,1,1,69.55,69.55,1,0,0,1,0,0,0,0,0,0,0,0,0,0,0,0,0,0,0,0,1,0,0,1,69.55,0.0
9970-QBCDA,0,0,0,0,6,1,0,19.7,129.55,0,0,0,0,1,1,0,1,0,1,0,1,0,1,0,1,0,0,0,1,0,0,0,1,21.59166666666667,-1.8916666666666693
8718-PTMEZ,0,0,0,0,13,0,1,31.05,347.25,1,1,0,0,0,0,0,0,1,0,0,0,0,0,0,0,0,0,0,0,1,0,1,0,26.71153846153846,4.338461538461541
9496-IVVRP,0,0,1,1,11,1,0,51.0,581.7,0,0,0,0,0,0,1,0,0,0,0,0,0,0,0,0,0,0,0,0,0,0,1,1,52.88181818181818,-1.8818181818181827
2207-OBZNX,1,0,0,0,7,1,1,51.0,354.05,1,0,0,0,0,0,1,0,0,0,0,0,0,0,0,0,0,0,0,0,0,1,1,1,50.57857142857143,0.4214285714285708
2657-VPXTA,0,0,1,1,10,1,1,88.85,929.45,0,0,0,1,0,0,0,0,0,0,0,0,0,0,1,0,1,0,0,0,1,0,2,1,92.94500000000001,-4.095000000000013
6551-VLJMV,1,0,1,0,34,1,0,20.05,679.0,0,0,0,0,1,1,0,1,0,1,0,1,0,1,0,1,0,0,1,1,0,0,0,0,19.970588235294116,0.07941176470588474
1221-GHZEP,0,0,0,0,62,1,1,65.1,3846.75,0,0,0,0,0,0,1,0,0,0,0,0,1,0,0,0,1,0,1,0,0,1,3,0,62.04435483870968,3.0556451612903146
9289-LBQVU,1,0,1,0,64,1,1,70.15,4480.7,0,0,1,0,0,0,0,0,1,0,0,0,1,0,0,0,1,1,0,0,0,1,3,0,70.0109375,0.13906250000000853
6142-VSJQO,0,0,1,1,1,1,1,44.35,44.35,1,0,0,0,0,0,0,0,0,0,0,0,0,0,0,0,0,0,0,0,0,0,0,1,44.35,0.0
3458-IDMFK,1,0,0,0,25,1,1,20.75,499.4,0,0,0,0,1,1,0,1,0,1,0,1,0,1,0,1,0,0,1,0,0,1,0,0,19.976,0.7740000000000009
6933-FHBZC,0,0,0,0,26,1,1,56.05,1553.2,0,0,0,0,0,0,0,0,1,0,1,0,0,0,0,0,0,1,0,0,0,1,2,0,59.73846153846154,-3.688461538461546
0221-NAUXK,1,0,0,1,10,1,1,19.95,219.5,0,0,0,0,1,1,0,1,0,1,0,1,0,1,0,1,0,1,0,0,0,0,0,1,21.95,-2.0
9770-KXGQU,0,0,0,0,53,1,0,98.6,5311.85,0,0,1,1,0,0,1,0,1,0,1,0,0,0,1,0,0,1,0,0,0,1,4,0,100.22358490566039,-1.623584905660394
6437-UKHMV,0,0,0,0,7,1,1,79.7,586.05,1,0,0,1,0,0,0,0,0,0,0,0,0,0,1,0,0,0,0,0,1,0,1,1,83.72142857142856,-4.021428571428558
6538-POCHL,1,0,0,0,33,1,1,79.0,2576.8,0,0,0,1,0,0,0,0,1,0,1,0,0,0,0,0,0,0,0,1,0,0,2,0,78.0848484848485,0.9151515151515071
6726-NNFWD,0,1,1,0,71,1,0,89.45,6435.25,0,0,0,1,0,0,0,0,1,0,1,0,0,0,0,0,1,0,1,1,0,0,3,0,90.63732394366197,-1.1873239436619656
3002-WQZWT,0,0,0,0,29,1,1,74.2,1993.25,0,0,1,1,0,0,0,0,0,0,0,0,0,0,0,0,0,0,0,0,1,0,0,0,68.73275862068965,5.467241379310352
4277-UDIEF,1,0,1,1,24,1,0,81.0,1923.85,0,0,1,0,0,0,1,0,0,0,0,0,1,0,1,0,1,0,0,0,0,0,4,0,80.16041666666666,0.8395833333333371
1208-NBVFH,1,0,1,1,20,1,1,49.6,939.8,0,0,0,0,0,0,0,0,0,0,1,0,0,0,0,0,0,0,0,0,1,0,1,0,46.989999999999995,2.6100000000000065
4912-PIGUY,0,0,0,0,1,1,1,84.6,84.6,0,0,1,1,0,0,0,0,0,0,0,0,0,0,1,0,0,0,0,0,1,0,1,1,84.6,0.0
1114-CENIM,1,0,0,1,54,1,1,55.0,3092.65,1,0,1,0,0,0,0,0,1,0,0,0,0,0,0,0,0,0,0,1,0,0,1,0,57.2712962962963,-2.271296296296299
6060-DRTNL,0,1,0,0,5,1,1,84.85,415.55,1,0,0,1,0,0,0,0,0,0,1,0,0,0,1,0,0,0,0,0,0,1,2,1,83.11,1.7399999999999949
2725-TTRIQ,0,0,1,1,72,1,1,84.2,5986.55,0,0,1,0,0,0,1,0,0,0,1,0,1,0,1,0,1,0,1,0,0,0,5,0,83.14652777777778,1.0534722222222257
3374-TTZTK,1,0,1,0,52,1,1,106.3,5487.0,0,0,0,1,0,0,1,0,1,0,1,0,1,0,1,0,1,0,1,0,1,0,6,0,105.51923076923077,0.7807692307692236
8990-ZXLSU,0,0,0,0,9,1,0,69.05,651.5,0,0,0,1,0,0,0,0,0,0,0,0,0,0,0,0,0,0,0,0,1,0,0,1,72.38888888888889,-3.3388888888888886
2275-RBYQS,0,0,0,0,1,1,1,45.4,45.4,0,0,0,0,0,0,0,0,0,0,0,0,0,0,0,0,0,0,0,0,0,1,0,1,45.4,0.0
8473-VUVJN,1,1,0,0,1,1,1,73.65,73.65,1,0,1,1,0,0,0,0,0,0,0,0,0,0,0,0,0,0,0,0,1,0,0,1,73.65,0.0
6289-CPNLD,1,0,1,1,33,1,1,73.9,2405.05,1,0,0,0,0,0,0,0,0,0,1,0,1,0,1,0,1,1,0,0,0,1,4,0,72.88030303030304,1.019696969696966
5536-SLHPM,0,0,1,0,55,1,1,77.75,4458.15,1,0,1,1,0,0,0,0,0,0,1,0,0,0,0,0,0,0,0,0,1,0,1,0,81.05727272727272,-3.307272727272718
4419-UJMUS,1,0,1,1,69,1,1,99.35,6856.45,0,0,1,1,0,0,0,0,0,0,0,0,1,0,1,0,1,0,1,0,1,0,3,0,99.36884057971014,-0.018840579710143857
7794-JASDG,1,0,0,0,1,1,1,50.75,50.75,0,0,0,0,0,0,1,0,0,0,0,0,0,0,0,0,0,0,0,0,0,1,1,1,50.75,0.0
7609-YBPXG,1,0,0,0,54,1,0,87.1,4735.2,0,0,1,0,0,0,1,0,0,0,1,0,1,0,1,0,1,0,1,0,0,0,5,0,87.68888888888888,-0.5888888888888886
5519-TEEUH,1,0,0,1,33,1,1,20.15,682.15,0,0,0,0,1,1,0,1,0,1,0,1,0,1,0,1,0,1,0,0,0,1,0,0,20.671212121212122,-0.5212121212121232
7856-GANIL,1,1,1,0,45,1,1,98.7,4525.8,0,0,1,1,0,0,0,0,1,0,1,0,1,0,1,0,0,1,0,0,0,0,4,0,100.57333333333334,-1.8733333333333348
0804-XBFBV,0,0,0,1,11,0,0,25.2,321.05,0,1,0,0,0,0,0,0,0,0,0,0,0,0,0,0,0,0,0,0,1,0,0,1,29.186363636363637,-3.986363636363638
2676-OXPPQ,1,0,0,0,6,1,1,55.7,335.65,0,0,0,0,0,0,1,0,1,0,0,0,0,0,0,0,0,0,0,0,0,0,2,1,55.94166666666666,-0.24166666666666003
3703-TTEPD,1,0,0,0,21,1,0,65.35,1424.4,0,0,0,0,0,0,1,0,0,0,1,0,0,0,1,0,0,0,0,0,0,0,3,0,67.82857142857144,-2.478571428571442
2799-TSLAG,0,0,1,1,65,1,1,25.3,1748.55,0,0,1,0,1,1,0,1,0,1,0,1,0,1,0,1,0,0,1,0,0,0,0,0,26.90076923076923,-1.600769230769231
0196-VULGZ,0,1,1,0,6,1,1,84.35,474.9,1,0,1,1,0,0,0,0,0,0,0,0,0,0,0,0,1,0,0,0,1,0,1,1,79.14999999999999,5.200000000000003
8837-VVWLQ,0,0,0,0,8,1,0,84.95,668.4,1,0,0,1,0,0,1,0,0,0,0,0,0,0,1,0,0,0,0,0,1,0,2,1,83.55,1.4000000000000057
2696-NARTR,1,0,0,0,11,1,1,73.85,926.25,1,0,0,1,0,0,0,0,0,0,0,0,1,0,0,0,0,0,0,0,1,0,1,1,84.20454545454545,-10.354545454545459
2208-NKVVH,1,0,1,1,43,1,0,24.25,1077.95,0,0,1,0,1,1,0,1,0,1,0,1,0,1,0,1,0,0,1,0,0,1,0,0,25.06860465116279,-0.81860465116279
7614-QVWQL,1,0,1,1,49,0,1,51.8,2541.25,1,1,0,0,0,0,0,0,1,0,0,0,0,0,1,0,1,1,0,0,0,0,3,0,51.86224489795919,-0.062244897959189416
1976-CFOCS,0,1,1,0,1,1,0,46.0,46.0,1,0,0,0,0,0,0,0,0,0,0,0,0,0,0,0,0,0,0,0,1,0,0,1,46.0,0.0
4631-OACRM,1,1,0,0,15,1,1,79.4,1156.1,1,0,0,1,0,0,0,0,0,0,0,0,0,0,0,0,1,0,0,0,1,0,1,0,77.07333333333332,2.326666666666682
7139-JZFVG,1,0,1,1,60,1,0,60.5,3694.45,0,0,0,0,0,0,1,0,1,0,1,0,0,0,0,0,0,0,1,0,0,0,3,0,61.57416666666666,-1.0741666666666632
4987-GQWPO,1,0,0,0,17,0,0,25.1,382.8,0,1,0,0,0,0,0,0,0,0,0,0,0,0,0,0,0,0,0,1,0,0,0,0,22.51764705882353,2.5823529411764703
3755-JBMNH,1,1,1,0,16,1,1,71.8,1167.8,1,0,0,1,0,0,0,0,0,0,0,0,0,0,0,0,0,0,0,0,0,0,0,0,72.9875,-1.1875
1757-TCATG,1,0,1,1,35,1,0,20.05,746.75,0,0,0,0,1,1,0,1,0,1,0,1,0,1,0,1,0,1,0,0,0,0,0,0,21.335714285714285,-1.2857142857142847
6345-ULYRW,1,1,1,0,44,1,0,88.4,3912.9,1,0,1,1,0,0,0,0,1,0,0,0,0,0,0,0,1,1,0,0,0,1,2,0,88.92954545454546,-0.5295454545454561
4776-XSKYQ,0,0,1,1,12,0,0,30.25,368.85,0,1,0,0,0,0,0,0,0,0,0,0,1,0,0,0,0,1,0,1,0,0,1,1,30.7375,-0.4875000000000007
8048-DSDFQ,1,0,0,0,1,1,0,20.2,20.2,0,0,0,0,1,1,0,1,0,1,0,1,0,1,0,1,0,0,0,0,0,1,0,1,20.2,0.0
5753-QQWPW,0,0,0,0,28,1,1,59.9,1654.7,0,0,0,0,0,0,1,0,1,0,0,0,1,0,0,0,0,1,0,0,1,0,3,0,59.096428571428575,0.8035714285714235
6010-DDPPW,1,0,1,0,70,1,0,25.15,1940.85,0,0,1,0,1,1,0,1,0,1,0,1,0,1,0,1,0,0,1,0,0,0,0,0,27.72642857142857,-2.576428571428572
1809-DMJHQ,0,0,0,1,5,1,0,46.0,221.7,1,0,0,0,0,0,0,0,0,0,0,0,0,0,0,0,0,0,0,0,0,1,0,1,44.339999999999996,1.6600000000000037
6693-FRIRW,1,0,0,0,18,1,0,101.3,1794.65,0,0,0,1,0,0,0,0,1,0,1,0,0,0,1,0,1,0,0,1,0,0,4,0,99.70277777777778,1.5972222222222143
6586-MYGKD,1,0,1,0,70,1,1,76.95,5289.8,0,0,1,0,0,0,1,0,0,0,0,0,1,0,1,0,1,0,1,1,0,0,4,0,75.56857142857143,1.3814285714285717
3173-NVMPX,0,0,1,1,9,1,1,55.3,501.2,0,0,1,0,0,0,0,0,1,0,0,0,0,0,0,0,0,0,0,0,0,1,1,1,55.68888888888889,-0.38888888888889284
0248-PGHBZ,0,1,0,0,67,1,1,92.45,6140.85,0,0,0,1,0,0,1,0,1,0,0,0,1,0,1,0,0,0,1,0,0,0,4,0,91.65447761194031,0.7955223880596947
0623-GDISB,0,0,0,0,1,1,1,48.45,48.45,0,0,0,0,0,0,1,0,0,0,0,0,0,0,0,0,0,0,0,0,0,0,1,1,48.45,0.0
2892-GESUL,0,0,1,1,18,1,0,19.35,309.25,0,0,0,0,1,1,0,1,0,1,0,1,0,1,0,1,0,0,1,0,0,1,0,0,17.180555555555557,2.1694444444444443
6923-EFPNL,1,0,0,0,4,1,0,51.75,201.1,1,0,1,0,0,0,0,0,0,0,0,0,0,0,0,0,0,0,0,1,0,0,0,1,50.275,1.4750000000000014
7472-EQOAV,1,1,1,1,71,1,1,86.7,6179.35,0,0,0,1,0,0,1,0,1,0,1,0,0,0,0,0,0,1,0,0,0,0,3,0,87.0330985915493,-0.33309859154930166
9574-RKJIF,1,0,1,1,30,1,1,94.4,2838.7,1,0,1,1,0,0,1,0,1,0,0,0,0,0,1,0,0,0,0,0,1,0,3,0,94.62333333333332,-0.22333333333331495
2043-WVTQJ,1,0,1,0,1,1,0,55.7,55.7,0,0,0,0,0,0,1,0,0,0,1,0,0,0,0,0,0,0,0,0,0,1,2,1,55.7,0.0
8034-RYTVV,0,0,0,0,55,1,1,84.25,4589.85,0,0,1,1,0,0,1,0,0,0,1,0,0,0,0,0,0,1,0,1,0,0,2,0,83.45181818181818,0.798181818181817
3863-QSTYI,1,0,0,0,59,1,1,64.65,3735.45,0,0,0,0,0,0,0,0,0,0,1,0,1,0,1,0,0,0,0,0,1,0,3,0,63.31271186440678,1.3372881355932265
2619-WFQWU,0,0,0,0,1,1,1,70.15,70.15,1,0,0,1,0,0,0,0,0,0,0,0,0,0,0,0,0,0,0,0,0,1,0,1,70.15,0.0
5044-LRQAQ,0,0,1,0,7,1,1,69.2,477.55,0,0,0,1,0,0,0,0,0,0,0,0,0,0,0,0,0,0,0,0,0,0,0,1,68.22142857142858,0.9785714285714278
1716-LSAMB,1,0,1,1,45,1,0,54.65,2553.7,0,0,0,0,0,0,1,0,0,0,0,0,1,0,0,0,0,0,1,0,0,0,2,0,56.748888888888885,-2.0988888888888866
1333-PBMXB,0,0,1,1,54,1,1,24.75,1342.15,0,0,1,0,1,1,0,1,0,1,0,1,0,1,0,1,0,1,0,0,0,0,0,0,24.85462962962963,-0.10462962962963118
6546-OPBBH,1,0,1,1,51,1,1,23.95,1216.35,0,0,1,0,1,1,0,1,0,1,0,1,0,1,0,1,0,1,0,0,0,1,0,0,23.849999999999998,0.10000000000000142
5985-BEHZK,0,1,1,0,72,1,0,105.0,7578.05,0,0,1,1,0,0,0,0,1,0,1,0,0,0,1,0,1,1,0,1,0,0,4,0,105.25069444444445,-0.25069444444444855
9127-QRZMH,1,0,1,0,44,1,1,59.85,2603.95,0,0,0,0,0,0,1,0,1,0,0,0,1,0,0,0,0,1,0,0,0,0,3,0,59.18068181818182,0.6693181818181841
5919-VCZYM,1,0,0,0,2,1,0,20.05,42.7,0,0,0,0,1,1,0,1,0,1,0,1,0,1,0,1,0,0,0,0,0,1,0,1,21.35,-1.3000000000000007
9644-KVCNC,0,0,0,0,66,1,1,92.15,6056.9,0,0,1,1,0,0,0,0,0,0,1,0,0,0,1,0,0,1,0,0,0,0,2,0,91.77121212121212,0.37878787878788955
2137-DQMEV,1,0,1,1,68,0,0,44.8,2983.65,0,1,0,0,0,0,1,0,1,0,0,0,0,0,1,0,0,1,0,0,0,1,3,0,43.87720588235294,0.922794117647058
8174-LNWMW,0,0,0,0,31,1,0,20.9,689.35,0,0,0,0,1,1,0,1,0,1,0,1,0,1,0,1,0,0,1,1,0,0,0,0,22.23709677419355,-1.3370967741935509
9279-CJEOJ,0,1,0,0,21,1,1,95.4,2025.1,0,0,1,1,0,0,0,0,0,0,0,0,0,0,1,0,1,0,0,0,0,0,2,0,96.43333333333332,-1.0333333333333172
7964-VEXDG,1,0,0,1,21,1,0,80.35,1747.2,0,0,1,1,0,0,1,0,0,0,0,0,0,0,0,0,0,0,0,0,1,0,1,0,83.2,-2.8500000000000085
2404-JIBFC,0,0,1,1,55,1,1,85.1,4657.95,0,0,1,0,0,0,1,0,0,0,1,0,1,0,1,0,1,0,1,0,0,0,5,0,84.69,0.4099999999999966
0778-NELLA,1,0,0,0,9,0,1,34.7,296.1,1,1,0,0,0,0,0,0,0,0,0,0,0,0,1,0,0,0,0,1,0,0,1,1,32.900000000000006,1.7999999999999972
8029-XYPWT,1,1,1,0,71,1,1,115.05,8016.6,0,0,1,1,0,0,1,0,1,0,1,0,1,0,1,0,1,0,1,0,0,0,6,0,112.90985915492958,2.1401408450704196
4614-NUVZD,0,0,0,0,1,1,1,81.1,81.1,1,0,0,1,0,0,0,0,0,0,0,0,0,0,0,0,1,0,0,0,1,0,1,1,81.1,0.0
4632-PAOYU,1,0,1,1,22,1,0,19.95,433.5,0,0,0,0,1,1,0,1,0,1,0,1,0,1,0,1,0,1,0,0,0,1,0,0,19.704545454545453,0.24545454545454604
3803-KMQFW,0,0,1,1,1,1,0,20.55,20.55,1,0,0,0,1,1,0,1,0,1,0,1,0,1,0,1,0,0,0,0,0,1,0,1,20.55,0.0
6804-GDMOI,0,0,0,0,61,1,1,106.6,6428.4,1,0,1,1,0,0,0,0,0,0,1,0,1,0,1,0,1,0,1,0,1,0,4,0,105.38360655737705,1.2163934426229446
2990-OGYTD,0,0,1,0,67,1,0,86.15,5883.85,0,0,1,0,0,0,0,0,1,0,1,0,1,0,1,0,1,0,1,0,0,0,5,0,87.81865671641792,-1.6686567164179138
6646-JPPHA,0,1,0,0,14,1,0,78.85,1043.8,0,0,0,1,0,0,1,0,1,0,0,0,0,0,0,0,0,0,0,0,1,0,2,0,74.55714285714285,4.2928571428571445
9572-MTILT,1,0,1,0,59,1,1,106.75,6252.9,1,0,1,1,0,0,1,0,1,0,1,0,1,0,1,0,0,0,0,0,1,0,5,0,105.98135593220339,0.7686440677966146
7658-UYUQS,1,1,1,0,21,1,0,86.55,1857.25,0,0,0,1,0,0,0,0,0,0,1,0,0,0,1,0,0,0,0,0,0,0,2,0,88.44047619047619,-1.8904761904761926
7880-XSOJX,1,0,0,0,4,0,0,42.4,146.4,0,1,0,0,0,0,1,0,1,0,0,0,1,0,0,0,0,0,0,0,0,1,3,1,36.6,5.799999999999997
9611-CTWIH,0,0,0,0,3,1,1,89.45,240.45,1,0,0,1,0,0,0,0,0,0,0,0,0,0,1,0,1,0,0,0,1,0,2,1,80.14999999999999,9.300000000000011
4589-IUAJB,1,0,1,0,70,1,0,24.25,1724.15,0,0,1,0,1,1,0,1,0,1,0,1,0,1,0,1,0,0,1,0,0,0,0,0,24.630714285714287,-0.3807142857142871
0329-GTIAJ,0,0,0,0,3,1,1,97.9,315.3,1,0,0,1,0,0,0,0,1,0,0,0,1,0,1,0,1,0,0,0,1,0,4,1,105.10000000000001,-7.200000000000003
8746-BFOAJ,1,1,0,0,21,1,0,20.5,429.55,0,0,0,0,1,1,0,1,0,1,0,1,0,1,0,1,0,1,0,0,0,0,0,0,20.454761904761906,0.04523809523809419
8457-XIGKN,1,0,0,0,20,1,1,19.6,356.15,0,0,0,0,1,1,0,1,0,1,0,1,0,1,0,1,0,0,0,1,0,0,0,0,17.807499999999997,1.792500000000004
6072-NUQCB,1,0,1,1,22,1,0,20.25,488.25,0,0,0,0,1,1,0,1,0,1,0,1,0,1,0,1,0,1,0,0,0,0,0,0,22.193181818181817,-1.9431818181818166
6629-CZTTH,1,0,0,0,1,1,1,55.7,55.7,1,0,0,0,0,0,0,0,0,0,0,0,0,0,0,0,1,0,0,0,0,1,1,1,55.7,0.0
8838-GPHZP,0,0,0,0,63,1,1,20.6,1298.7,0,0,0,0,1,1,0,1,0,1,0,1,0,1,0,1,0,0,1,0,0,1,0,0,20.614285714285714,-0.014285714285712459
8750-QWZAJ,0,0,1,1,70,1,0,19.8,1378.75,0,0,0,0,1,1,0,1,0,1,0,1,0,1,0,1,0,0,1,0,0,0,0,0,19.696428571428573,0.10357142857142776
5364-EVNIB,1,0,0,0,13,1,1,79.8,973.45,1,0,0,1,0,0,0,0,1,0,1,0,0,0,0,0,0,0,0,0,1,0,2,0,74.88076923076923,4.919230769230765
6918-UMQCG,0,0,0,0,5,1,0,80.2,384.25,0,0,0,1,0,0,0,0,0,0,0,0,0,0,1,0,0,0,0,0,1,0,1,1,76.85,3.3500000000000085
0675-NCDYU,0,0,1,1,72,1,1,116.4,8543.25,0,0,1,1,0,0,1,0,1,0,1,0,1,0,1,0,1,0,1,1,0,0,6,0,118.65625,-2.2562499999999943
6339-DKLMK,0,0,0,0,13,0,1,31.65,389.95,0,1,0,0,0,0,0,0,1,0,0,0,0,0,0,0,0,0,0,0,1,0,1,0,29.996153846153845,1.6538461538461533
1346-PJWTK,1,0,1,0,61,1,0,94.15,5731.85,0,0,0,1,0,0,0,0,1,0,1,0,1,0,0,0,1,0,0,1,0,0,4,0,93.96475409836066,0.18524590163934818
5088-QZLRL,1,0,0,0,1,1,0,20.65,20.65,0,0,0,0,1,1,0,1,0,1,0,1,0,1,0,1,0,0,0,0,1,0,0,1,20.65,0.0
8023-QHAIO,0,1,1,0,56,1,1,76.85,4275.75,0,0,1,1,0,0,0,0,0,0,0,0,1,0,0,0,0,0,0,0,0,0,1,0,76.35267857142857,0.4973214285714249
4397-FRLTA,0,0,0,0,4,1,0,20.15,84.5,0,0,0,0,1,1,0,1,0,1,0,1,0,1,0,1,0,0,0,0,0,1,0,1,21.125,-0.9750000000000014
3057-VJJQE,1,0,0,0,35,1,0,55.25,1924.1,0,0,1,0,0,0,1,0,0,0,0,0,0,0,0,0,0,0,1,0,0,1,1,0,54.97428571428571,0.2757142857142867
5087-SUURX,0,0,1,0,18,0,1,39.05,669.85,1,1,0,0,0,0,0,0,0,0,1,0,0,0,1,0,0,0,0,0,1,0,2,0,37.21388888888889,1.8361111111111086
2302-OUZXB,1,0,1,0,72,1,0,82.15,5784.3,0,0,1,0,0,0,0,0,1,0,1,0,0,0,1,0,1,0,1,0,0,0,4,0,80.3375,1.8125
8133-ANHHJ,0,1,0,0,49,1,0,103.0,5166.2,0,0,1,1,0,0,1,0,1,0,1,0,1,0,0,0,1,1,0,0,0,0,5,0,105.43265306122449,-2.432653061224485
2270-CHBFN,0,0,1,0,44,1,1,95.1,4060.55,0,0,1,1,0,0,1,0,1,0,1,0,1,0,0,0,0,0,0,1,0,0,4,0,92.28522727272728,2.814772727272711
0013-EXCHZ,0,1,1,0,3,1,1,83.9,267.4,1,0,0,1,0,0,0,0,0,0,0,0,1,0,1,0,0,0,0,0,0,1,2,1,89.13333333333333,-5.23333333333332
5982-FPVQN,0,0,1,1,37,1,1,95.15,3532.85,0,0,1,1,0,0,0,0,1,0,1,0,0,0,0,0,1,0,0,0,1,0,3,0,95.48243243243243,-0.3324324324324266
9107-UKCKY,1,0,1,0,61,1,1,79.8,4914.8,0,0,1,0,0,0,0,0,1,0,1,0,0,0,1,0,1,1,0,0,1,0,4,0,80.57049180327868,-0.7704918032786878
4654-ULTTN,1,0,1,0,70,1,1,74.8,5315.8,0,0,1,0,0,0,1,0,0,0,1,0,1,0,0,0,1,0,1,1,0,0,4,0,75.94,-1.1400000000000006
5550-VFRLC,0,1,0,0,1,1,1,69.85,69.85,1,0,0,1,0,0,0,0,0,0,0,0,0,0,0,0,0,0,0,0,1,0,0,1,69.85,0.0
5546-BYZSM,0,0,0,0,41,1,0,20.45,775.6,0,0,0,0,1,1,0,1,0,1,0,1,0,1,0,1,0,0,0,0,1,0,0,0,18.917073170731708,1.5329268292682912
1492-KGETH,1,0,1,1,70,1,0,78.35,5445.95,0,0,1,0,0,0,1,0,1,0,1,0,1,0,0,0,1,1,0,0,0,0,5,0,77.79928571428572,0.5507142857142782
4929-BSTRX,0,0,0,0,1,1,1,53.55,53.55,1,0,0,0,0,0,0,0,0,0,0,0,0,0,1,0,0,0,0,0,0,1,1,1,53.55,0.0
4163-HFTUK,1,0,0,0,51,1,0,19.1,1007.8,0,0,0,0,1,1,0,1,0,1,0,1,0,1,0,1,0,1,0,0,1,0,0,0,19.76078431372549,-0.6607843137254896
8215-NGSPE,0,0,1,1,42,1,0,20.0,833.55,0,0,0,0,1,1,0,1,0,1,0,1,0,1,0,1,0,0,1,0,0,1,0,0,19.84642857142857,0.15357142857142847
2225-ZRGSG,0,0,1,1,70,1,0,93.9,6579.05,1,0,1,1,0,0,1,0,1,0,1,0,1,0,0,0,0,0,1,0,0,0,4,0,93.98642857142858,-0.08642857142856997
8859-YSTWS,1,0,0,0,48,1,0,19.95,1004.5,0,0,0,0,1,1,0,1,0,1,0,1,0,1,0,1,0,1,0,0,0,0,0,0,20.927083333333332,-0.9770833333333329
5271-YNWVR,1,0,1,1,68,1,1,113.15,7856.0,1,0,1,1,0,0,1,0,1,0,1,0,1,0,1,0,1,0,1,0,1,0,6,0,115.52941176470588,-2.3794117647058783
7601-DHFWZ,0,0,0,0,48,1,0,24.0,1183.05,0,0,1,0,1,1,0,1,0,1,0,1,0,1,0,1,0,0,1,1,0,0,0,0,24.646874999999998,-0.6468749999999979
2657-ALMWY,0,1,1,0,26,1,0,84.95,2169.75,1,0,0,1,0,0,0,0,1,0,0,0,0,0,0,0,1,0,0,0,1,0,2,0,83.45192307692308,1.4980769230769226
6330-JKLPC,1,0,1,0,11,1,1,80.5,896.9,1,0,1,1,0,0,0,0,1,0,0,0,0,0,0,0,0,0,0,0,0,0,1,1,81.53636363636363,-1.0363636363636317
4667-OHGKG,1,0,0,0,1,1,1,19.3,19.3,1,0,0,0,1,1,0,1,0,1,0,1,0,1,0,1,0,0,0,0,0,1,0,1,19.3,0.0
1998-VHJHK,0,0,0,0,27,1,0,19.15,501.35,0,0,0,0,1,1,0,1,0,1,0,1,0,1,0,1,0,1,0,0,0,1,0,0,18.56851851851852,0.5814814814814788
1707-HABPF,0,1,0,0,46,1,1,91.3,4126.35,0,0,0,1,0,0,0,0,1,0,1,0,0,0,1,0,0,1,0,0,0,0,3,0,89.70326086956523,1.59673913043477
1660-HSOOQ,1,0,0,0,1,1,1,49.65,49.65,1,0,0,0,0,0,0,0,0,0,1,0,0,0,0,0,0,0,0,0,0,1,1,1,49.65,0.0
7253-UVNDW,0,0,0,0,46,1,0,54.35,2460.15,1,0,0,0,0,0,0,0,0,0,1,0,1,0,0,0,0,0,1,1,0,0,2,0,53.481521739130436,0.8684782608695656
0487-VVUVK,1,0,1,1,25,1,1,19.15,477.6,0,0,0,0,1,1,0,1,0,1,0,1,0,1,0,1,0,0,0,0,0,1,0,0,19.104,0.045999999999999375
7228-OMTPN,1,0,0,0,4,1,1,88.45,370.65,1,0,0,1,0,0,0,0,0,0,0,0,0,0,1,0,1,0,0,0,1,0,2,1,92.6625,-4.2124999999999915
5063-IUOKK,1,0,0,0,13,1,0,19.75,265.75,0,0,0,0,1,1,0,1,0,1,0,1,0,1,0,1,0,0,1,0,0,1,0,0,20.442307692307693,-0.6923076923076934
4508-OEBEY,1,0,1,0,31,1,1,75.5,2424.45,0,0,0,0,0,0,1,0,1,0,1,0,1,0,0,0,1,1,0,1,0,0,5,0,78.20806451612903,-2.7080645161290278
0027-KWYKW,0,0,1,1,23,1,1,83.75,1849.95,0,0,1,1,0,0,0,0,0,0,0,0,0,0,1,0,0,0,0,0,1,0,1,0,80.43260869565218,3.3173913043478223
2308-STERM,0,0,0,0,2,1,0,19.4,61.05,0,0,0,0,1,1,0,1,0,1,0,1,0,1,0,1,0,0,0,0,0,1,0,1,30.525,-11.125
5982-XMDEX,0,0,0,0,65,1,0,26.5,1698.55,0,0,1,0,1,1,0,1,0,1,0,1,0,1,0,1,0,0,1,0,0,0,0,0,26.13153846153846,0.3684615384615384
6284-AHOOQ,1,1,0,0,22,1,1,90.5,1910.6,1,0,1,1,0,0,0,0,0,0,0,0,1,0,1,0,0,0,0,0,0,0,2,0,86.84545454545454,3.654545454545456
6051-PTVNS,0,0,1,1,55,1,0,19.15,998.1,0,0,0,0,1,1,0,1,0,1,0,1,0,1,0,1,0,1,0,1,0,0,0,0,18.14727272727273,1.0027272727272702
2344-JMOGN,1,0,1,0,9,1,1,94.85,890.6,1,0,0,1,0,0,0,0,1,0,1,0,1,0,1,0,0,0,0,0,0,1,4,1,98.95555555555556,-4.1055555555555685
3799-ISUZQ,1,0,1,1,7,1,1,69.95,529.5,1,0,0,1,0,0,0,0,0,0,0,0,0,0,0,0,0,0,0,0,0,0,0,1,75.64285714285714,-5.692857142857136
2877-VDUER,0,0,1,1,35,0,0,40.9,1383.6,0,1,0,0,0,0,0,0,0,0,0,0,1,0,1,0,0,1,0,0,0,1,2,0,39.53142857142857,1.3685714285714283
9152-AMKAK,1,0,0,0,6,1,1,80.25,493.4,0,0,0,0,0,0,1,0,0,0,1,0,1,0,1,0,1,0,1,0,0,1,5,1,82.23333333333333,-1.9833333333333343
1794-HBQTJ,0,0,0,0,1,1,1,48.6,48.6,1,0,0,0,0,0,1,0,0,0,0,0,0,0,0,0,0,0,0,1,0,0,1,1,48.6,0.0
9432-VOFYX,1,0,0,0,17,1,1,70.8,1207.0,0,0,0,1,0,0,0,0,0,0,0,0,0,0,0,0,0,0,0,0,1,0,0,0,71.0,-0.20000000000000284
8049-WJCLQ,1,0,1,1,10,1,0,60.2,563.5,0,0,0,0,0,0,0,0,0,0,1,0,0,0,1,0,0,0,0,0,0,1,2,1,56.35,3.8500000000000014
6586-PSJOX,1,0,0,1,15,1,0,55.2,864.55,0,0,0,0,0,0,0,0,0,0,1,0,1,0,0,0,0,1,0,1,0,0,2,0,57.63666666666666,-2.4366666666666603
2460-FPSYH,0,1,0,0,40,0,1,55.8,2109.35,1,1,0,0,0,0,1,0,1,0,0,0,0,0,1,0,1,0,0,0,1,0,4,0,52.73375,3.0662499999999966
9705-ZJBCG,0,0,1,1,13,1,0,54.15,701.05,0,0,0,0,0,0,1,0,0,0,0,0,1,0,0,0,0,1,0,0,0,0,2,0,53.926923076923075,0.22307692307692406
4818-DRBQT,1,0,1,0,29,1,1,80.15,2265.25,1,0,1,1,0,0,0,0,1,0,0,0,0,0,0,0,0,0,0,0,0,0,1,0,78.11206896551724,2.0379310344827672
1320-HTRDR,0,0,0,0,3,1,1,75.5,220.6,1,0,1,1,0,0,0,0,0,0,0,0,0,0,0,0,0,0,0,0,1,0,0,1,73.53333333333333,1.9666666666666686
6847-KJLTS,0,1,1,0,58,1,1,100.4,5749.8,0,0,1,1,0,0,0,0,0,0,0,0,1,0,1,0,1,0,0,0,0,0,3,0,99.13448275862069,1.2655172413793139
9670-BPNXF,0,0,0,0,45,1,1,62.55,2796.45,0,0,0,0,0,0,1,0,1,0,0,0,1,0,0,0,0,1,0,1,0,0,3,0,62.14333333333333,0.4066666666666663
3913-FCUUW,0,0,1,1,72,1,1,70.45,5165.7,0,0,1,0,0,0,1,0,1,0,1,0,1,0,0,0,0,0,1,0,0,0,4,0,71.74583333333334,-1.2958333333333343
3301-VKTGC,1,0,1,1,68,1,1,85.5,5696.6,0,0,1,1,0,0,1,0,1,0,0,0,0,0,0,0,0,1,0,0,0,0,2,0,83.77352941176471,1.726470588235287
1493-AMTIE,1,0,0,0,1,1,1,20.2,20.2,1,0,0,0,1,1,0,1,0,1,0,1,0,1,0,1,0,0,0,0,0,0,0,1,20.2,0.0
9555-SAHUZ,0,0,1,1,38,1,0,54.5,2076.05,0,0,0,0,0,0,1,0,1,0,0,0,0,0,0,0,0,0,0,0,1,0,2,0,54.63289473684211,-0.13289473684211117
0816-TSPHQ,1,0,0,0,2,1,0,20.75,44.2,0,0,0,0,1,1,0,1,0,1,0,1,0,1,0,1,0,0,0,0,0,1,0,1,22.1,-1.3500000000000014
9932-WBWIK,1,0,0,0,11,1,0,20.35,215.25,0,0,0,0,1,1,0,1,0,1,0,1,0,1,0,1,0,0,0,0,0,1,0,1,19.568181818181817,0.7818181818181849
4619-EVPHY,0,1,1,0,20,1,1,91.0,1859.5,0,0,0,1,0,0,0,0,0,0,0,0,0,0,1,0,1,1,0,0,0,0,2,0,92.975,-1.9749999999999943
5286-YHCVC,1,0,1,0,72,1,1,104.8,7470.1,0,0,1,1,0,0,0,0,1,0,1,0,0,0,1,0,1,0,1,0,0,0,4,0,103.7513888888889,1.0486111111111
6424-ELEYH,0,0,1,0,3,1,1,74.75,229.5,1,0,1,1,0,0,0,0,0,0,0,0,0,0,0,0,0,0,0,1,0,0,0,1,76.5,-1.75
4391-RESHN,1,0,0,0,23,1,1,104.05,2470.1,1,0,1,1,0,0,0,0,0,0,1,0,1,0,1,0,1,0,0,0,0,1,4,0,107.39565217391304,-3.345652173913038
9115-YQHGA,1,0,0,0,40,1,1,51.1,2092.9,0,0,0,0,0,0,0,0,0,0,0,0,1,0,0,0,0,0,0,0,1,0,1,0,52.322500000000005,-1.2225000000000037
4462-CYWMH,1,1,1,0,62,1,1,89.8,5629.55,0,0,1,1,0,0,0,0,1,0,0,0,0,0,0,0,1,0,0,0,0,0,2,0,90.7991935483871,-0.9991935483870975
8963-MQVYN,0,0,0,1,22,1,1,20.55,469.85,0,0,0,0,1,1,0,1,0,1,0,1,0,1,0,1,0,0,0,0,1,0,0,0,21.356818181818184,-0.8068181818181834
2458-EOMRE,0,0,0,0,11,1,0,64.05,733.95,0,0,0,0,0,0,1,0,0,0,1,0,0,0,0,0,1,0,0,0,0,0,3,1,66.72272727272728,-2.672727272727286
9334-GWGOW,1,1,1,0,7,1,1,74.85,485.25,0,0,1,1,0,0,0,0,0,0,0,0,0,0,0,0,0,0,0,0,1,0,0,1,69.32142857142857,5.528571428571425
6821-BUXUX,0,0,0,0,13,1,1,96.65,1244.5,1,0,1,1,0,0,1,0,1,0,0,0,0,0,1,0,0,0,0,0,1,0,3,0,95.73076923076923,0.9192307692307793
5028-HTLJB,1,1,0,0,1,1,0,20.05,20.05,1,0,0,0,1,1,0,1,0,1,0,1,0,1,0,1,0,0,0,0,0,1,0,1,20.05,0.0
9801-GDWGV,0,0,0,0,39,1,1,103.45,3994.45,1,0,1,1,0,0,0,0,1,0,1,0,0,0,1,0,1,0,0,0,1,0,4,0,102.42179487179487,1.0282051282051299
6542-LWGXJ,1,0,1,0,3,0,0,25.0,78.25,0,1,0,0,0,0,0,0,0,0,0,0,0,0,0,0,0,0,0,0,0,1,0,1,26.083333333333332,-1.0833333333333321
5567-GZKQY,1,0,0,0,58,1,0,20.3,1131.5,0,0,0,0,1,1,0,1,0,1,0,1,0,1,0,1,0,0,1,1,0,0,0,0,19.50862068965517,0.7913793103448299
1222-LRYKO,1,0,0,1,6,1,0,26.35,184.05,0,0,1,0,1,1,0,1,0,1,0,1,0,1,0,1,0,0,0,0,0,1,0,1,30.675,-4.324999999999999
2320-JRSDE,0,0,1,1,1,1,1,19.9,19.9,1,0,0,0,1,1,0,1,0,1,0,1,0,1,0,1,0,0,0,0,1,0,0,1,19.9,0.0
2087-QAREY,0,0,1,0,22,1,1,54.7,1178.75,0,0,0,0,0,0,0,0,1,0,1,0,0,0,0,0,0,0,0,0,0,1,2,0,53.57954545454545,1.1204545454545496
0601-WZHJF,1,0,1,0,14,0,0,46.35,667.7,1,1,0,0,0,0,0,0,0,0,0,0,0,0,1,0,1,0,0,0,1,0,2,0,47.69285714285714,-1.3428571428571416
4423-JWZJN,1,0,1,1,64,1,0,90.25,5629.15,0,0,1,1,0,0,0,0,0,0,1,0,0,0,0,0,1,1,0,1,0,0,2,0,87.95546875,2.2945312500000057
5143-WMWOG,1,0,0,0,1,1,0,19.95,19.95,1,0,0,0,1,1,0,1,0,1,0,1,0,1,0,1,0,0,0,0,1,0,0,1,19.95,0.0
6490-FGZAT,1,0,0,0,6,1,0,20.65,109.3,0,0,0,0,1,1,0,1,0,1,0,1,0,1,0,1,0,0,0,0,0,1,0,1,18.216666666666665,2.4333333333333336
5393-RXQSZ,1,0,0,0,1,1,0,79.6,79.6,1,0,0,1,0,0,0,0,0,0,0,0,0,0,0,0,1,0,0,0,1,0,1,1,79.6,0.0
7452-FOLON,1,0,0,1,39,1,0,25.45,958.45,0,0,1,0,1,1,0,1,0,1,0,1,0,1,0,1,0,1,0,0,0,0,0,0,24.575641025641026,0.874358974358973
2320-TZRRH,0,0,0,0,20,1,0,19.5,403.15,0,0,0,0,1,1,0,1,0,1,0,1,0,1,0,1,0,1,0,0,0,1,0,0,20.1575,-0.6574999999999989
0231-LXVAP,1,0,0,0,1,1,1,75.9,75.9,1,0,0,1,0,0,0,0,0,0,0,0,1,0,0,0,0,0,0,0,1,0,1,1,75.9,0.0
9444-JTXHZ,1,0,1,0,1,1,0,76.2,76.2,1,0,0,1,0,0,0,0,0,0,1,0,0,0,0,0,0,0,0,0,1,0,1,1,76.2,0.0
4942-VZZOM,1,0,1,0,64,1,1,66.15,4392.5,0,0,1,0,0,0,1,0,0,0,0,0,0,0,1,0,0,1,0,1,0,0,2,0,68.6328125,-2.4828124999999943
5510-BOIUJ,1,0,0,1,1,1,0,19.25,19.25,1,0,0,0,1,1,0,1,0,1,0,1,0,1,0,1,0,0,0,0,0,1,0,1,19.25,0.0
7502-BNYGS,0,0,1,0,46,1,1,69.1,3168.0,0,0,0,0,0,0,0,0,1,0,0,0,0,0,1,0,1,0,0,1,0,0,3,0,68.8695652173913,0.23043478260869676
4291-HYEBC,0,1,1,1,28,0,1,39.1,1096.6,0,1,0,0,0,0,0,0,1,0,0,0,0,0,0,0,1,1,0,0,1,0,2,0,39.16428571428571,-0.06428571428570962
6147-CBCRA,0,0,1,0,33,1,0,20.05,669.45,0,0,0,0,1,1,0,1,0,1,0,1,0,1,0,1,0,0,0,0,0,1,0,0,20.28636363636364,-0.2363636363636381
6047-SUHPR,1,0,1,1,39,1,0,59.8,2343.85,0,0,0,0,0,0,1,0,1,0,1,0,0,0,0,0,0,1,0,0,1,0,3,0,60.09871794871795,-0.2987179487179503
4471-KXAUH,0,0,1,0,42,1,1,84.3,3588.4,1,0,1,1,0,0,0,0,0,0,1,0,1,0,0,0,0,0,0,0,1,0,2,0,85.43809523809524,-1.1380952380952465
9752-ZNQUT,0,0,0,0,1,1,1,48.6,48.6,0,0,0,0,0,0,0,0,1,0,0,0,0,0,0,0,0,0,0,0,1,0,1,1,48.6,0.0
7638-QVMVY,0,0,0,0,7,1,1,79.0,522.95,1,0,0,1,0,0,0,0,0,0,0,0,0,0,1,0,0,0,0,0,1,0,1,1,74.70714285714287,4.29285714285713
1576-PFZIW,1,1,1,0,70,1,0,105.35,7511.9,0,0,0,1,0,0,1,0,1,0,1,0,0,0,1,0,1,0,1,1,0,0,5,0,107.31285714285714,-1.9628571428571462
5666-MBJPT,1,0,0,0,65,1,1,25.1,1725.0,0,0,1,0,1,1,0,1,0,1,0,1,0,1,0,1,0,0,1,0,0,0,0,0,26.53846153846154,-1.4384615384615387
7312-XSBAT,1,0,0,0,1,1,0,49.75,49.75,0,0,0,0,0,0,1,0,0,0,0,0,0,0,0,0,0,0,0,0,1,0,1,1,49.75,0.0
3096-GKWEB,1,0,1,0,18,1,1,94.75,1691.9,0,0,1,1,0,0,0,0,0,0,0,0,0,0,1,0,1,0,0,0,1,0,2,0,93.99444444444445,0.7555555555555458
2371-JQHZZ,1,0,1,0,24,1,1,93.0,2248.05,0,0,1,1,0,0,0,0,0,0,0,0,0,0,1,0,1,0,0,0,1,0,2,0,93.66875,-0.6687500000000028
0674-GCDXG,1,0,0,0,63,1,1,71.9,4479.2,0,0,1,0,0,0,1,0,0,0,1,0,1,0,0,0,1,0,1,0,0,0,4,0,71.0984126984127,0.8015873015873041
1121-QSIVB,0,0,0,1,44,1,1,77.55,3471.1,0,0,1,0,0,0,0,0,1,0,0,0,0,0,1,0,1,1,0,0,0,1,3,0,78.88863636363637,-1.3386363636363683
4396-KLSEH,1,0,0,0,4,1,1,19.85,63.0,0,0,0,0,1,1,0,1,0,1,0,1,0,1,0,1,0,0,0,0,1,0,0,1,15.75,4.100000000000001
3244-DCJWY,0,0,0,0,1,1,1,70.25,70.25,1,0,0,1,0,0,0,0,0,0,0,0,0,0,0,0,0,0,0,0,1,0,0,1,70.25,0.0
2824-MYYBN,0,0,1,1,37,1,1,95.25,3314.15,0,0,1,1,0,0,0,0,0,0,0,0,0,0,1,0,1,0,0,0,1,0,2,0,89.57162162162163,5.678378378378369
0875-CABNR,0,1,0,0,10,1,1,84.6,865.55,1,0,0,1,0,0,0,0,0,0,1,0,0,0,0,0,1,0,0,1,0,0,2,1,86.55499999999999,-1.9549999999999983
6345-HOVES,1,0,0,0,34,0,1,25.05,852.7,0,1,0,0,0,0,0,0,0,0,0,0,0,0,0,0,0,0,0,0,0,0,0,0,25.079411764705885,-0.029411764705884025
8318-LCNBW,1,0,1,0,35,0,0,53.15,1930.9,0,1,0,0,0,0,1,0,0,0,1,0,0,0,1,0,1,1,0,1,0,0,4,0,55.16857142857143,-2.018571428571434
6469-QJKZW,0,0,1,0,4,1,0,20.15,91.4,0,0,0,0,1,1,0,1,0,1,0,1,0,1,0,1,0,0,0,0,1,0,0,1,22.85,-2.700000000000003
0147-ESWWR,0,1,1,0,39,1,1,101.25,3949.15,0,0,1,1,0,0,0,0,0,0,0,0,1,0,1,0,1,0,0,0,1,0,3,0,101.26025641025642,-0.010256410256417325
1217-VASWC,1,1,1,0,43,1,1,100.55,4304.0,0,0,0,1,0,0,0,0,1,0,1,0,0,0,1,0,1,1,0,0,0,0,4,0,100.09302325581395,0.4569767441860506
7812-FZHPE,0,0,1,1,17,1,0,24.1,409.9,1,0,1,0,1,1,0,1,0,1,0,1,0,1,0,1,0,0,0,0,0,1,0,0,24.11176470588235,-0.011764705882349347
6370-ZVHDV,0,0,1,0,61,1,0,25.3,1554.9,0,0,1,0,1,1,0,1,0,1,0,1,0,1,0,1,0,0,1,0,0,0,0,0,25.49016393442623,-0.1901639344262307
5915-DGNVC,0,0,1,0,49,1,0,71.8,3472.05,0,0,1,0,0,0,1,0,1,0,1,0,0,0,0,0,1,1,0,0,1,0,4,0,70.85816326530613,0.9418367346938652
6260-XLACS,1,0,0,0,4,1,0,19.7,117.8,0,0,0,0,1,1,0,1,0,1,0,1,0,1,0,1,0,1,0,0,0,1,0,1,29.45,-9.75
3566-CAAYU,0,0,1,1,64,0,0,49.85,3210.35,0,1,0,0,0,0,0,0,1,0,1,0,1,0,0,0,1,0,1,0,1,0,4,0,50.16171875,-0.31171874999999716
4983-CCWMC,1,0,0,0,3,1,1,69.6,207.4,0,0,0,1,0,0,0,0,0,0,0,0,0,0,0,0,0,0,0,0,0,1,0,1,69.13333333333334,0.46666666666665435
9103-CXVOK,1,0,1,1,1,1,0,19.75,19.75,0,0,0,0,1,1,0,1,0,1,0,1,0,1,0,1,0,0,0,0,1,0,0,1,19.75,0.0
2896-TBNBE,1,0,1,0,40,1,0,80.8,3132.75,0,0,0,1,0,0,0,0,1,0,1,0,0,0,0,0,0,1,0,0,1,0,2,0,78.31875,2.481250000000003
4797-AXPXK,0,0,0,1,1,1,1,60.0,60.0,1,0,0,0,0,0,1,0,1,0,0,0,1,0,0,0,0,0,0,0,1,0,3,1,60.0,0.0
5229-PRWKT,1,0,0,0,8,1,1,86.55,649.65,1,0,1,1,0,0,0,0,0,0,0,0,0,0,0,0,1,0,0,0,1,0,1,1,81.20625,5.34375
6982-UQZLY,0,1,1,0,1,1,1,20.85,20.85,1,0,0,0,1,1,0,1,0,1,0,1,0,1,0,1,0,0,0,0,0,1,0,1,20.85,0.0
2522-WLNSF,0,1,1,0,34,1,0,64.2,2106.3,0,0,0,0,0,0,0,0,0,0,1,0,1,0,1,0,0,1,0,0,0,0,3,0,61.95,2.25
3841-CONLJ,0,0,1,0,1,0,0,35.0,35.0,0,1,0,0,0,0,0,0,0,0,0,0,0,0,0,0,1,0,0,0,1,0,1,1,35.0,0.0
5057-LCOUI,0,0,0,0,39,0,1,50.75,2011.4,1,1,0,0,0,0,0,0,0,0,1,0,0,0,1,0,1,0,0,0,1,0,3,0,51.57435897435898,-0.8243589743589794
0193-ESZXP,0,1,1,0,58,1,1,105.5,6205.5,1,0,0,1,0,0,1,0,1,0,0,0,1,0,1,0,1,1,0,1,0,0,5,0,106.99137931034483,-1.4913793103448256
4475-NVTLU,1,0,1,1,45,1,0,19.2,903.7,0,0,0,0,1,1,0,1,0,1,0,1,0,1,0,1,0,0,1,0,1,0,0,0,20.082222222222224,-0.8822222222222251
4369-HTUIF,1,1,0,0,6,1,1,85.15,503.6,1,0,0,1,0,0,1,0,0,0,0,0,0,0,1,0,0,0,0,0,0,0,2,1,83.93333333333334,1.2166666666666686
9386-LDCZR,1,0,0,0,43,1,1,90.65,3882.3,0,0,0,1,0,0,1,0,1,0,1,0,1,0,0,0,0,1,0,1,0,0,4,0,90.28604651162792,0.36395348837208985
9585-KKMFD,1,0,1,1,41,1,1,20.0,879.8,0,0,0,0,1,1,0,1,0,1,0,1,0,1,0,1,0,0,1,0,0,1,0,0,21.458536585365852,-1.4585365853658523
5399-ZIMKF,1,0,0,0,5,1,1,74.65,383.65,0,0,0,1,0,0,0,0,1,0,0,0,0,0,0,0,0,0,0,0,1,0,1,1,76.72999999999999,-2.079999999999984
0336-KXKFK,1,0,0,0,72,0,1,61.2,4390.25,0,1,0,0,0,0,1,0,0,0,1,0,1,0,1,0,1,0,1,1,0,0,5,0,60.97569444444444,0.22430555555555998
5619-XZZKR,1,0,0,0,4,1,0,19.95,68.2,0,0,0,0,1,1,0,1,0,1,0,1,0,1,0,1,0,1,0,0,0,1,0,1,17.05,2.8999999999999986
3948-FVVRP,1,0,1,1,9,1,0,54.8,452.8,0,0,0,0,0,0,0,0,1,0,0,0,1,0,0,0,0,0,0,0,0,1,2,1,50.31111111111111,4.488888888888887
5327-XOKKY,1,1,1,0,72,1,1,73.45,5329.0,0,0,1,0,0,0,0,0,0,0,1,0,0,0,1,0,1,0,1,1,0,0,3,0,74.01388888888889,-0.5638888888888829
0983-TATYJ,0,0,1,0,33,1,1,51.45,1758.9,0,0,0,0,0,0,0,0,0,0,0,0,1,0,0,0,0,1,0,0,0,1,1,0,53.300000000000004,-1.8500000000000014
1813-JYWTO,0,0,1,0,72,1,0,80.45,5737.6,0,0,1,1,0,0,1,0,0,0,0,0,0,0,0,0,0,0,1,0,0,0,1,0,79.6888888888889,0.7611111111111057
0156-FVPTA,1,0,1,0,22,1,1,54.2,1152.7,1,0,0,0,0,0,1,0,0,0,0,0,1,0,0,0,0,0,0,0,1,0,2,0,52.39545454545455,1.8045454545454547
1984-FCOWB,0,0,1,0,70,1,1,109.5,7674.55,1,0,1,1,0,0,0,0,1,0,1,0,1,0,1,0,1,1,0,0,1,0,5,0,109.63642857142857,-0.13642857142856712
0654-HMSHN,1,0,1,1,21,1,0,104.4,2157.95,1,0,1,1,0,0,0,0,1,0,1,0,0,0,1,0,1,0,0,0,1,0,4,0,102.7595238095238,1.6404761904762069
6719-OXYBR,1,0,0,0,15,1,0,85.3,1219.85,0,0,0,1,0,0,0,0,0,0,1,0,0,0,1,0,0,0,0,0,1,0,2,0,81.32333333333332,3.9766666666666737
3312-ZWLGF,1,1,1,0,29,1,1,79.3,2414.55,0,0,1,1,0,0,0,0,0,0,0,0,1,0,0,0,0,0,0,0,1,0,1,0,83.26034482758621,-3.960344827586212
6476-YHMGA,0,0,1,1,15,1,0,76.5,1155.6,0,0,0,0,0,0,0,0,1,0,1,0,1,0,1,0,1,0,0,0,0,0,5,0,77.03999999999999,-0.539999999999992
5287-QWLKY,1,1,1,1,71,1,1,105.1,7548.1,1,0,1,1,0,0,1,0,1,0,0,0,0,0,1,0,1,0,0,1,0,0,4,0,106.3112676056338,-1.2112676056338074
0795-XCCTE,1,1,0,0,72,1,0,25.4,1809.35,0,0,1,0,1,1,0,1,0,1,0,1,0,1,0,1,0,0,1,0,0,0,0,0,25.12986111111111,0.27013888888888715
0168-XZKBB,0,0,1,0,19,1,1,86.85,1564.4,0,0,1,1,0,0,0,0,0,0,0,0,0,0,1,0,0,0,0,0,1,0,1,0,82.33684210526316,4.513157894736835
3785-NRHYR,1,0,0,0,1,1,0,19.65,19.65,0,0,0,0,1,1,0,1,0,1,0,1,0,1,0,1,0,0,0,0,0,1,0,1,19.65,0.0
5196-SGOAK,0,0,0,0,1,1,1,75.7,75.7,1,0,0,1,0,0,0,0,1,0,0,0,0,0,0,0,0,0,0,0,1,0,1,1,75.7,0.0
4537-DKTAL,0,0,0,0,2,1,0,45.55,84.4,0,0,0,0,0,0,0,0,0,0,0,0,0,0,0,0,0,0,0,0,1,0,0,1,42.2,3.3499999999999943
7072-MBHEV,0,1,1,1,11,1,1,78.1,864.85,0,0,1,1,0,0,0,0,0,0,1,0,0,0,0,0,0,0,0,1,0,0,1,1,78.62272727272727,-0.5227272727272805
5602-BVFMK,0,0,0,0,12,1,0,19.3,228.75,0,0,0,0,1,1,0,1,0,1,0,1,0,1,0,1,0,1,0,0,0,1,0,1,19.0625,0.2375000000000007
6297-NOOPG,0,0,1,0,70,1,1,110.5,7752.05,0,0,1,1,0,0,0,0,1,0,1,0,1,0,1,0,1,0,1,0,1,0,5,0,110.74357142857143,-0.24357142857142833
1891-UAWWU,0,1,1,0,20,1,0,90.8,1951.0,1,0,1,1,0,0,0,0,0,0,1,0,0,0,1,0,0,0,0,0,1,0,2,0,97.55,-6.75
8204-TIFGJ,0,0,0,0,23,1,1,20.3,470.6,0,0,0,0,1,1,0,1,0,1,0,1,0,1,0,1,0,0,0,0,0,0,0,0,20.460869565217394,-0.16086956521739282
8050-DVOJX,1,1,0,0,49,1,0,81.35,4060.9,0,0,1,0,0,0,1,0,1,0,1,0,1,0,0,0,1,0,1,1,0,0,5,0,82.87551020408164,-1.525510204081641
6108-OQZDQ,0,0,1,1,4,1,1,97.95,384.5,1,0,1,1,0,0,0,0,1,0,0,0,0,0,1,0,1,0,0,0,1,0,3,1,96.125,1.8250000000000028
0363-QJVFX,1,0,0,0,32,1,1,108.15,3432.9,1,0,1,1,0,0,1,0,1,0,0,0,1,0,1,0,1,0,0,1,0,0,5,0,107.278125,0.8718750000000028
8903-XEBGX,1,0,0,1,2,1,1,55.3,108.65,0,0,0,0,0,0,0,0,0,0,0,0,0,0,0,0,1,0,0,0,1,0,1,1,54.325,0.9749999999999943
8169-SAEJD,1,1,1,0,69,0,0,56.55,3952.65,0,1,0,0,0,0,1,0,1,0,0,0,0,0,1,0,1,0,1,1,0,0,4,0,57.28478260869565,-0.734782608695653
9840-DVNDC,1,0,0,0,6,1,1,80.5,463.05,1,0,0,1,0,0,0,0,0,0,0,0,0,0,1,0,0,0,0,1,0,0,1,1,77.175,3.325000000000003
1089-XZWHH,0,0,1,1,24,1,1,19.7,494.05,0,0,0,0,1,1,0,1,0,1,0,1,0,1,0,1,0,0,1,0,0,1,0,0,20.585416666666667,-0.8854166666666679
2325-WINES,0,0,0,0,32,1,1,104.05,3416.85,0,0,1,1,0,0,0,0,1,0,1,0,0,0,1,0,1,1,0,1,0,0,4,0,106.7765625,-2.7265625
6064-ZATLR,0,0,0,0,27,1,0,52.85,1498.65,0,0,0,0,0,0,1,0,1,0,0,0,0,0,0,0,0,0,1,0,0,0,2,0,55.50555555555556,-2.6555555555555586
3096-JRDSO,0,1,1,0,27,1,1,104.3,2867.75,1,0,1,1,0,0,1,0,0,0,0,0,1,0,1,0,1,0,0,0,0,0,4,0,106.21296296296296,-1.9129629629629648
7824-PANSQ,1,0,0,0,58,1,0,80.65,4807.35,0,0,1,1,0,0,0,0,0,0,0,0,1,0,0,0,0,0,0,0,0,0,1,0,82.88534482758621,-2.2353448275862036
8042-JVNFH,1,0,0,0,1,1,1,71.35,71.35,1,0,0,1,0,0,0,0,0,0,0,0,0,0,0,0,0,0,0,0,0,1,0,1,71.35,0.0
9648-BCHKM,0,0,1,1,18,1,1,24.65,471.35,0,0,1,0,1,1,0,1,0,1,0,1,0,1,0,1,0,0,1,1,0,0,0,0,26.186111111111114,-1.536111111111115
2888-ADFAO,0,0,1,1,47,1,1,21.3,1041.8,0,0,0,0,1,1,0,1,0,1,0,1,0,1,0,1,0,0,1,0,0,0,0,0,22.16595744680851,-0.8659574468085083
8707-HOEDG,0,0,1,1,70,1,1,110.2,7689.8,0,0,1,1,0,0,0,0,1,0,1,0,1,0,1,0,1,0,1,0,1,0,5,0,109.85428571428572,0.34571428571427987
3374-LXDEV,0,0,0,0,13,1,0,89.4,1132.35,1,0,1,1,0,0,0,0,1,0,1,0,1,0,0,0,0,0,0,0,1,0,3,0,87.10384615384615,2.2961538461538566
4072-IPYLT,0,0,1,1,36,1,0,51.05,1815.0,0,0,0,0,0,0,1,0,0,0,0,0,0,0,0,0,0,0,0,1,0,0,1,0,50.416666666666664,0.6333333333333329
7167-PCEYD,1,0,0,0,67,1,1,19.8,1311.3,0,0,0,0,1,1,0,1,0,1,0,1,0,1,0,1,0,0,1,0,0,1,0,0,19.571641791044776,0.22835820895522474
4936-YPJNK,0,0,0,0,10,1,1,19.9,199.45,0,0,0,0,1,1,0,1,0,1,0,1,0,1,0,1,0,0,0,0,0,1,0,1,19.945,-0.045000000000001705
1580-BMCMR,1,1,0,0,19,1,1,87.3,1637.3,0,0,0,1,0,0,1,0,0,0,0,0,0,0,0,0,1,0,0,0,1,0,2,0,86.17368421052632,1.1263157894736793
4817-KEQSP,0,0,1,1,71,1,0,19.85,1326.35,0,0,0,0,1,1,0,1,0,1,0,1,0,1,0,1,0,0,1,0,0,0,0,0,18.680985915492958,1.1690140845070438
6408-WHTEF,1,0,1,1,72,1,1,89.4,6376.55,0,0,1,0,0,0,1,0,1,0,1,0,1,0,1,0,1,0,1,0,0,1,6,0,88.56319444444445,0.8368055555555571
9251-AWQGT,0,0,1,1,48,1,0,20.0,935.9,0,0,0,0,1,1,0,1,0,1,0,1,0,1,0,1,0,0,1,0,0,1,0,0,19.497916666666665,0.502083333333335
8749-CLJXC,1,0,0,0,1,1,0,20.05,20.05,0,0,0,0,1,1,0,1,0,1,0,1,0,1,0,1,0,0,0,0,0,1,0,1,20.05,0.0
7989-VCQOH,1,0,1,1,18,1,0,83.25,1611.15,0,0,0,0,0,0,1,0,0,0,1,0,1,0,1,0,1,0,0,0,1,0,5,0,89.50833333333334,-6.25833333333334
5049-GLYVG,1,0,0,0,1,1,0,20.6,20.6,1,0,0,0,1,1,0,1,0,1,0,1,0,1,0,1,0,0,0,0,0,1,0,1,20.6,0.0
4199-QHJNM,1,1,1,0,67,1,0,102.9,6989.7,0,0,1,1,0,0,0,0,1,0,0,0,1,0,1,0,1,0,1,0,0,0,4,0,104.32388059701492,-1.4238805970149144
8882-TLVRW,1,0,1,1,69,0,0,39.1,2779.5,0,1,0,0,0,0,1,0,0,0,1,0,1,0,0,0,0,0,1,0,0,1,3,0,40.28260869565217,-1.1826086956521706
5883-GTGVD,1,0,0,0,19,1,1,99.95,1931.75,1,0,1,1,0,0,0,0,1,0,0,0,0,0,1,0,1,0,0,0,1,0,3,0,101.67105263157895,-1.7210526315789423
5135-GRQJV,1,1,1,0,72,1,1,114.5,8331.95,0,0,1,1,0,0,1,0,1,0,1,0,1,0,1,0,1,0,1,0,0,1,6,0,115.7215277777778,-1.2215277777777942
2384-OVPSA,0,1,0,0,38,1,0,20.2,735.9,0,0,0,0,1,1,0,1,0,1,0,1,0,1,0,1,0,0,1,0,0,1,0,0,19.36578947368421,0.8342105263157897
1371-WEPDS,1,1,1,0,40,1,0,55.8,2283.3,0,0,0,0,0,0,0,0,0,0,0,0,0,0,0,0,1,1,0,0,1,0,1,0,57.0825,-1.282500000000006
3580-GICBM,0,0,1,1,61,1,1,24.2,1445.2,0,0,1,0,1,1,0,1,0,1,0,1,0,1,0,1,0,0,1,0,0,1,0,0,23.691803278688525,0.5081967213114744
4817-QRJSX,0,0,0,0,10,1,1,81.0,818.05,1,0,1,1,0,0,0,0,1,0,0,0,0,0,0,0,0,0,0,1,0,0,1,1,81.80499999999999,-0.8049999999999926
9730-DRTMJ,1,0,1,0,32,1,1,72.8,2333.05,0,0,1,0,0,0,1,0,0,0,0,0,1,0,1,0,0,1,0,1,0,0,3,0,72.9078125,-0.10781250000000853
4686-UXDML,0,0,0,0,21,1,1,99.85,1992.55,0,0,1,1,0,0,0,0,1,0,0,0,0,0,1,0,1,0,0,1,0,0,3,0,94.88333333333333,4.966666666666669
3349-ANQNH,0,1,0,0,59,1,1,99.5,5890.0,0,0,1,1,0,0,0,0,0,0,1,0,0,0,1,0,1,1,0,0,1,0,3,0,99.83050847457628,-0.33050847457627697
2398-YPMUR,0,1,1,0,13,1,1,70.15,916.75,1,0,0,1,0,0,0,0,0,0,0,0,0,0,0,0,0,0,0,0,1,0,0,0,70.51923076923077,-0.3692307692307679
0932-YIXYU,0,0,0,0,47,1,0,20.25,1029.8,0,0,0,0,1,1,0,1,0,1,0,1,0,1,0,1,0,0,1,1,0,0,0,0,21.91063829787234,-1.6606382978723389
7480-SPLEF,1,0,1,1,69,1,1,26.0,1796.55,0,0,1,0,1,1,0,1,0,1,0,1,0,1,0,1,0,0,1,0,0,0,0,0,26.03695652173913,-0.036956521739128334
7636-XUHWW,1,0,0,0,2,1,1,19.9,33.7,0,0,0,0,1,1,0,1,0,1,0,1,0,1,0,1,0,0,0,1,0,0,0,1,16.85,3.049999999999997
1431-CYWMH,0,0,1,1,22,1,0,19.05,454.05,0,0,0,0,1,1,0,1,0,1,0,1,0,1,0,1,0,0,0,0,0,0,0,0,20.638636363636365,-1.5886363636363647
5937-EORGB,1,1,1,0,15,1,1,96.5,1392.25,0,0,1,1,0,0,1,0,0,0,1,0,0,0,1,0,0,0,0,0,1,0,3,0,92.81666666666666,3.683333333333337
6349-JDHQP,0,0,0,0,53,1,0,19.85,1049.6,0,0,0,0,1,1,0,1,0,1,0,1,0,1,0,1,0,0,1,1,0,0,0,0,19.80377358490566,0.04622641509434189
5539-HIVAK,0,1,1,0,28,1,0,25.7,734.6,0,0,1,0,1,1,0,1,0,1,0,1,0,1,0,1,0,0,0,0,0,1,0,0,26.235714285714288,-0.5357142857142883
5847-MXBEO,1,0,0,0,22,1,0,20.3,475.1,0,0,0,0,1,1,0,1,0,1,0,1,0,1,0,1,0,1,0,0,0,1,0,0,21.595454545454547,-1.2954545454545467
9985-MWVIX,0,0,0,0,1,1,1,70.15,70.15,1,0,0,1,0,0,0,0,0,0,0,0,0,0,0,0,0,0,0,0,0,1,0,1,70.15,0.0
4583-PARNH,1,1,1,0,16,1,1,91.55,1540.05,0,0,0,1,0,0,0,0,0,0,1,0,1,0,0,0,1,0,0,0,1,0,3,0,96.253125,-4.703125
1116-FRYVH,0,0,1,1,48,0,0,39.4,1978.65,0,1,0,0,0,0,1,0,1,0,0,0,1,0,0,0,0,0,1,0,0,1,3,0,41.221875000000004,-1.8218750000000057
1421-HCERK,1,1,1,0,30,1,1,105.7,3181.8,0,0,1,1,0,0,1,0,1,0,1,0,1,0,1,0,0,0,0,0,0,0,5,0,106.06,-0.35999999999999943
9633-XQABV,0,0,0,0,3,1,1,70.25,229.7,0,0,0,1,0,0,0,0,0,0,0,0,0,0,0,0,0,0,0,0,1,0,0,1,76.56666666666666,-6.316666666666663
0716-BQNDX,1,1,0,0,57,1,0,93.75,5625.55,0,0,1,1,0,0,1,0,0,0,0,0,1,0,0,0,1,0,1,0,1,0,3,0,98.69385964912281,-4.943859649122814
1265-XTECC,0,1,1,0,68,1,1,96.55,6581.9,1,0,1,1,0,0,1,0,1,0,0,0,0,0,0,0,1,1,0,1,0,0,3,0,96.79264705882352,-0.2426470588235219
1183-CANVH,0,0,1,0,23,1,0,60.0,1347.15,0,0,0,0,0,0,0,0,0,0,0,0,1,0,1,0,0,1,0,0,0,0,2,0,58.571739130434786,1.4282608695652144
1972-XMUWV,0,0,1,0,65,1,1,59.8,3808.2,0,0,0,0,0,0,0,0,0,0,0,0,1,0,1,0,0,0,1,1,0,0,2,0,58.58769230769231,1.2123076923076894
8679-LZBMD,1,0,1,0,44,1,1,90.65,3974.15,0,0,0,1,0,0,0,0,0,0,0,0,0,0,1,0,1,1,0,0,0,0,2,0,90.32159090909092,0.32840909090909065
3407-JMJQQ,0,0,1,1,71,1,1,109.0,7661.8,0,0,1,1,0,0,1,0,1,0,1,0,0,0,1,0,1,0,1,0,0,0,5,0,107.91267605633803,1.0873239436619713
6252-DFGTK,0,0,1,0,37,1,0,68.1,2479.25,0,0,1,0,0,0,1,0,0,0,1,0,1,0,0,0,0,1,0,1,0,0,3,0,67.00675675675676,1.0932432432432364
1539-LNKHM,0,0,0,0,12,1,0,20.4,266.6,0,0,0,0,1,1,0,1,0,1,0,1,0,1,0,1,0,0,0,0,0,1,0,1,22.21666666666667,-1.81666666666667
8645-KOMJQ,1,0,1,1,69,1,1,81.95,5601.4,0,0,1,0,0,0,0,0,1,0,1,0,1,0,1,0,1,0,1,0,0,0,5,0,81.17971014492753,0.7702898550724768
0289-IVARM,0,0,0,0,35,1,0,60.55,1982.6,0,0,0,0,0,0,1,0,1,0,1,0,0,0,0,0,0,0,0,0,1,0,3,0,56.645714285714284,3.904285714285713
9761-XUJWD,1,0,0,0,5,1,1,65.6,339.9,0,0,0,0,0,0,0,0,1,0,0,0,1,0,0,0,1,0,0,0,0,0,3,1,67.97999999999999,-2.3799999999999955
4057-FKCZK,1,0,1,1,58,1,0,82.5,4828.05,0,0,1,1,0,0,0,0,0,0,0,0,0,0,1,0,0,0,1,0,0,0,1,0,83.24224137931034,-0.7422413793103431
4291-TPNFG,1,0,1,0,72,1,1,82.3,5980.55,0,0,1,0,0,0,1,0,1,0,1,0,1,0,0,0,1,0,1,0,0,0,5,0,83.06319444444445,-0.7631944444444514
6087-YPWHO,1,0,1,0,72,1,0,68.15,4808.7,0,0,1,0,0,0,1,0,1,0,1,0,1,0,0,0,0,0,1,0,0,1,4,0,66.7875,1.3625000000000114
3090-QFUVD,0,0,0,0,1,1,0,20.3,20.3,0,0,0,0,1,1,0,1,0,1,0,1,0,1,0,1,0,0,0,1,0,0,0,1,20.3,0.0
2237-ZFSMY,0,0,0,0,39,1,1,95.55,3692.85,1,0,0,1,0,0,1,0,0,0,1,0,1,0,1,0,0,1,0,0,1,0,4,0,94.68846153846154,0.8615384615384585
1722-LDZJS,1,0,1,1,53,1,0,20.2,1068.15,0,0,0,0,1,1,0,1,0,1,0,1,0,1,0,1,0,1,0,1,0,0,0,0,20.15377358490566,0.046226415094338336
1818-ESQMW,0,0,0,0,27,1,1,89.2,2383.6,0,0,0,1,0,0,0,0,0,0,1,0,1,0,0,0,1,0,0,0,1,0,3,0,88.28148148148148,0.9185185185185247
4871-JTKJF,0,1,0,0,1,1,1,69.65,69.65,1,0,0,1,0,0,0,0,0,0,0,0,0,0,0,0,0,0,0,0,1,0,0,1,69.65,0.0
1415-YFWLT,0,1,0,0,1,1,1,89.3,89.3,1,0,0,1,0,0,0,0,0,0,0,0,0,0,1,0,1,0,0,0,1,0,2,1,89.3,0.0
7401-RUBNK,0,0,1,0,18,1,0,74.8,1438.05,0,0,0,1,0,0,1,0,0,0,0,0,0,0,0,0,0,0,0,0,1,0,1,0,79.89166666666667,-5.091666666666669
0506-YLVKJ,1,0,1,1,46,1,1,20.2,917.45,0,0,0,0,1,1,0,1,0,1,0,1,0,1,0,1,0,0,1,0,0,1,0,0,19.944565217391304,0.25543478260869534
8661-BOYNW,0,0,1,0,72,1,1,84.4,6096.45,0,0,1,0,0,0,1,0,0,0,1,0,1,0,1,0,1,0,1,1,0,0,5,0,84.67291666666667,-0.27291666666666003
6711-VTNRE,0,0,0,0,36,1,1,87.55,3078.1,1,0,0,1,0,0,0,0,0,0,1,0,1,0,0,0,1,0,0,0,1,0,3,0,85.50277777777778,2.047222222222217
4815-GBTCD,0,0,1,0,4,0,1,25.15,99.95,0,1,0,0,0,0,0,0,0,0,0,0,0,0,0,0,0,0,0,0,1,0,0,1,24.9875,0.16249999999999787
2805-AUFQN,0,0,0,0,25,1,0,19.8,475.2,0,0,0,0,1,1,0,1,0,1,0,1,0,1,0,1,0,0,1,1,0,0,0,0,19.008,0.7920000000000016
0980-PVMRC,0,0,1,1,40,0,1,50.85,2036.55,0,1,0,0,0,0,0,0,1,0,0,0,0,0,1,0,1,0,0,0,1,0,3,0,50.91375,-0.06374999999999886
7233-DRTRF,1,0,1,0,63,1,1,102.4,6444.05,0,0,1,1,0,0,0,0,1,0,1,0,0,0,1,0,1,0,0,0,1,0,4,0,102.28650793650795,0.11349206349206042
3500-RMZLT,0,1,0,0,15,1,1,96.3,1426.75,1,0,0,1,0,0,1,0,0,0,1,0,1,0,0,0,1,0,0,0,0,1,4,0,95.11666666666666,1.1833333333333371
3873-NFTGI,1,0,0,0,14,1,1,55.5,767.55,0,0,1,0,0,0,0,0,1,0,0,0,0,0,0,0,0,0,0,1,0,0,1,0,54.824999999999996,0.6750000000000043
1162-ECVII,1,1,1,0,72,1,1,109.75,7932.5,0,0,1,1,0,0,0,0,1,0,1,0,1,0,1,0,1,0,1,0,0,0,5,0,110.17361111111111,-0.42361111111111427
7048-GXDAY,1,0,0,0,39,1,1,106.4,4040.65,0,0,1,1,0,0,1,0,1,0,0,0,0,0,1,0,1,0,0,0,1,0,4,0,103.60641025641026,2.7935897435897488
8571-ZCMCX,0,0,1,1,47,0,1,60.0,2768.65,0,1,0,0,0,0,1,0,1,0,1,0,0,0,1,0,1,0,1,1,0,0,5,0,58.90744680851064,1.0925531914893583
1169-WCVAK,1,0,1,0,19,1,1,88.8,1672.35,0,0,1,1,0,0,1,0,1,0,0,0,1,0,0,0,0,0,0,1,0,0,3,0,88.01842105263158,0.7815789473684163
4548-SDBKE,0,0,0,0,5,1,1,85.2,474.8,1,0,1,1,0,0,0,0,0,0,0,0,0,0,1,0,0,0,0,0,1,0,1,1,94.96000000000001,-9.760000000000005
8066-POXGX,0,0,0,0,13,0,1,35.1,446.1,1,1,0,0,0,0,0,0,0,0,0,0,0,0,0,0,1,0,0,0,1,0,1,0,34.315384615384616,0.7846153846153854
7129-CAKJW,0,0,0,0,17,1,0,80.05,1345.65,0,0,1,1,0,0,0,0,0,0,1,0,0,0,0,0,0,0,0,0,0,0,1,0,79.15588235294118,0.8941176470588204
8695-ARGXZ,1,1,1,0,34,1,1,75.55,2425.4,0,0,1,1,0,0,0,0,0,0,0,0,0,0,0,0,0,0,0,0,1,0,0,0,71.33529411764707,4.214705882352931
3570-YUEKJ,0,0,0,0,42,1,1,49.55,2077.95,0,0,0,0,0,0,0,0,1,0,0,0,0,0,0,0,0,0,0,0,1,0,1,0,49.474999999999994,0.07500000000000284
4143-OOBWZ,1,0,1,0,5,1,1,81.3,416.3,1,0,1,1,0,0,0,0,1,0,0,0,0,0,0,0,0,0,0,0,1,0,1,1,83.26,-1.960000000000008
1555-HAPSU,0,0,1,1,71,1,0,23.9,1663.5,0,0,1,0,1,1,0,1,0,1,0,1,0,1,0,1,0,0,1,1,0,0,0,0,23.429577464788732,0.47042253521126653
1697-NVVGY,1,1,1,0,19,1,0,66.4,1286.05,0,0,0,0,0,0,1,0,0,0,1,0,0,0,1,0,0,0,0,0,0,0,3,0,67.68684210526315,-1.2868421052631476
7854-EKTJL,0,0,0,1,2,1,1,19.6,35.85,1,0,0,0,1,1,0,1,0,1,0,1,0,1,0,1,0,0,0,0,1,0,0,1,17.925,1.6750000000000007
8464-EETCQ,1,0,0,0,57,1,0,18.8,1094.35,0,0,0,0,1,1,0,1,0,1,0,1,0,1,0,1,0,0,1,1,0,0,0,0,19.19912280701754,-0.399122807017541
2419-FSORS,1,0,1,0,72,1,1,108.4,7719.5,0,0,1,1,0,0,0,0,1,0,1,0,1,0,1,0,1,0,1,0,1,0,5,0,107.21527777777777,1.1847222222222342
8132-YPVBX,0,0,0,0,6,1,1,85.95,514.6,0,0,0,1,0,0,0,0,1,0,0,0,0,0,0,0,1,0,0,0,0,1,2,1,85.76666666666667,0.18333333333333712
9102-IAYHT,0,0,1,1,17,1,1,85.45,1451.6,1,0,1,1,0,0,0,0,0,0,0,0,0,0,0,0,1,0,0,0,1,0,1,0,85.38823529411764,0.06176470588236782
6754-LZUKA,1,0,1,0,61,1,0,80.9,4932.5,0,0,1,0,0,0,0,0,1,0,1,0,0,0,1,0,1,0,1,0,0,0,4,0,80.86065573770492,0.03934426229508858
3422-LYEPQ,1,0,1,1,1,1,1,71.0,71.0,1,0,0,1,0,0,0,0,0,0,0,0,0,0,0,0,0,0,0,0,1,0,0,1,71.0,0.0
8099-MZPUJ,1,0,1,1,48,1,0,111.8,5443.65,0,0,1,1,0,0,1,0,1,0,1,0,1,0,1,0,1,0,1,1,0,0,6,0,113.409375,-1.609375
0787-LHDYT,1,0,0,0,16,1,1,20.6,330.25,0,0,0,0,1,1,0,1,0,1,0,1,0,1,0,1,0,0,0,1,0,0,0,0,20.640625,-0.04062499999999858
2642-DTVCO,1,1,0,0,9,1,1,85.05,746.5,1,0,1,1,0,0,0,0,0,0,0,0,0,0,0,0,1,0,0,0,1,0,1,1,82.94444444444444,2.1055555555555543
0374-IOEGQ,0,0,0,0,3,1,0,44.6,122.7,0,0,0,0,0,0,0,0,0,0,0,0,0,0,0,0,0,0,0,0,1,0,0,1,40.9,3.700000000000003
4361-JEIVL,1,0,0,1,1,1,1,44.4,44.4,1,0,0,0,0,0,0,0,0,0,0,0,0,0,0,0,0,0,0,0,1,0,0,1,44.4,0.0
3197-NNYNB,1,0,0,0,65,1,0,105.1,6631.85,0,0,1,1,0,0,0,0,1,0,1,0,0,0,1,0,1,0,1,1,0,0,4,0,102.02846153846154,3.0715384615384522
3396-DKDEL,0,0,1,1,70,1,1,115.15,8250.0,0,0,1,1,0,0,1,0,1,0,1,0,1,0,1,0,1,0,1,1,0,0,6,0,117.85714285714286,-2.7071428571428555
1752-OZXFY,1,0,1,0,60,1,1,59.8,3561.15,0,0,0,0,0,0,1,0,0,0,0,0,0,0,1,0,0,1,0,0,0,1,2,0,59.3525,0.447499999999998
9066-QRSDU,0,0,1,0,69,1,1,26.3,1763.55,0,0,1,0,1,1,0,1,0,1,0,1,0,1,0,1,0,1,0,0,1,0,0,0,25.558695652173913,0.7413043478260875
9112-WSNPU,0,1,0,0,35,1,0,70.55,2419.0,0,0,0,1,0,0,0,0,0,0,0,0,0,0,0,0,0,0,0,0,1,0,0,0,69.11428571428571,1.4357142857142833
9867-NNXLC,0,0,0,0,22,1,1,20.05,470.2,0,0,0,0,1,1,0,1,0,1,0,1,0,1,0,1,0,0,0,0,0,1,0,0,21.37272727272727,-1.3227272727272705
5321-NTRKC,1,0,1,1,66,1,0,79.85,5234.95,0,0,1,0,0,0,0,0,1,0,1,0,0,0,1,0,1,0,1,0,0,0,4,0,79.31742424242424,0.5325757575757564
1363-TXLSL,1,1,1,0,1,1,1,70.3,70.3,1,0,0,1,0,0,0,0,0,0,0,0,0,0,0,0,0,0,0,0,1,0,0,1,70.3,0.0
9507-EXLTT,0,0,1,0,1,1,1,79.35,79.35,1,0,0,1,0,0,0,0,0,0,0,0,0,0,1,0,0,0,0,0,0,0,1,1,79.35,0.0
3161-GETRM,1,0,1,1,34,1,1,90.05,3097.0,0,0,1,1,0,0,0,0,0,0,1,0,0,0,0,0,1,0,0,1,0,0,2,0,91.08823529411765,-1.038235294117655
0402-OAMEN,0,0,1,1,72,1,0,24.45,1709.1,0,0,1,0,1,1,0,1,0,1,0,1,0,1,0,1,0,0,1,0,0,0,0,0,23.737499999999997,0.7125000000000021
6933-VLYFX,1,0,1,1,31,0,0,59.95,1848.8,0,1,0,0,0,0,1,0,0,0,1,0,1,0,1,0,1,1,0,0,1,0,5,0,59.63870967741936,0.31129032258064626
6754-WKSHP,1,0,0,1,30,1,0,25.35,723.3,0,0,1,0,1,1,0,1,0,1,0,1,0,1,0,1,0,1,0,0,0,0,0,0,24.11,1.240000000000002
9846-GKXAS,0,0,0,0,9,1,1,90.8,809.75,1,0,0,1,0,0,0,0,0,0,0,0,0,0,1,0,1,0,0,0,0,0,2,1,89.97222222222223,0.8277777777777686
6017-PPLPX,1,0,1,1,20,1,1,70.45,1470.95,1,0,0,1,0,0,0,0,0,0,0,0,0,0,0,0,0,0,0,0,1,0,0,0,73.5475,-3.0974999999999966
4976-LNFVV,1,1,1,0,19,0,1,34.3,577.15,0,1,0,0,0,0,0,0,1,0,1,0,0,0,0,0,0,0,0,1,0,0,2,0,30.376315789473683,3.9236842105263143
5055-MGMGF,0,0,1,0,65,1,1,105.05,6914.95,0,0,1,1,0,0,1,0,0,0,1,0,0,0,1,0,1,0,0,0,1,0,4,0,106.38384615384615,-1.333846153846153
4641-FROLU,0,0,1,1,30,1,0,19.3,602.9,0,0,0,0,1,1,0,1,0,1,0,1,0,1,0,1,0,0,1,0,0,1,0,0,20.096666666666668,-0.7966666666666669
2862-JVEOY,1,0,0,0,6,1,0,19.15,124.4,0,0,0,0,1,1,0,1,0,1,0,1,0,1,0,1,0,1,0,0,0,1,0,1,20.733333333333334,-1.5833333333333357
2969-QWUBZ,0,0,0,0,2,0,0,51.4,96.8,0,1,0,0,0,0,0,0,1,0,0,0,0,0,1,0,1,0,0,0,1,0,3,1,48.4,3.0
9822-BIIGN,1,0,1,1,53,1,0,71.85,3827.9,0,0,1,0,0,0,1,0,0,0,0,0,1,0,0,0,1,0,0,0,1,0,3,0,72.22452830188679,-0.374528301886798
2077-MPJQO,1,1,1,0,7,1,1,75.4,533.05,0,0,1,1,0,0,0,0,0,0,0,0,0,0,0,0,0,0,0,0,1,0,0,1,76.14999999999999,-0.7499999999999858
1534-OULXE,0,0,1,1,61,1,1,49.7,2961.4,0,0,0,0,0,0,1,0,0,0,0,0,0,0,0,0,0,1,0,0,0,0,1,0,48.54754098360656,1.1524590163934434
7136-RVDTZ,1,1,0,0,70,0,1,45.25,3264.45,1,1,0,0,0,0,0,0,0,0,0,0,0,0,1,0,1,1,0,0,1,0,2,0,46.635,-1.384999999999998
2971-SGAFL,0,0,0,0,13,1,1,78.75,995.35,0,0,1,0,0,0,1,0,0,0,1,0,0,0,1,0,1,0,0,0,1,0,4,0,76.56538461538462,2.184615384615384
1480-IVEVR,1,1,1,0,35,1,1,81.6,2815.25,0,0,1,1,0,0,0,0,0,0,1,0,0,0,0,0,0,1,0,0,0,0,1,0,80.43571428571428,1.164285714285711
2905-KFQUV,0,0,1,0,2,1,1,70.4,154.8,0,0,0,1,0,0,0,0,0,0,0,0,0,0,0,0,0,0,0,1,0,0,0,1,77.4,-7.0
4581-SSPWD,0,0,0,0,3,1,1,75.8,246.3,1,0,1,1,0,0,0,0,0,0,0,0,0,0,0,0,0,0,0,0,1,0,0,1,82.10000000000001,-6.300000000000011
3370-HXOPH,0,0,0,0,3,1,0,76.1,257.6,0,0,1,1,0,0,0,0,0,0,0,0,0,0,0,0,0,0,0,0,1,0,0,1,85.86666666666667,-9.76666666666668
9391-YZEJW,0,0,0,0,62,1,1,94.0,5757.2,0,0,1,1,0,0,0,0,0,0,0,0,0,0,1,0,1,1,0,0,0,0,2,0,92.85806451612903,1.1419354838709666
9958-MEKUC,1,0,1,1,72,1,0,103.95,7517.7,0,0,1,1,0,0,1,0,1,0,1,0,1,0,0,0,1,0,1,1,0,0,5,0,104.4125,-0.4624999999999915
0281-CNTZX,1,0,1,0,63,1,1,19.95,1234.8,0,0,0,0,1,1,0,1,0,1,0,1,0,1,0,1,0,0,1,0,0,0,0,0,19.599999999999998,0.3500000000000014
6927-WTFIV,1,1,0,0,20,1,0,71.3,1389.2,1,0,0,1,0,0,0,0,0,0,0,0,0,0,0,0,0,0,0,1,0,0,0,0,69.46000000000001,1.8399999999999892
4118-CEVPF,0,1,0,0,35,1,1,110.8,3836.3,0,0,1,1,0,0,1,0,1,0,1,0,1,0,1,0,1,1,0,0,0,0,6,0,109.60857142857144,1.1914285714285597
3398-ZOUAA,1,1,1,0,21,1,1,69.1,1474.75,1,0,0,1,0,0,0,0,0,0,0,0,0,0,0,0,0,0,0,0,1,0,0,0,70.22619047619048,-1.1261904761904873
9114-VEPUF,1,0,1,0,62,1,0,96.1,6001.45,0,0,1,1,0,0,1,0,1,0,0,0,0,0,0,0,1,1,0,0,1,0,3,0,96.79758064516129,-0.6975806451612954
7876-BEUTG,0,0,0,0,15,1,1,48.8,720.1,0,0,1,0,0,0,0,0,0,0,0,0,0,0,0,0,0,0,0,0,0,1,0,0,48.00666666666667,0.7933333333333294
2338-BQEZT,0,0,0,0,55,1,1,50.55,2832.75,0,0,0,0,0,0,1,0,0,0,0,0,0,0,0,0,0,0,0,1,0,0,1,0,51.50454545454546,-0.9545454545454604
9873-MNDKV,0,0,0,0,11,1,1,44.65,472.25,0,0,0,0,0,0,0,0,0,0,0,0,0,0,0,0,0,0,0,0,0,1,0,1,42.93181818181818,1.7181818181818187
0378-NHQXU,0,0,1,1,17,1,0,88.25,1460.65,1,0,1,1,0,0,0,0,0,0,1,0,0,0,1,0,0,0,0,0,1,0,2,0,85.92058823529412,2.329411764705881
8241-JUIQO,0,0,0,0,61,1,0,19.45,1336.35,0,0,0,0,1,1,0,1,0,1,0,1,0,1,0,1,0,1,0,0,0,0,0,0,21.907377049180326,-2.4573770491803266
2194-IIQOF,0,0,1,0,71,1,0,89.3,6388.65,0,0,1,0,0,0,1,0,1,0,1,0,1,0,1,0,1,0,1,1,0,0,6,0,89.98098591549295,-0.6809859154929541
4512-ZUIYL,0,0,0,0,2,1,0,70.0,153.05,1,0,0,1,0,0,0,0,0,0,0,0,0,0,0,0,0,0,0,0,0,0,0,1,76.525,-6.525000000000006
9631-RXVJM,1,0,0,0,35,1,0,19.25,677.9,0,0,0,0,1,1,0,1,0,1,0,1,0,1,0,1,0,0,1,0,0,1,0,0,19.36857142857143,-0.11857142857142833
9584-EXCDZ,0,0,0,0,17,1,0,70.5,1165.6,0,0,0,1,0,0,0,0,0,0,0,0,0,0,0,0,0,0,0,0,0,0,0,0,68.56470588235294,1.9352941176470608
7969-AULMZ,0,0,0,0,21,1,1,97.35,2119.5,1,0,1,1,0,0,0,0,0,0,0,0,0,0,1,0,1,0,0,0,1,0,2,0,100.92857142857143,-3.5785714285714363
5093-FEGLU,0,0,1,0,47,1,0,19.65,921.55,0,0,0,0,1,1,0,1,0,1,0,1,0,1,0,1,0,0,1,0,0,0,0,0,19.607446808510637,0.0425531914893611
2621-UDNLU,0,0,1,0,3,1,0,20.85,72.0,0,0,0,0,1,1,0,1,0,1,0,1,0,1,0,1,0,0,0,0,0,1,0,1,24.0,-3.1499999999999986
7526-IVLYU,1,0,0,0,3,1,1,19.65,68.35,0,0,0,0,1,1,0,1,0,1,0,1,0,1,0,1,0,0,0,0,0,1,0,1,22.78333333333333,-3.133333333333333
2428-HYUNX,1,1,1,0,44,1,1,19.35,847.25,0,0,0,0,1,1,0,1,0,1,0,1,0,1,0,1,0,0,1,1,0,0,0,0,19.255681818181817,0.09431818181818485
9214-EKVXR,0,0,0,0,1,1,1,44.0,44.0,0,0,0,0,0,0,0,0,0,0,0,0,0,0,0,0,0,0,0,0,0,1,0,1,44.0,0.0
3410-MHHUM,0,0,1,1,44,1,0,94.4,4295.35,0,0,1,1,0,0,0,0,1,0,1,0,0,0,0,0,1,1,0,0,1,0,3,0,97.62159090909091,-3.2215909090909065
0568-ONFPC,1,0,1,1,5,1,1,25.9,135.0,1,0,1,0,1,1,0,1,0,1,0,1,0,1,0,1,0,0,0,0,0,0,0,1,27.0,-1.1000000000000014
0733-VUNUW,1,0,0,0,24,1,1,55.65,1400.55,1,0,1,0,0,0,1,0,0,0,0,0,0,0,0,0,0,0,0,0,0,0,1,0,58.356249999999996,-2.706249999999997
4550-EVXNY,0,0,0,1,1,1,1,69.65,69.65,1,0,0,1,0,0,0,0,0,0,0,0,0,0,0,0,0,0,0,0,1,0,0,1,69.65,0.0
2122-YWVYA,0,0,0,0,18,1,1,75.4,1380.4,0,0,0,1,0,0,1,0,0,0,0,0,0,0,0,0,0,0,0,0,1,0,1,0,76.6888888888889,-1.2888888888888914
2968-SSGAA,0,0,0,0,10,1,1,100.6,1060.2,1,0,1,1,0,0,0,0,0,0,1,0,0,0,1,0,1,0,0,0,1,0,3,1,106.02000000000001,-5.420000000000016
2296-DKZFP,0,0,1,0,65,1,0,71.0,4386.2,0,0,0,0,0,0,1,0,1,0,1,0,0,0,0,0,1,0,1,0,0,0,4,0,67.48,3.519999999999996
4844-JJWUY,0,1,0,0,1,1,1,86.0,86.0,1,0,0,1,0,0,0,0,1,0,0,0,0,0,0,0,1,0,0,0,1,0,2,1,86.0,0.0
6777-TGHTM,0,0,0,0,53,1,1,106.95,5785.5,1,0,1,1,0,0,1,0,0,0,1,0,0,0,1,0,1,1,0,1,0,0,4,0,109.16037735849056,-2.210377358490561
8909-BOLNL,1,0,0,0,3,1,0,21.2,52.05,0,0,0,0,1,1,0,1,0,1,0,1,0,1,0,1,0,1,0,0,0,1,0,1,17.349999999999998,3.8500000000000014
6603-YRDCJ,1,0,1,0,33,1,1,61.05,2018.4,0,0,0,0,0,0,1,0,1,0,0,0,1,0,0,0,0,0,1,0,0,1,3,0,61.163636363636364,-0.11363636363636687
3538-WZPHD,1,0,0,0,3,0,1,29.6,79.45,1,1,0,0,0,0,0,0,1,0,0,0,0,0,0,0,0,0,0,0,1,0,1,1,26.483333333333334,3.116666666666667
3229-USWAR,0,0,0,0,34,1,1,79.95,2727.3,0,0,0,0,0,0,1,0,0,0,1,0,1,0,1,0,1,1,0,0,0,0,5,0,80.21470588235294,-0.264705882352942
2138-VFAPZ,0,0,1,1,14,1,1,19.7,263.65,0,0,0,0,1,1,0,1,0,1,0,1,0,1,0,1,0,0,1,0,0,1,0,0,18.832142857142856,0.8678571428571438
6131-JLWZM,0,0,0,0,13,1,1,20.3,275.4,0,0,0,0,1,1,0,1,0,1,0,1,0,1,0,1,0,0,0,0,0,1,0,0,21.184615384615384,-0.8846153846153832
4785-QRJHC,1,1,1,0,46,0,1,59.9,2816.65,1,1,0,0,0,0,0,0,1,0,1,0,1,0,1,0,1,1,0,0,0,0,5,0,61.231521739130436,-1.3315217391304373
0269-XFESX,1,0,1,1,23,1,0,24.35,538.5,0,0,1,0,1,1,0,1,0,1,0,1,0,1,0,1,0,1,0,0,0,1,0,0,23.41304347826087,0.9369565217391305
1709-EJDOX,0,0,1,1,47,1,0,19.75,948.9,0,0,0,0,1,1,0,1,0,1,0,1,0,1,0,1,0,0,1,0,0,1,0,0,20.18936170212766,-0.439361702127659
4316-XCSLJ,1,0,0,1,17,1,1,50.3,846.8,0,0,0,0,0,0,1,0,0,0,0,0,0,0,0,0,0,0,0,0,0,1,1,0,49.811764705882354,0.48823529411764355
8610-WFCJF,0,0,1,1,49,1,1,95.6,4783.5,1,0,1,1,0,0,0,0,0,0,0,0,0,0,1,0,1,0,0,0,1,0,2,0,97.62244897959184,-2.022448979591843
9693-XMUOB,1,1,1,0,59,0,1,50.25,2997.45,0,1,0,0,0,0,0,0,1,0,0,0,0,0,1,0,1,0,0,0,1,0,3,0,50.80423728813559,-0.5542372881355888
0383-CLDDA,0,0,0,0,69,1,1,85.35,5897.4,0,0,1,0,0,0,1,0,0,0,1,0,1,0,1,0,1,0,1,1,0,0,5,0,85.4695652173913,-0.11956521739131176
4905-JEFDW,1,0,0,0,11,0,1,41.6,470.6,1,1,0,0,0,0,0,0,0,0,1,0,0,0,1,0,0,1,0,0,1,0,2,1,42.78181818181818,-1.1818181818181799
2709-UQGNP,1,0,0,0,10,1,1,51.65,524.5,0,0,0,0,0,0,1,0,0,0,0,0,0,0,0,0,0,0,0,0,0,1,1,1,52.45,-0.8000000000000043
3549-ZTMNH,1,0,1,1,12,1,1,24.0,269.65,0,0,1,0,1,1,0,1,0,1,0,1,0,1,0,1,0,0,1,0,0,0,0,1,22.47083333333333,1.5291666666666686
7881-INRLC,1,0,0,0,45,1,1,100.85,4740.0,1,0,1,1,0,0,0,0,1,0,0,0,0,0,1,0,1,0,0,1,0,0,3,0,105.33333333333333,-4.483333333333334
8033-ATFAS,0,0,1,1,39,1,1,59.85,2341.5,0,0,0,0,0,0,0,0,0,0,1,0,0,0,1,0,0,0,0,0,0,1,2,0,60.03846153846154,-0.18846153846153868
1635-NZATJ,1,1,1,0,71,1,0,25.45,1789.65,0,0,1,0,1,1,0,1,0,1,0,1,0,1,0,1,0,0,1,1,0,0,0,0,25.206338028169014,0.24366197183098492
0562-HKHML,1,0,1,1,71,1,0,23.9,1626.4,0,0,1,0,1,1,0,1,0,1,0,1,0,1,0,1,0,0,1,1,0,0,0,0,22.907042253521126,0.9929577464788721
8277-RVRSV,0,0,1,1,33,1,0,24.15,800.3,0,0,1,0,1,1,0,1,0,1,0,1,0,1,0,1,0,1,0,1,0,0,0,0,24.25151515151515,-0.10151515151515156
9943-VSZUV,1,1,0,0,67,1,1,75.7,5060.85,0,0,1,1,0,0,0,0,0,0,0,0,0,0,0,0,0,0,0,0,0,1,0,0,75.53507462686568,0.16492537313432365
0117-LFRMW,1,0,1,1,37,0,0,40.2,1448.8,1,1,0,0,0,0,1,0,1,0,1,0,0,0,0,0,0,0,0,0,0,0,3,0,39.15675675675676,1.0432432432432464
6172-FECYY,1,0,1,1,49,1,0,84.5,4254.85,1,0,1,1,0,0,0,0,0,0,0,0,0,0,1,0,0,0,0,0,1,0,1,0,86.83367346938776,-2.3336734693877617
7054-ENNGU,0,0,1,0,9,1,0,50.85,466.6,0,0,0,0,0,0,0,0,1,0,0,0,0,0,0,0,0,0,0,0,0,1,1,1,51.84444444444445,-0.9944444444444471
1455-HFBXA,1,0,1,0,52,1,1,91.6,4627.8,0,0,1,1,0,0,1,0,0,0,1,0,1,0,0,0,0,0,1,1,0,0,3,0,88.99615384615385,2.603846153846149
9402-CXWPL,0,0,0,0,70,1,0,98.9,6838.6,0,0,1,1,0,0,0,0,1,0,0,0,0,0,1,0,1,1,0,0,1,0,3,0,97.69428571428573,1.2057142857142793
1628-BIZYP,1,0,0,0,1,1,1,85.0,85.0,0,0,0,1,0,0,0,0,1,0,0,0,0,0,0,0,1,0,0,0,1,0,2,1,85.0,0.0
1965-AKTSX,0,1,0,0,14,1,1,78.95,1101.85,1,0,1,1,0,0,0,0,1,0,0,0,0,0,0,0,0,0,0,0,1,0,1,0,78.70357142857142,0.24642857142858077
0082-LDZUE,1,0,0,0,1,1,1,44.3,44.3,0,0,0,0,0,0,0,0,0,0,0,0,0,0,0,0,0,0,0,0,0,1,0,1,44.3,0.0
4786-UKSNZ,1,0,0,0,1,1,0,20.2,20.2,1,0,0,0,1,1,0,1,0,1,0,1,0,1,0,1,0,0,0,0,0,1,0,1,20.2,0.0
5343-SGUBI,0,0,0,0,52,1,1,80.2,4297.6,0,0,1,1,0,0,0,0,1,0,0,0,0,0,0,0,0,1,0,0,0,1,1,0,82.64615384615385,-2.446153846153848
0856-NAOES,1,0,0,0,6,1,0,60.9,414.1,0,0,0,0,0,0,0,0,0,0,1,0,0,0,1,0,0,0,0,0,0,1,2,1,69.01666666666667,-8.116666666666667
1976-AZZPJ,1,0,1,0,7,0,0,34.2,256.6,0,1,0,0,0,0,1,0,1,0,0,0,0,0,0,0,0,0,0,0,0,1,2,1,36.65714285714286,-2.4571428571428555
7248-VZQLC,0,1,0,0,47,1,1,85.2,3969.35,1,0,1,1,0,0,0,0,1,0,1,0,0,0,0,0,0,0,0,0,0,0,2,0,84.45425531914893,0.7457446808510753
6156-UZDLF,0,0,0,0,26,1,1,87.15,2274.1,0,0,0,1,0,0,1,0,0,0,1,0,1,0,0,0,0,1,0,1,0,0,3,0,87.46538461538461,-0.31538461538460183
3099-OONVS,1,0,1,1,25,1,0,54.3,1296.8,0,0,0,0,0,0,1,0,0,0,0,0,1,0,0,0,0,0,0,0,1,0,2,0,51.872,2.4279999999999973
9500-WBGRP,1,0,0,0,69,1,1,19.1,1268.85,0,0,0,0,1,1,0,1,0,1,0,1,0,1,0,1,0,0,1,0,0,1,0,0,18.389130434782608,0.7108695652173935
5183-KLYEM,0,0,0,0,72,1,1,112.75,8192.6,0,0,1,1,0,0,1,0,1,0,1,0,1,0,1,0,1,0,1,1,0,0,6,0,113.78611111111111,-1.0361111111111114
5144-PQCDZ,1,0,0,0,4,1,1,19.95,59.25,0,0,0,0,1,1,0,1,0,1,0,1,0,1,0,1,0,0,0,0,0,1,0,1,14.8125,5.137499999999999
8514-VZHEB,1,0,1,1,59,1,0,19.5,1147.85,0,0,0,0,1,1,0,1,0,1,0,1,0,1,0,1,0,0,1,0,0,1,0,0,19.45508474576271,0.04491525423728859
6625-IUTTT,1,0,0,0,67,1,0,65.55,4361.55,0,0,0,0,0,0,1,0,0,0,1,0,0,0,0,0,1,0,1,0,0,0,3,0,65.09776119402986,0.4522388059701399
9355-NPPFS,0,1,0,0,26,1,1,78.8,2006.1,0,0,0,1,0,0,0,0,0,0,0,0,0,0,0,0,1,0,0,0,1,0,1,0,77.1576923076923,1.6423076923076962
0068-FIGTF,0,0,0,0,27,1,0,78.2,2078.95,0,0,0,0,0,0,0,0,1,0,1,0,1,0,1,0,1,1,0,0,0,1,5,0,76.99814814814815,1.2018518518518562
5965-GGPRW,1,0,1,1,72,1,0,105.25,7609.75,0,0,1,1,0,0,1,0,0,0,1,0,0,0,1,0,1,0,1,0,0,0,4,0,105.69097222222223,-0.44097222222222854
8035-PWSEV,0,0,0,0,6,1,1,89.25,487.05,0,0,0,1,0,0,0,0,0,0,1,0,1,0,0,0,1,0,0,0,1,0,3,1,81.175,8.075000000000003
2236-HILPA,1,0,1,1,62,1,0,20.65,1218.45,0,0,0,0,1,1,0,1,0,1,0,1,0,1,0,1,0,0,1,1,0,0,0,0,19.65241935483871,0.997580645161289
1840-BIUOG,1,0,0,0,20,1,1,68.7,1416.2,0,0,1,0,0,0,0,0,1,0,0,0,1,0,1,0,0,1,0,0,1,0,3,0,70.81,-2.1099999999999994
1356-MKYSK,1,0,0,0,6,1,0,78.65,483.3,0,0,0,0,0,0,1,0,0,0,1,0,1,0,1,0,1,0,0,1,0,0,5,1,80.55,-1.8999999999999915
6080-LNESI,1,0,0,0,51,1,0,24.75,1234.6,0,0,1,0,1,1,0,1,0,1,0,1,0,1,0,1,0,0,1,0,0,1,0,0,24.2078431372549,0.5421568627450988
1830-IPXVJ,0,0,1,1,61,1,0,19.75,1311.6,0,0,0,0,1,1,0,1,0,1,0,1,0,1,0,1,0,0,1,1,0,0,0,0,21.501639344262294,-1.7516393442622942
5828-DWPIL,1,1,1,0,62,1,1,89.1,5618.3,0,0,1,1,0,0,1,0,1,0,1,0,0,0,0,0,0,0,0,0,1,0,3,0,90.61774193548388,-1.5177419354838833
8398-TBIYD,0,0,0,0,72,1,1,84.7,6185.15,0,0,1,1,0,0,1,0,0,0,0,0,1,0,0,0,0,0,1,0,0,0,2,0,85.9048611111111,-1.2048611111111
0011-IGKFF,1,1,1,0,13,1,1,98.0,1237.85,1,0,0,1,0,0,0,0,1,0,1,0,0,0,1,0,1,0,0,0,1,0,4,0,95.21923076923076,2.7807692307692378
4192-GORJT,1,0,1,0,5,1,1,94.45,498.1,1,0,0,1,0,0,0,0,0,0,1,0,0,0,1,0,1,0,0,0,1,0,3,1,99.62,-5.170000000000002
6496-SLWHQ,1,1,0,0,3,1,1,105.0,294.45,1,0,1,1,0,0,0,0,1,0,1,0,0,0,1,0,1,0,0,0,1,0,4,1,98.14999999999999,6.8500000000000085
9912-GVSEQ,0,1,1,0,26,1,1,93.85,2381.55,1,0,1,1,0,0,0,0,1,0,1,0,0,0,0,0,1,0,0,0,1,0,3,0,91.59807692307693,2.251923076923063
2931-FSOHN,1,1,0,0,13,1,1,59.9,788.35,0,0,0,0,0,0,0,0,1,0,0,0,0,0,1,0,0,0,0,0,1,0,2,0,60.642307692307696,-0.7423076923076977
9418-RUKPH,0,0,1,1,38,1,1,19.95,756.4,0,0,0,0,1,1,0,1,0,1,0,1,0,1,0,1,0,0,1,0,0,1,0,0,19.905263157894737,0.0447368421052623
5383-MMTWC,0,1,1,0,8,1,1,84.0,613.4,1,0,1,1,0,0,0,0,0,0,0,0,0,0,0,0,1,0,0,0,1,0,1,1,76.675,7.325000000000003
9971-ZWPBF,1,1,1,1,34,1,1,108.9,3625.2,0,0,1,1,0,0,0,0,1,0,1,0,1,0,1,0,1,0,0,0,1,0,5,0,106.62352941176471,2.2764705882352985
4712-AUQZO,1,0,0,0,18,0,0,33.6,550.35,0,1,0,0,0,0,1,0,0,0,1,0,0,0,0,0,0,0,0,0,0,1,2,0,30.575000000000003,3.0249999999999986
9711-FJTBX,1,0,1,1,56,1,1,85.85,4793.8,0,0,0,1,0,0,0,0,1,0,1,0,1,0,0,0,0,1,0,0,0,1,3,0,85.60357142857143,0.24642857142856656
2908-ZTPNF,0,0,0,0,36,0,1,34.85,1267.2,0,1,0,0,0,0,0,0,1,0,0,0,1,0,0,0,0,0,0,0,0,0,2,0,35.2,-0.3500000000000014
7240-ETPTR,0,0,1,0,9,0,1,48.75,442.2,1,1,0,0,0,0,0,0,0,0,1,0,0,0,1,0,1,0,0,0,1,0,3,1,49.13333333333333,-0.38333333333333286
2202-CUYXZ,1,0,0,0,1,1,1,84.85,84.85,1,0,0,1,0,0,0,0,0,0,1,0,0,0,1,0,0,0,0,0,1,0,2,1,84.85,0.0
5995-OIGLP,1,0,0,0,12,1,0,56.65,654.85,1,0,0,0,0,0,1,0,0,0,0,0,1,0,0,0,0,0,0,0,0,1,2,1,54.57083333333333,2.0791666666666657
8421-WZOOW,0,1,1,1,57,1,1,95.3,5567.45,0,0,0,1,0,0,0,0,1,0,1,0,1,0,1,0,0,0,0,1,0,0,4,0,97.67456140350878,-2.3745614035087783
6261-RCVNS,0,0,0,0,42,1,0,73.9,3160.55,1,0,0,0,0,0,1,0,1,0,1,0,1,0,0,0,1,1,0,1,0,0,5,0,75.25119047619049,-1.3511904761904816
7951-QKZPL,0,0,1,1,33,1,1,24.5,740.3,1,0,1,0,1,1,0,1,0,1,0,1,0,1,0,1,0,0,1,0,0,1,0,0,22.433333333333334,2.0666666666666664
1414-YADCW,1,0,1,0,70,1,0,84.6,5706.2,0,0,0,1,0,0,1,0,1,0,0,0,1,0,0,0,0,0,1,0,0,0,3,0,81.51714285714286,3.0828571428571365
8756-RDDLT,0,0,0,0,68,0,0,44.95,3085.35,0,1,0,0,0,0,0,0,1,0,0,0,1,0,0,0,1,0,0,0,1,0,3,0,45.37279411764706,-0.422794117647058
2862-PFNIK,1,0,0,1,1,0,1,24.7,24.7,0,1,0,0,0,0,0,0,0,0,0,0,0,0,0,0,0,0,0,0,1,0,0,1,24.7,0.0
5816-QVHRX,0,0,0,0,37,1,0,100.3,3541.4,0,0,1,1,0,0,0,0,0,0,0,0,1,0,1,0,1,0,0,1,0,0,3,0,95.71351351351352,4.5864864864864785
4430-YHXGG,0,0,0,1,4,1,1,25.45,84.2,0,0,1,0,1,1,0,1,0,1,0,1,0,1,0,1,0,0,0,0,0,1,0,1,21.05,4.399999999999999
6888-SBYAI,1,0,0,0,1,1,1,50.7,50.7,0,0,0,0,0,0,1,0,0,0,0,0,0,0,0,0,0,0,0,0,0,1,1,1,50.7,0.0
7395-XWZOY,1,0,0,0,20,0,1,55.0,1165.55,0,1,0,0,0,0,1,0,1,0,1,0,1,0,1,0,0,0,0,1,0,0,5,0,58.277499999999996,-3.2774999999999963
7169-YWAMK,1,0,1,1,72,1,0,68.4,4855.35,0,0,0,0,0,0,1,0,1,0,0,0,1,0,1,0,0,0,1,0,0,0,4,0,67.43541666666667,0.9645833333333371
3640-PHQXK,0,0,0,0,31,1,1,89.9,2806.9,1,0,1,1,0,0,0,0,0,0,1,0,0,0,0,0,1,0,0,0,1,0,2,0,90.54516129032258,-0.6451612903225765
6877-LGWXO,1,1,1,0,18,1,0,78.55,1422.65,1,0,0,1,0,0,0,0,0,0,0,0,0,0,0,0,1,0,0,0,1,0,1,0,79.03611111111111,-0.48611111111111427
6859-RKMZJ,1,0,1,0,11,1,1,55.05,608.15,0,0,0,0,0,0,0,0,0,0,0,0,0,0,1,0,0,0,0,0,0,0,1,1,55.28636363636363,-0.23636363636363455
2729-VNVAP,0,0,1,1,33,1,0,19.8,641.35,0,0,0,0,1,1,0,1,0,1,0,1,0,1,0,1,0,0,1,1,0,0,0,0,19.434848484848487,0.36515151515151345
2957-JIRMN,0,1,0,0,62,1,0,84.45,4959.15,0,0,1,1,0,0,0,0,0,0,0,0,0,0,1,0,0,1,0,0,1,0,1,0,79.98629032258064,4.463709677419359
2049-BAFNW,0,0,0,0,1,0,0,35.9,35.9,0,1,0,0,0,0,0,0,0,0,1,0,1,0,0,0,0,0,0,0,0,1,2,1,35.9,0.0
3842-QTGDL,1,0,1,0,16,1,0,80.75,1321.3,0,0,0,1,0,0,1,0,1,0,0,0,0,0,0,0,0,0,0,0,0,0,2,0,82.58125,-1.8312499999999972
7163-OCEQI,1,0,1,1,22,1,1,78.65,1663.75,0,0,1,0,0,0,0,0,0,0,1,0,1,0,1,0,1,1,0,0,0,1,4,0,75.625,3.0250000000000057
9782-LGXMC,0,0,1,1,49,1,0,61.75,3024.15,0,0,0,0,0,0,1,0,0,0,1,0,1,0,0,0,0,0,0,0,0,0,3,0,61.71734693877551,0.032653061224486635
5975-BAICR,1,0,1,1,36,1,1,63.7,2188.5,0,0,0,0,0,0,1,0,0,0,1,0,0,0,0,0,1,1,0,1,0,0,3,0,60.791666666666664,2.9083333333333385
8019-ENHXU,1,0,1,0,42,1,1,99.45,4138.05,1,0,1,1,0,0,0,0,1,0,1,0,1,0,0,0,1,0,0,0,1,0,4,0,98.525,0.9249999999999972
5167-GBFRE,1,1,0,0,4,0,1,25.2,102.5,1,1,0,0,0,0,0,0,0,0,0,0,0,0,0,0,0,0,0,0,0,0,0,1,25.625,-0.4250000000000007
9033-EOXWV,0,0,0,0,12,1,0,74.05,872.65,1,0,1,0,0,0,0,0,0,0,0,0,1,0,1,0,1,1,0,0,0,1,3,1,72.72083333333333,1.3291666666666657
4673-KKSLS,0,0,0,0,31,1,0,87.6,2724.25,0,0,0,1,0,0,1,0,0,0,1,0,1,0,0,0,0,0,0,0,1,0,3,0,87.87903225806451,-0.27903225806451815
4853-OITSN,1,0,1,0,5,1,1,89.15,413.25,0,0,1,1,0,0,1,0,0,0,0,0,0,0,0,0,1,0,0,0,1,0,2,1,82.65,6.5
9800-OUIGR,1,0,1,1,66,1,0,20.0,1374.2,0,0,0,0,1,1,0,1,0,1,0,1,0,1,0,1,0,0,1,1,0,0,0,0,20.82121212121212,-0.8212121212121204
1324-NLTJE,0,1,0,0,15,1,0,55.0,757.1,1,0,1,0,0,0,0,0,0,0,0,0,1,0,0,0,0,0,0,1,0,0,1,0,50.473333333333336,4.526666666666664
2324-EFHVG,1,0,0,0,64,1,1,104.4,6692.65,0,0,1,1,0,0,0,0,1,0,1,0,0,0,1,0,1,0,1,0,0,0,4,0,104.57265625,-0.17265624999998863
7094-MSZAO,1,0,1,1,10,1,1,20.05,218.5,0,0,0,0,1,1,0,1,0,1,0,1,0,1,0,1,0,0,0,1,0,0,0,1,21.85,-1.8000000000000007
1522-VVDMG,1,0,1,1,7,1,1,89.75,608.8,1,0,0,1,0,0,0,0,1,0,0,0,1,0,1,0,0,0,0,0,1,0,3,1,86.97142857142856,2.778571428571439
6907-CQGPN,1,0,0,0,29,0,0,34.3,1004.75,0,1,0,0,0,0,0,0,1,0,0,0,1,0,0,0,0,0,0,0,1,0,2,0,34.64655172413793,-0.34655172413793167
0780-XNZFN,1,0,0,0,57,1,0,20.65,1125.6,0,0,0,0,1,1,0,1,0,1,0,1,0,1,0,1,0,0,1,0,0,0,0,0,19.74736842105263,0.9026315789473678
0239-OXEXL,0,0,0,0,46,1,0,84.25,3847.6,0,0,1,1,0,0,1,0,1,0,0,0,0,0,0,0,0,0,0,0,0,1,2,0,83.64347826086956,0.6065217391304429
2675-IJRGJ,1,0,0,0,53,1,0,19.65,978.0,0,0,0,0,1,1,0,1,0,1,0,1,0,1,0,1,0,0,1,0,0,0,0,0,18.452830188679247,1.1971698113207516
7049-GKVZY,0,0,0,0,17,1,0,79.85,1387.35,0,0,0,0,0,0,1,0,1,0,0,0,1,0,1,0,1,1,0,1,0,0,5,0,81.60882352941177,-1.758823529411771
8577-QSOCG,0,0,1,1,38,1,1,20.2,746.05,0,0,0,0,1,1,0,1,0,1,0,1,0,1,0,1,0,0,1,0,0,1,0,0,19.632894736842104,0.5671052631578952
3721-CNZHX,1,0,0,0,15,1,0,19.8,304.6,0,0,0,0,1,1,0,1,0,1,0,1,0,1,0,1,0,1,0,0,0,1,0,0,20.30666666666667,-0.5066666666666677
0212-ISBBF,0,0,0,0,22,0,1,50.35,1098.85,0,1,0,0,0,0,0,0,1,0,0,0,0,0,1,0,1,0,0,0,1,0,3,0,49.94772727272727,0.4022727272727309
9185-TQCVP,1,0,1,0,14,1,1,85.15,1139.2,1,0,1,1,0,0,0,0,0,0,0,0,0,0,0,0,1,0,0,0,1,0,1,0,81.37142857142858,3.778571428571425
3585-YNADK,0,0,1,0,57,1,0,74.6,4368.95,0,0,1,0,0,0,0,0,1,0,1,0,1,0,1,0,0,1,0,0,0,0,4,0,76.64824561403509,-2.048245614035096
5271-DBYSJ,1,1,0,0,11,1,1,79.15,827.7,0,0,0,1,0,0,0,0,0,0,0,0,0,0,0,0,1,0,0,1,0,0,1,1,75.24545454545455,3.904545454545456
1099-GODLO,0,0,1,1,1,1,0,20.35,20.35,0,0,0,0,1,1,0,1,0,1,0,1,0,1,0,1,0,0,1,0,0,1,0,1,20.35,0.0
6828-HMKWP,1,0,1,1,12,1,0,21.05,262.05,0,0,0,0,1,1,0,1,0,1,0,1,0,1,0,1,0,0,1,0,0,0,0,1,21.837500000000002,-0.7875000000000014
5567-WSELE,1,1,1,0,3,1,1,94.6,279.55,1,0,1,1,0,0,0,0,0,0,0,0,0,0,1,0,1,0,0,0,1,0,2,1,93.18333333333334,1.4166666666666572
1472-TNCWL,1,0,0,1,36,1,1,94.7,3512.5,0,0,0,1,0,0,0,0,1,0,0,0,0,0,1,0,1,0,0,0,1,0,3,0,97.56944444444444,-2.86944444444444
8063-RJYNF,1,0,0,0,16,1,1,94.25,1483.25,1,0,0,1,0,0,1,0,0,0,0,0,0,0,1,0,1,0,0,0,1,0,3,0,92.703125,1.546875
0687-ZVTHB,1,0,1,1,65,1,0,72.45,4653.85,1,0,1,0,0,0,1,0,1,0,1,0,0,0,0,0,1,1,0,1,0,0,4,0,71.59769230769231,0.85230769230769
2080-GKCWQ,1,0,0,0,2,1,0,74.95,151.75,0,0,0,1,0,0,0,0,1,0,0,0,0,0,0,0,0,0,0,0,1,0,1,1,75.875,-0.9249999999999972
9661-ACXBS,0,0,0,0,42,1,1,105.2,4400.75,1,0,1,1,0,0,1,0,0,0,1,0,0,0,1,0,1,0,0,0,1,0,4,0,104.7797619047619,0.42023809523810485
2193-SFWQW,1,0,1,1,72,1,0,111.95,8033.1,0,0,0,1,0,0,1,0,1,0,1,0,1,0,1,0,1,0,1,0,0,0,6,0,111.57083333333334,0.3791666666666629
5656-JAMLX,1,0,0,0,62,1,0,19.85,1253.65,0,0,0,0,1,1,0,1,0,1,0,1,0,1,0,1,0,0,1,0,0,0,0,0,20.220161290322583,-0.3701612903225815
3462-BJQQA,0,0,0,0,6,1,1,89.75,552.65,0,0,1,1,0,0,0,0,1,0,0,0,0,0,1,0,0,0,0,0,1,0,2,1,92.10833333333333,-2.3583333333333343
0442-TDYUO,1,0,1,0,48,1,1,20.05,1036.0,0,0,0,0,1,1,0,1,0,1,0,1,0,1,0,1,0,0,1,0,0,1,0,0,21.583333333333332,-1.5333333333333314
6733-LRIZX,1,0,0,0,35,1,1,108.95,4025.5,0,0,1,1,0,0,1,0,0,0,1,0,1,0,1,0,1,0,1,0,1,0,5,0,115.01428571428572,-6.064285714285717
9503-XJUME,1,0,0,1,52,1,0,19.65,928.4,0,0,0,0,1,1,0,1,0,1,0,1,0,1,0,1,0,1,0,1,0,0,0,0,17.853846153846153,1.796153846153846
4367-NHWMM,0,0,0,0,1,0,1,24.9,24.9,0,1,0,0,0,0,0,0,0,0,0,0,0,0,0,0,0,0,0,0,0,1,0,1,24.9,0.0
3727-RJMEO,1,0,1,0,6,1,1,82.85,460.25,1,0,1,1,0,0,0,0,0,0,0,0,0,0,1,0,0,0,0,0,1,0,1,1,76.70833333333333,6.141666666666666
3779-OSWCF,0,0,1,0,71,1,0,93.2,6506.15,0,0,1,0,0,0,1,0,1,0,1,0,1,0,1,0,1,0,1,1,0,0,6,0,91.63591549295774,1.564084507042267
6736-DHUQI,0,0,1,1,67,1,0,84.8,5598.3,0,0,0,1,0,0,1,0,1,0,1,0,0,0,0,0,0,1,0,0,0,0,3,0,83.55671641791045,1.2432835820895463
3915-ODIYG,1,1,0,0,60,1,1,71.75,4374.55,0,0,1,0,0,0,1,0,1,0,0,0,0,0,0,0,1,1,0,0,1,0,3,0,72.90916666666666,-1.159166666666664
1360-RCYRT,1,0,1,1,23,0,1,30.35,678.75,0,1,0,0,0,0,0,0,0,0,0,0,1,0,0,0,0,0,0,0,0,0,1,0,29.51086956521739,0.8391304347826107
2724-FJDYW,1,0,0,1,39,0,0,54.85,2191.7,0,1,0,0,0,0,0,0,0,0,1,0,1,0,1,0,1,1,0,0,0,0,4,0,56.197435897435895,-1.3474358974358935
4451-RWASJ,1,0,1,1,15,1,1,19.5,239.75,0,0,0,0,1,1,0,1,0,1,0,1,0,1,0,1,0,1,0,0,0,1,0,0,15.983333333333333,3.5166666666666675
6646-VRFOL,1,1,1,0,53,1,1,103.85,5485.5,1,0,1,1,0,0,0,0,1,0,1,0,0,0,1,0,1,0,0,0,1,0,4,0,103.5,0.3499999999999943
3460-TJBWI,1,0,1,1,24,1,0,24.2,609.05,0,0,1,0,1,1,0,1,0,1,0,1,0,1,0,1,0,0,1,0,0,1,0,0,25.37708333333333,-1.1770833333333321
5917-HBSDW,0,0,1,1,37,1,0,19.35,683.75,0,0,0,0,1,1,0,1,0,1,0,1,0,1,0,1,0,0,0,0,1,0,0,0,18.47972972972973,0.8702702702702716
5685-IIXLY,0,0,1,1,5,1,1,83.6,404.2,1,0,0,1,0,0,0,0,1,0,0,0,0,0,0,0,1,0,0,0,1,0,2,1,80.84,2.759999999999991
5671-UUNXD,0,1,1,0,50,1,1,100.65,5189.75,0,0,1,1,0,0,0,0,0,0,0,0,1,0,1,0,1,1,0,0,1,0,3,0,103.795,-3.144999999999996
0956-ACVZC,0,0,0,0,54,1,1,94.1,5060.9,0,0,0,1,0,0,0,0,0,0,1,0,0,0,1,0,1,1,0,1,0,0,3,0,93.72037037037036,0.3796296296296333
2325-NBPZG,0,0,0,0,3,1,1,74.55,233.65,0,0,0,1,0,0,1,0,0,0,0,0,0,0,0,0,0,0,0,0,1,0,1,1,77.88333333333334,-3.333333333333343
4250-ZBWLV,1,0,0,0,68,1,0,108.45,7176.55,1,0,1,1,0,0,0,0,1,0,1,0,1,0,1,0,1,1,0,0,1,0,5,0,105.53750000000001,2.9124999999999943
4482-FTFFX,1,0,0,0,5,1,0,56.15,291.45,0,0,0,0,0,0,0,0,0,0,1,0,1,0,0,0,0,0,0,0,1,0,2,1,58.29,-2.1400000000000006
8859-DZTGQ,1,0,0,0,33,1,0,20.35,689.75,0,0,0,0,1,1,0,1,0,1,0,1,0,1,0,1,0,0,1,0,0,1,0,0,20.901515151515152,-0.5515151515151508
0440-MOGPM,0,0,0,0,41,1,1,80.55,3263.9,0,0,1,0,0,0,0,0,1,0,1,0,0,0,1,0,1,1,0,0,1,0,4,0,79.60731707317073,0.9426829268292636
0020-JDNXP,0,0,1,1,34,0,0,61.25,1993.2,0,1,0,0,0,0,1,0,0,0,1,0,1,0,1,0,1,1,0,0,0,1,5,0,58.62352941176471,2.626470588235293
3752-CQSJI,0,0,1,1,13,1,1,20.45,254.5,0,0,0,0,1,1,0,1,0,1,0,1,0,1,0,1,0,0,0,0,0,1,0,0,19.576923076923077,0.8730769230769226
5025-GOOKI,0,0,0,0,20,1,1,18.9,347.65,0,0,0,0,1,1,0,1,0,1,0,1,0,1,0,1,0,0,0,1,0,0,0,0,17.3825,1.5174999999999983
4698-KVLLG,0,1,0,0,51,1,0,19.6,967.9,0,0,0,0,1,1,0,1,0,1,0,1,0,1,0,1,0,0,1,1,0,0,0,0,18.978431372549018,0.6215686274509835
5095-AESKG,0,0,1,0,3,1,1,91.5,242.95,1,0,1,1,0,0,0,0,1,0,0,0,0,0,0,0,1,0,0,1,0,0,2,1,80.98333333333333,10.516666666666666
2887-JPYLU,0,0,0,1,41,1,0,45.2,1841.9,0,0,0,0,0,0,0,0,0,0,0,0,0,0,0,0,0,0,0,0,0,0,0,0,44.924390243902444,0.275609756097559
4770-QAZXN,0,0,0,0,13,1,0,19.45,232.1,0,0,0,0,1,1,0,1,0,1,0,1,0,1,0,1,0,0,0,1,0,0,0,0,17.853846153846153,1.5961538461538467
4896-CPRPF,1,0,1,1,35,1,0,25.45,809.25,0,0,1,0,1,1,0,1,0,1,0,1,0,1,0,1,0,0,1,0,0,0,0,0,23.12142857142857,2.328571428571429
1871-MOWRM,1,0,1,0,12,1,0,80.85,866.45,1,0,0,1,0,0,1,0,0,0,0,0,1,0,0,0,0,0,0,0,0,0,2,1,72.20416666666667,8.645833333333329
9714-EDSUC,1,0,0,0,4,1,1,94.9,360.55,0,0,0,1,0,0,1,0,1,0,0,0,1,0,0,0,1,0,0,0,0,1,4,1,90.1375,4.762500000000003
2027-OAQQC,0,0,0,0,43,0,1,49.05,2076.2,1,1,0,0,0,0,0,0,0,0,1,0,0,0,1,0,1,0,0,0,0,0,3,0,48.283720930232555,0.7662790697674424
0282-NVSJS,0,1,1,1,12,0,1,29.3,355.9,0,1,0,0,0,0,0,0,0,0,0,0,1,0,0,0,0,0,0,0,0,1,1,1,29.65833333333333,-0.35833333333333073
9090-SGQXL,1,1,1,0,68,1,1,105.3,7299.65,1,0,1,1,0,0,0,0,1,0,1,0,0,0,1,0,1,0,0,0,1,0,4,0,107.34779411764706,-2.047794117647058
6595-YGXIT,1,1,0,0,25,1,1,88.95,2291.2,1,0,1,1,0,0,0,0,1,0,0,0,0,0,1,0,0,0,0,0,1,0,2,0,91.648,-2.6979999999999933
7353-YOWFP,0,0,0,0,7,1,0,20.25,129.15,0,0,0,0,1,1,0,1,0,1,0,1,0,1,0,1,0,1,0,0,0,1,0,1,18.45,1.8000000000000007
9835-ZIITK,1,1,1,0,66,1,1,110.85,7491.75,1,0,1,1,0,0,0,0,1,0,1,0,1,0,1,0,1,1,0,0,1,0,5,0,113.51136363636364,-2.661363636363646
8008-ESFLK,0,0,1,0,53,1,0,110.5,5835.5,0,0,0,1,0,0,1,0,1,0,1,0,1,0,1,0,1,1,0,0,1,0,6,0,110.10377358490567,0.39622641509433265
7537-CBQUZ,1,1,0,0,63,1,1,109.4,7031.45,0,0,1,1,0,0,1,0,1,0,1,0,0,0,1,0,1,0,0,0,0,0,5,0,111.61031746031746,-2.210317460317455
1555-DJEQW,0,0,1,1,70,1,1,114.2,7723.9,1,0,1,1,0,0,1,0,1,0,1,0,1,0,1,0,1,0,1,0,0,0,6,0,110.34142857142857,3.8585714285714374
5649-TJHOV,1,1,1,0,27,0,0,36.5,1032.0,1,1,0,0,0,0,0,0,0,0,0,0,0,0,0,0,1,0,0,0,0,0,1,0,38.22222222222222,-1.7222222222222214
0519-XUZJU,0,0,0,0,1,1,0,70.75,70.75,1,0,0,1,0,0,0,0,0,0,0,0,0,0,0,0,0,0,0,0,0,1,0,1,70.75,0.0
3363-EWLGO,0,0,0,0,5,1,0,19.95,109.6,0,0,0,0,1,1,0,1,0,1,0,1,0,1,0,1,0,0,0,0,0,1,0,1,21.919999999999998,-1.9699999999999989
4750-UKWJK,0,1,1,0,37,1,0,19.6,727.8,0,0,0,0,1,1,0,1,0,1,0,1,0,1,0,1,0,1,0,0,0,1,0,0,19.67027027027027,-0.07027027027026733
6338-AVWCY,1,0,0,0,3,0,1,40.15,130.75,1,1,0,0,0,0,0,0,0,0,1,0,0,0,1,0,0,0,0,0,0,1,2,1,43.583333333333336,-3.433333333333337
1689-YQBYY,0,0,0,1,12,1,1,76.6,893.0,0,0,1,1,0,0,0,0,0,0,0,0,0,0,0,0,0,0,0,0,1,0,0,1,74.41666666666667,2.183333333333323
4487-ZYJZK,0,0,1,1,38,1,0,19.6,763.1,0,0,0,0,1,1,0,1,0,1,0,1,0,1,0,1,0,1,0,1,0,0,0,0,20.08157894736842,-0.4815789473684191
2959-FENLU,0,0,0,0,9,1,1,85.3,781.4,0,0,0,1,0,0,0,0,0,0,1,0,0,0,0,0,1,0,0,1,0,0,2,1,86.82222222222222,-1.5222222222222257
0708-LGSMF,1,0,1,0,13,1,1,65.85,902.25,0,0,1,0,0,0,1,0,0,0,0,0,0,0,0,0,1,0,0,0,1,0,2,0,69.40384615384616,-3.553846153846166
9253-QXKBE,1,1,1,0,29,1,1,94.45,2653.65,1,0,1,1,0,0,0,0,0,0,0,0,0,0,1,0,1,0,0,0,1,0,2,0,91.5051724137931,2.944827586206898
7634-HLQJR,0,0,1,1,47,1,0,20.05,1016.7,0,0,0,0,1,1,0,1,0,1,0,1,0,1,0,1,0,0,1,1,0,0,0,0,21.631914893617022,-1.5819148936170215
0487-RPVUM,1,0,1,0,61,1,0,99.4,5943.65,0,0,1,1,0,0,1,0,0,0,1,0,1,0,1,0,0,0,0,0,0,0,4,0,97.43688524590164,1.9631147540983704
4079-ULGFR,1,0,0,0,16,1,0,20.0,275.7,0,0,0,0,1,1,0,1,0,1,0,1,0,1,0,1,0,0,0,0,0,1,0,0,17.23125,2.7687500000000007
2516-XSJKX,0,0,1,1,41,1,0,78.45,3126.45,0,0,0,0,0,0,1,0,1,0,0,0,1,0,1,0,1,0,1,0,1,0,5,0,76.25487804878048,2.1951219512195195
0057-QBUQH,0,0,0,1,43,1,1,25.1,1070.15,0,0,1,0,1,1,0,1,0,1,0,1,0,1,0,1,0,0,1,0,1,0,0,0,24.887209302325584,0.21279069767441783
9445-SZLCH,0,0,1,1,36,1,1,97.35,3457.9,1,0,1,1,0,0,0,0,1,0,1,0,0,0,1,0,0,0,0,0,0,0,3,0,96.05277777777778,1.2972222222222172
6599-SFQVE,0,0,0,0,6,1,1,55.0,340.4,0,0,0,0,0,0,0,0,0,0,0,0,0,0,0,0,1,0,0,0,1,0,1,1,56.73333333333333,-1.7333333333333272
8331-ZXFOE,0,0,0,0,58,1,1,71.1,4299.2,0,0,1,0,0,0,1,0,1,0,1,0,1,0,0,0,0,1,0,1,0,0,4,0,74.12413793103448,-3.0241379310344882
4003-FUSHP,1,0,0,0,19,1,1,61.55,1093.2,0,0,0,0,0,0,0,0,0,0,0,0,1,0,1,0,0,0,0,1,0,0,2,0,57.53684210526316,4.013157894736835
0356-ERHVT,1,0,1,0,11,1,1,45.9,521.9,0,0,0,0,0,0,0,0,0,0,0,0,0,0,0,0,0,0,0,0,0,0,0,1,47.445454545454545,-1.5454545454545467
7325-ENZFI,0,0,0,0,39,0,1,40.3,1630.4,0,1,0,0,0,0,1,0,1,0,0,0,1,0,0,0,0,1,0,0,0,0,3,0,41.805128205128206,-1.5051282051282087
4884-ZTHVF,0,1,0,0,8,1,1,87.1,713.6,0,0,0,1,0,0,0,0,1,0,0,0,0,0,1,0,0,0,0,0,1,0,2,1,89.2,-2.1000000000000085
3920-HIHMQ,0,0,0,1,26,1,1,49.5,1265.65,0,0,1,0,0,0,0,0,0,0,0,0,0,0,0,0,0,0,0,0,0,1,0,0,48.67884615384616,0.821153846153841
3055-OYMSE,0,1,0,0,53,1,1,73.8,4003.85,0,0,0,1,0,0,0,0,1,0,0,0,0,0,0,0,0,0,0,1,0,0,1,0,75.5443396226415,-1.7443396226415047
0613-WUXUM,0,0,1,1,70,1,1,19.2,1401.4,0,0,0,0,1,1,0,1,0,1,0,1,0,1,0,1,0,0,1,0,0,1,0,0,20.02,-0.8200000000000003
7568-PODML,1,0,0,0,1,0,1,45.3,45.3,1,1,0,0,0,0,0,0,0,0,0,0,0,0,1,0,1,0,0,0,0,1,2,1,45.3,0.0
4458-KVRBJ,1,0,0,0,59,1,0,25.0,1510.5,0,0,1,0,1,1,0,1,0,1,0,1,0,1,0,1,0,0,1,0,0,1,0,0,25.60169491525424,-0.6016949152542388
5349-IECLD,1,0,0,0,2,1,0,94.95,178.1,1,0,0,1,0,0,0,0,0,0,1,0,0,0,1,0,1,0,0,0,1,0,3,1,89.05,5.900000000000006
1397-XKKWR,1,0,0,0,7,0,0,35.3,264.8,0,1,0,0,0,0,1,0,0,0,1,0,0,0,0,0,0,1,0,0,0,1,2,1,37.82857142857143,-2.528571428571432
3945-GFWQL,0,0,0,1,12,1,1,44.55,480.6,1,0,0,0,0,0,0,0,0,0,0,0,0,0,0,0,0,0,0,0,1,0,0,1,40.050000000000004,4.499999999999993
8097-OMULG,1,0,1,1,59,1,0,76.75,4541.9,0,0,0,0,0,0,0,0,1,0,1,0,1,0,1,0,1,1,0,1,0,0,5,0,76.98135593220339,-0.23135593220338535
6013-BHCAW,1,0,1,1,61,1,1,81.0,4976.15,0,0,1,0,0,0,0,0,0,0,1,0,1,0,1,0,1,0,1,0,0,0,4,0,81.57622950819672,-0.5762295081967181
0401-WDBXM,1,0,1,1,72,1,1,105.55,7542.25,0,0,1,1,0,0,1,0,0,0,1,0,0,0,1,0,1,0,1,0,0,0,4,0,104.75347222222223,0.7965277777777686
3387-PLKUI,0,0,1,1,13,1,0,18.8,251.25,0,0,0,0,1,1,0,1,0,1,0,1,0,1,0,1,0,0,0,0,0,1,0,0,19.326923076923077,-0.5269230769230759
6096-EGVTU,0,0,1,1,64,1,0,24.9,1595.5,0,0,1,0,1,1,0,1,0,1,0,1,0,1,0,1,0,1,0,0,0,1,0,0,24.9296875,-0.02968750000000142
3797-VTIDR,1,0,1,0,1,0,1,23.45,23.45,1,1,0,0,0,0,0,0,0,0,0,0,0,0,0,0,0,0,0,0,1,0,0,1,23.45,0.0
5081-NWSUP,0,0,0,0,10,1,0,64.9,685.55,0,0,0,0,0,0,0,0,1,0,0,0,1,0,0,0,1,1,0,0,0,1,3,1,68.55499999999999,-3.654999999999987
2580-ATZSQ,0,0,1,1,65,1,0,61.35,3874.1,0,0,0,0,0,0,1,0,1,0,1,0,0,0,0,0,0,1,0,0,0,0,3,0,59.60153846153846,1.748461538461541
8085-MSNLK,0,0,1,0,62,1,0,113.95,6891.4,0,0,1,1,0,0,1,0,1,0,1,0,1,0,1,0,1,0,1,0,0,1,6,0,111.1516129032258,2.7983870967742064
9691-HKOVS,0,0,1,0,55,1,1,90.15,4916.95,0,0,1,0,0,0,1,0,1,0,1,0,1,0,1,0,1,1,0,0,1,0,6,0,89.3990909090909,0.7509090909091043
9881-VCZEP,0,0,1,0,25,1,0,54.1,1373.0,0,0,1,0,0,0,0,0,1,0,0,0,0,0,0,0,0,0,0,0,1,0,1,0,54.92,-0.8200000000000003
9526-BIHHD,1,0,0,0,1,0,0,29.7,29.7,1,1,0,0,0,0,1,0,0,0,0,0,0,0,0,0,0,0,0,0,0,1,1,1,29.7,0.0
8757-TFHHJ,1,0,0,0,1,1,1,49.8,49.8,0,0,0,0,0,0,1,0,0,0,0,0,0,0,0,0,0,0,0,1,0,0,1,1,49.8,0.0
4523-WXCEF,0,0,1,0,59,1,0,101.1,6039.9,1,0,1,1,0,0,0,0,1,0,0,0,0,0,1,0,1,0,0,0,1,0,3,0,102.37118644067796,-1.2711864406779654
1468-DEFNC,1,1,1,1,64,1,1,24.4,1548.65,0,0,1,0,1,1,0,1,0,1,0,1,0,1,0,1,0,0,1,0,0,0,0,0,24.19765625,0.20234374999999716
5119-KEPFY,1,0,1,0,36,1,1,95.0,3440.25,0,0,1,1,0,0,0,0,0,0,0,0,0,0,1,0,1,0,0,0,0,0,2,0,95.5625,-0.5625
8364-TRMMK,0,0,0,0,3,1,1,50.65,151.3,1,0,1,0,0,0,0,0,0,0,0,0,0,0,0,0,0,0,0,0,0,1,0,1,50.43333333333334,0.21666666666666146
0916-KNFAJ,1,0,1,0,61,1,1,69.9,4226.7,0,0,1,0,0,0,1,0,0,0,1,0,0,0,0,0,1,0,1,0,0,1,3,0,69.29016393442623,0.6098360655737736
8319-QBEHW,1,0,0,1,26,0,1,39.95,1023.75,0,1,0,0,0,0,0,0,1,0,0,0,0,0,1,0,0,1,0,0,0,0,2,0,39.375,0.5750000000000028
3063-QFSZL,0,0,0,0,1,1,1,55.4,55.4,1,0,0,0,0,0,0,0,0,0,0,0,0,0,0,0,1,0,0,0,1,0,1,1,55.4,0.0
8775-LHDJH,0,1,1,0,1,1,1,90.6,90.6,1,0,1,1,0,0,0,0,1,0,0,0,0,0,1,0,0,0,0,0,1,0,2,1,90.6,0.0
9625-QNLUX,1,0,1,1,68,1,1,103.25,7074.4,0,0,0,1,0,0,1,0,1,0,1,0,0,0,1,0,1,0,1,1,0,0,5,0,104.03529411764706,-0.7852941176470551
3097-NQYSN,1,1,1,0,2,1,1,86.85,156.35,1,0,1,1,0,0,0,0,0,0,0,0,0,0,1,0,0,0,0,0,0,1,1,1,78.175,8.674999999999997
4024-CSNBY,0,0,1,0,72,1,1,94.25,6849.75,0,0,1,1,0,0,1,0,1,0,1,0,1,0,0,0,0,0,1,0,0,0,4,0,95.13541666666667,-0.8854166666666714
7110-BDTWG,0,0,1,0,71,0,1,47.05,3263.6,0,1,0,0,0,0,0,0,0,0,1,0,1,0,0,0,1,0,1,0,1,0,3,0,45.96619718309859,1.0838028169014038
7493-GVFIO,1,0,0,0,57,1,0,20.55,1252.85,0,0,0,0,1,1,0,1,0,1,0,1,0,1,0,1,0,0,1,1,0,0,0,0,21.979824561403507,-1.4298245614035068
0690-SRQID,1,0,0,0,4,1,1,19.65,67.55,0,0,0,0,1,1,0,1,0,1,0,1,0,1,0,1,0,0,0,0,0,1,0,1,16.8875,2.7624999999999993
9605-WGJVW,0,1,0,0,1,1,1,70.2,70.2,0,0,0,1,0,0,0,0,0,0,0,0,0,0,0,0,0,0,0,0,1,0,0,1,70.2,0.0
9114-DPSIA,1,0,1,1,72,1,0,81.0,5750.0,0,0,1,0,0,0,1,0,1,0,1,0,1,0,0,0,1,0,1,1,0,0,5,0,79.86111111111111,1.1388888888888857
4700-UBQMV,1,0,1,1,21,1,1,75.9,1549.75,0,0,1,0,0,0,1,0,0,0,0,0,0,0,1,0,1,1,0,0,0,0,3,0,73.79761904761905,2.1023809523809547
7711-GQBZC,0,0,1,1,71,1,0,24.7,1810.55,0,0,1,0,1,1,0,1,0,1,0,1,0,1,0,1,0,0,1,0,0,0,0,0,25.500704225352113,-0.8007042253521135
3565-UNOCC,0,1,1,0,29,1,1,99.05,2952.85,1,0,1,1,0,0,0,0,0,0,1,0,0,0,1,0,1,0,0,0,0,0,3,0,101.82241379310345,-2.7724137931034534
4627-MIHJH,0,1,0,0,69,1,0,110.25,7467.55,0,0,1,1,0,0,1,0,0,0,1,0,1,0,1,0,1,0,1,1,0,0,5,0,108.22536231884058,2.024637681159419
9795-NREXC,0,0,1,0,64,1,1,85.0,5484.4,0,0,1,0,0,0,1,0,0,0,1,0,1,0,1,0,1,0,1,1,0,0,5,0,85.69375,-0.6937499999999943
8573-CGOCC,1,0,0,0,16,1,0,19.75,294.9,0,0,0,0,1,1,0,1,0,1,0,1,0,1,0,1,0,0,0,1,0,0,0,0,18.43125,1.3187500000000014
7356-AYNJP,0,0,0,0,4,1,0,23.9,97.5,0,0,1,0,1,1,0,1,0,1,0,1,0,1,0,1,0,1,0,0,1,0,0,1,24.375,-0.4750000000000014
9249-FXSCK,0,0,0,0,52,1,1,111.25,5916.45,1,0,1,1,0,0,1,0,1,0,0,0,1,0,1,0,1,1,0,1,0,0,5,0,113.77788461538461,-2.5278846153846075
5493-SDRDQ,1,0,0,0,2,1,1,55.1,113.35,1,0,0,0,0,0,1,0,0,0,1,0,0,0,0,0,0,0,0,0,0,1,2,1,56.675,-1.5749999999999957
6286-SUUWT,1,0,0,0,1,1,0,19.95,19.95,0,0,0,0,1,1,0,1,0,1,0,1,0,1,0,1,0,0,0,0,0,1,0,1,19.95,0.0
4819-HJPIW,1,0,0,0,18,0,0,25.15,476.8,0,1,0,0,0,0,0,0,0,0,0,0,0,0,0,0,0,0,0,0,0,1,0,0,26.48888888888889,-1.3388888888888921
8654-DHAOW,0,0,0,0,2,1,0,54.15,101.65,0,0,1,0,0,0,0,0,1,0,0,0,0,0,0,0,0,0,0,0,0,1,1,1,50.825,3.3249999999999957
5438-QMDDL,0,0,1,0,19,1,1,59.8,1130.85,0,0,0,0,0,0,0,0,1,0,0,0,0,0,0,0,1,0,0,0,0,1,2,0,59.518421052631574,0.28157894736842337
9812-GHVRI,0,0,0,0,40,1,0,83.85,3532.25,0,0,1,1,0,0,0,0,0,0,0,0,0,0,0,0,1,0,0,0,0,0,1,0,88.30625,-4.456250000000011
5553-AOINX,0,1,1,1,66,1,1,104.9,6891.45,0,0,1,1,0,0,0,0,1,0,1,0,0,0,1,0,1,1,0,0,1,0,4,0,104.41590909090908,0.48409090909092356
1228-ZLNBX,1,0,0,0,21,1,0,75.3,1570.7,0,0,1,1,0,0,0,0,0,0,0,0,0,0,0,0,0,0,0,0,0,1,0,0,74.79523809523809,0.5047619047619065
4226-KKDON,1,0,0,0,8,1,1,66.65,520.95,0,0,0,0,0,0,0,0,1,0,0,0,1,0,1,0,0,0,0,0,1,0,3,1,65.11875,1.53125
3831-YCPUO,0,0,1,1,72,1,1,109.5,7854.9,0,0,0,1,0,0,1,0,1,0,1,0,1,0,1,0,1,0,1,1,0,0,6,0,109.09583333333333,0.40416666666666856
7445-WMRBW,0,0,0,0,48,1,1,73.85,3581.4,0,0,1,0,0,0,0,0,1,0,1,0,1,0,1,0,0,1,0,0,0,0,4,0,74.6125,-0.7625000000000028
3308-DGHKL,1,0,0,0,69,1,1,19.3,1447.9,0,0,0,0,1,1,0,1,0,1,0,1,0,1,0,1,0,0,1,0,0,0,0,0,20.984057971014494,-1.684057971014493
9924-JPRMC,1,0,0,0,72,1,1,118.2,8547.15,0,0,1,1,0,0,1,0,1,0,1,0,1,0,1,0,1,0,1,0,1,0,6,0,118.71041666666666,-0.5104166666666572
0080-EMYVY,0,0,0,0,14,1,0,51.45,727.85,0,0,0,0,0,0,0,0,1,0,0,0,0,0,0,0,0,1,0,1,0,0,1,0,51.989285714285714,-0.539285714285711
6218-KNUBD,1,0,0,0,6,1,0,59.45,357.6,0,0,0,0,0,0,0,0,1,0,0,0,0,0,1,0,0,0,0,0,1,0,2,1,59.6,-0.14999999999999858
7337-CINUD,0,0,1,1,8,1,0,19.5,159.35,0,0,0,0,1,1,0,1,0,1,0,1,0,1,0,1,0,0,1,0,0,0,0,1,19.91875,-0.4187499999999993
7609-NRNCA,0,0,0,0,17,1,0,19.55,280.85,0,0,0,0,1,1,0,1,0,1,0,1,0,1,0,1,0,1,0,0,0,1,0,0,16.52058823529412,3.0294117647058805
0623-EJQEG,1,0,0,0,65,1,0,93.55,6069.25,0,0,1,1,0,0,1,0,0,0,0,0,1,0,0,0,1,1,0,0,1,0,3,0,93.37307692307692,0.17692307692307452
7153-CHRBV,0,0,1,1,57,1,1,59.3,3274.35,0,0,0,0,0,0,1,0,0,0,1,0,1,0,0,0,0,1,0,0,0,1,3,0,57.444736842105264,1.8552631578947327
0871-URUWO,1,0,1,0,13,1,1,102.25,1359.0,1,0,1,1,0,0,0,0,0,0,1,0,0,0,1,0,1,0,0,1,0,0,3,0,104.53846153846153,-2.288461538461533
9190-MFJLN,1,1,0,0,19,1,1,95.9,1777.9,1,0,0,1,0,0,0,0,0,0,1,0,0,0,1,0,1,0,0,1,0,0,3,0,93.57368421052632,2.326315789473682
6198-PNNSZ,0,0,1,0,56,1,0,109.8,6109.65,0,0,1,1,0,0,1,0,1,0,1,0,0,0,1,0,1,1,0,0,0,0,5,0,109.10089285714285,0.6991071428571445
3317-VLGQT,0,0,1,0,14,1,1,78.1,1122.4,0,0,0,1,0,0,0,0,0,0,0,0,0,0,0,0,1,0,0,0,1,0,1,0,80.17142857142858,-2.0714285714285836
4132-POCZS,1,0,1,0,52,0,1,39.9,2020.9,0,1,0,0,0,0,1,0,0,0,0,0,0,0,0,0,1,0,0,0,1,0,2,0,38.86346153846154,1.0365384615384556
5614-DNZCE,0,0,0,0,58,1,1,64.9,3795.45,0,0,0,0,0,0,1,0,1,0,1,0,1,0,0,0,0,0,1,1,0,0,4,0,65.43879310344828,-0.5387931034482705
1095-JUDTC,0,1,0,0,47,1,1,95.05,4504.55,1,0,1,1,0,0,0,0,1,0,0,0,1,0,1,0,0,0,0,0,1,0,3,0,95.84148936170213,-0.7914893617021335
3896-RCYYE,0,0,0,0,67,0,1,53.4,3579.15,0,1,0,0,0,0,0,0,0,0,1,0,1,0,1,0,1,0,0,1,0,0,4,0,53.420149253731346,-0.020149253731347017
9638-JIQYA,1,0,0,0,2,0,1,24.9,49.7,0,1,0,0,0,0,0,0,0,0,0,0,0,0,0,0,0,0,0,1,0,0,0,1,24.85,0.04999999999999716
3258-SANFR,1,1,0,0,6,1,0,44.7,276.5,0,0,0,0,0,0,0,0,0,0,0,0,0,0,0,0,0,0,0,1,0,0,0,1,46.083333333333336,-1.3833333333333329
3726-TBHQT,1,0,1,1,71,1,1,114.0,8175.9,0,0,1,1,0,0,1,0,1,0,1,0,1,0,1,0,1,0,1,0,0,0,6,0,115.15352112676055,-1.1535211267605519
3190-ITQXP,0,0,1,1,46,1,0,20.25,890.35,0,0,0,0,1,1,0,1,0,1,0,1,0,1,0,1,0,0,1,0,0,0,0,0,19.355434782608697,0.8945652173913032
0870-VEMYL,0,0,0,0,5,1,0,53.85,259.8,1,0,0,0,0,0,1,0,0,0,0,0,1,0,0,0,0,0,0,1,0,0,2,1,51.96,1.8900000000000006
4833-QTJNO,1,1,1,0,67,1,0,83.85,5588.8,0,0,1,1,0,0,1,0,1,0,0,0,0,0,0,0,0,0,0,0,0,0,2,0,83.41492537313434,0.43507462686565646
3039-MJSLN,1,0,0,1,3,1,0,20.2,50.6,0,0,0,0,1,1,0,1,0,1,0,1,0,1,0,1,0,0,0,0,0,0,0,1,16.866666666666667,3.333333333333332
0178-CIIKR,0,0,0,0,3,1,0,19.95,58.0,0,0,0,0,1,1,0,1,0,1,0,1,0,1,0,1,0,0,0,0,0,1,0,1,19.333333333333332,0.6166666666666671
5385-SUIRI,1,1,1,0,52,1,1,104.2,5568.35,1,0,1,1,0,0,1,0,0,0,1,0,0,0,1,0,1,0,0,0,1,0,4,0,107.08365384615385,-2.883653846153848
3982-XWFZQ,0,0,1,0,42,1,1,50.25,2203.65,1,0,1,0,0,0,0,0,0,0,0,0,0,0,0,0,0,0,0,0,1,0,0,0,52.46785714285714,-2.2178571428571416
5774-QPLTF,1,0,1,1,50,1,1,20.35,938.95,0,0,0,0,1,1,0,1,0,1,0,1,0,1,0,1,0,1,0,0,0,1,0,0,18.779,1.5710000000000015
2322-VCZHZ,1,1,1,0,23,1,1,90.0,2024.1,0,0,0,1,0,0,1,0,1,0,0,0,0,0,0,0,1,0,0,0,1,0,3,0,88.00434782608696,1.9956521739130437
5010-IPEAQ,0,0,1,1,67,0,0,54.2,3623.95,0,1,0,0,0,0,1,0,1,0,1,0,1,0,1,0,0,0,1,1,0,0,5,0,54.08880597014925,0.11119402985075055
4009-ALQFH,0,0,0,0,25,1,1,99.5,2369.05,1,0,0,1,0,0,0,0,1,0,1,0,0,0,1,0,1,0,0,0,1,0,4,0,94.762,4.7379999999999995
6383-ZTSIW,0,1,1,0,39,1,0,99.1,3877.95,0,0,0,1,0,0,1,0,1,0,0,0,0,0,1,0,1,1,0,0,0,1,4,0,99.43461538461538,-0.33461538461538964
8990-YOZLV,0,0,0,0,69,1,1,66.9,4577.9,0,0,1,0,0,0,1,0,1,0,0,0,1,0,0,0,0,0,1,0,0,1,3,0,66.3463768115942,0.5536231884058083
3069-SSVSN,0,0,0,0,1,0,0,25.85,25.85,0,1,0,0,0,0,0,0,0,0,0,0,0,0,0,0,0,1,0,0,0,1,0,1,25.85,0.0
5222-IMUKT,1,0,0,0,32,1,0,91.05,2871.5,0,0,0,1,0,0,0,0,0,0,0,0,0,0,1,0,1,0,0,0,1,0,2,0,89.734375,1.3156249999999972
3627-FCRDW,0,0,0,0,9,1,0,71.0,672.55,1,0,0,1,0,0,0,0,0,0,0,0,0,0,0,0,0,0,0,0,1,0,0,1,74.72777777777777,-3.7277777777777743
7562-GSUHK,0,0,0,0,16,1,1,93.2,1573.7,1,0,0,1,0,0,0,0,1,0,1,0,0,0,0,0,1,0,0,1,0,0,3,0,98.35625,-5.15625
6685-XSHHU,1,0,1,1,60,1,1,20.95,1270.55,0,0,0,0,1,1,0,1,0,1,0,1,0,1,0,1,0,0,1,0,0,0,0,0,21.175833333333333,-0.225833333333334
8901-UPRHR,0,0,1,1,72,1,1,109.2,7711.45,0,0,1,1,0,0,0,0,1,0,1,0,1,0,1,0,1,0,1,0,0,0,5,0,107.10347222222222,2.09652777777778
4903-UYAVB,1,0,1,0,5,1,0,19.35,126.05,1,0,0,0,1,1,0,1,0,1,0,1,0,1,0,1,0,0,0,0,0,1,0,1,25.21,-5.859999999999999
0118-JPNOY,0,1,0,0,26,1,1,85.8,2193.65,0,0,0,1,0,0,1,0,0,0,0,0,0,0,1,0,0,0,0,1,0,0,2,0,84.37115384615385,1.4288461538461519
6776-TLWOI,1,0,0,0,3,1,0,19.85,64.55,1,0,0,0,1,1,0,1,0,1,0,1,0,1,0,1,0,0,0,0,0,1,0,1,21.516666666666666,-1.6666666666666643
3845-FXCYS,1,0,0,0,2,1,1,19.65,31.2,0,0,0,0,1,1,0,1,0,1,0,1,0,1,0,1,0,0,0,0,1,0,0,1,15.6,4.049999999999999
5857-XRECV,0,0,0,1,2,1,0,20.5,38.25,0,0,0,0,1,1,0,1,0,1,0,1,0,1,0,1,0,1,0,0,0,0,0,1,19.125,1.375
0725-CXOTM,0,0,0,0,36,1,1,89.65,3348.1,0,0,1,0,0,0,1,0,0,0,1,0,1,0,1,0,1,1,0,1,0,0,5,0,93.00277777777778,-3.3527777777777743
4343-EJVQB,1,0,0,0,7,1,0,74.35,533.6,0,0,0,1,0,0,1,0,0,0,0,0,0,0,0,0,0,0,0,0,0,1,1,1,76.22857142857143,-1.8785714285714334
9000-PLFUZ,0,1,1,0,60,0,1,49.45,2907.55,0,1,0,0,0,0,0,0,1,0,0,0,0,0,1,0,1,0,1,1,0,0,3,0,48.45916666666667,0.9908333333333346
3427-GGZZI,0,0,1,0,19,1,1,89.1,1620.8,0,0,1,1,0,0,0,0,1,0,0,0,0,0,0,0,1,0,0,0,1,0,2,0,85.30526315789473,3.794736842105266
7779-ORAEL,1,1,1,0,45,1,0,75.15,3480.35,0,0,1,0,0,0,1,0,0,0,1,0,1,0,0,0,1,0,1,1,0,0,4,0,77.3411111111111,-2.1911111111110984
0644-OQMDK,1,1,0,0,4,1,1,70.65,293.85,0,0,0,1,0,0,0,0,0,0,0,0,0,0,0,0,0,0,0,0,1,0,0,1,73.4625,-2.8125
4077-CROMM,0,0,1,1,31,1,1,104.2,3243.45,1,0,1,1,0,0,0,0,0,0,1,0,1,0,1,0,1,0,0,0,1,0,4,0,104.62741935483871,-0.42741935483870463
3154-CFSZG,1,0,1,1,47,1,0,90.05,4137.2,0,0,0,1,0,0,1,0,0,0,1,0,0,0,0,0,1,0,0,0,1,0,3,0,88.02553191489362,2.0244680851063777
2868-MZAGQ,1,0,0,0,1,1,1,79.25,79.25,1,0,0,1,0,0,0,0,0,0,0,0,0,0,0,0,1,0,0,0,1,0,1,1,79.25,0.0
4847-QNOKA,0,0,0,0,1,1,1,44.9,44.9,1,0,0,0,0,0,0,0,0,0,0,0,0,0,0,0,0,0,0,0,0,0,0,1,44.9,0.0
2220-IAHLS,0,0,0,0,1,1,0,19.4,19.4,0,0,0,0,1,1,0,1,0,1,0,1,0,1,0,1,0,0,0,1,0,0,0,1,19.4,0.0
1658-XUHBX,0,1,1,1,59,1,1,88.75,5348.65,0,0,1,1,0,0,0,0,0,0,1,0,0,0,0,0,1,0,0,1,0,0,2,0,90.65508474576271,-1.9050847457627071
6379-RXJRQ,1,0,1,0,10,1,1,70.1,659.65,1,0,0,1,0,0,0,0,0,0,0,0,0,0,0,0,0,0,0,0,1,0,0,1,65.965,4.134999999999991
2378-HTWFW,1,1,0,0,35,1,0,91.0,3180.5,0,0,1,1,0,0,1,0,0,0,0,0,0,0,0,0,1,0,0,1,0,0,2,0,90.87142857142857,0.12857142857143344
8650-RHRKE,1,0,0,0,4,0,1,29.65,118.5,1,1,0,0,0,0,0,0,0,0,1,0,0,0,0,0,0,0,0,0,1,0,1,1,29.625,0.02499999999999858
4377-VDHYI,1,0,1,1,32,1,1,90.8,3023.85,0,0,0,1,0,0,1,0,1,0,0,0,0,0,0,0,1,1,0,0,1,0,3,0,94.4953125,-3.6953125
0475-RIJEP,1,0,0,0,43,1,1,77.85,3365.85,1,0,1,1,0,0,0,0,1,0,0,0,0,0,0,0,0,0,0,0,1,0,1,0,78.27558139534884,-0.42558139534884276
1260-TTRXI,1,0,0,0,4,1,0,54.3,195.3,1,0,0,0,0,0,0,0,0,0,0,0,0,0,0,0,1,0,0,0,1,0,1,1,48.825,5.474999999999994
3719-TDVQB,0,1,1,0,54,1,1,18.95,1031.1,0,0,0,0,1,1,0,1,0,1,0,1,0,1,0,1,0,0,1,0,0,1,0,0,19.09444444444444,-0.14444444444444215
6328-ZPBGN,0,1,0,0,11,1,1,95.15,997.65,1,0,1,1,0,0,0,0,0,0,0,0,0,0,1,0,1,0,0,0,0,0,2,1,90.69545454545454,4.4545454545454675
0201-MIBOL,0,1,0,0,66,1,1,102.4,6471.85,0,0,1,1,0,0,1,0,0,0,0,0,0,0,1,0,1,0,1,0,0,0,3,0,98.05833333333334,4.341666666666669
4937-QPZPO,1,0,1,1,61,1,1,99.9,6241.35,0,0,1,1,0,0,0,0,0,0,1,0,0,0,1,0,1,1,0,0,1,0,3,0,102.31721311475411,-2.417213114754105
2925-VDZHY,1,0,1,1,72,1,0,88.7,6501.35,0,0,1,0,0,0,1,0,1,0,1,0,1,0,1,0,1,0,1,1,0,0,6,0,90.29652777777778,-1.59652777777778
6981-TDRFT,1,0,1,1,44,0,1,54.3,2317.1,0,1,0,0,0,0,0,0,0,0,1,0,1,0,1,0,1,1,0,0,1,0,4,0,52.66136363636363,1.6386363636363654
3413-CSSTH,1,0,0,0,41,1,1,55.7,2237.55,0,0,1,0,0,0,0,0,0,0,1,0,0,0,0,0,0,0,0,0,0,0,1,0,54.57439024390244,1.1256097560975604
8033-VCZGH,1,0,1,0,50,1,1,103.95,5231.3,0,0,1,1,0,0,1,0,0,0,1,0,0,0,1,0,1,1,0,0,1,0,4,0,104.626,-0.6760000000000019
4789-KWMXN,1,0,1,0,47,1,1,110.85,5275.8,1,0,1,1,0,0,1,0,0,0,1,0,1,0,1,0,1,1,0,1,0,0,5,0,112.25106382978724,-1.4010638297872475
0224-NIJLP,1,0,1,1,8,1,0,20.15,165.5,0,0,0,0,1,1,0,1,0,1,0,1,0,1,0,1,0,0,1,0,0,1,0,1,20.6875,-0.5375000000000014
7542-CYDDM,1,0,0,0,18,1,0,20.05,358.5,0,0,0,0,1,1,0,1,0,1,0,1,0,1,0,1,0,0,0,0,0,1,0,0,19.916666666666668,0.13333333333333286
4718-WXBGI,1,0,1,1,72,1,1,91.95,6614.9,0,0,1,0,0,0,1,0,1,0,1,0,1,0,1,0,1,0,1,1,0,0,6,0,91.8736111111111,0.07638888888889994
2867-UIMSS,1,0,0,0,1,1,0,80.5,80.5,1,0,0,1,0,0,0,0,0,0,0,0,0,0,0,0,1,0,0,0,1,0,1,1,80.5,0.0
8495-PRWFH,0,1,0,0,42,1,0,55.65,2421.75,0,0,1,0,0,0,0,0,0,0,1,0,0,0,0,0,0,0,0,0,1,0,1,0,57.660714285714285,-2.010714285714286
0439-IFYUN,0,1,0,0,18,1,1,74.7,1294.6,0,0,0,1,0,0,0,0,1,0,0,0,0,0,0,0,0,0,0,0,1,0,1,0,71.92222222222222,2.7777777777777857
5716-LIBJC,0,0,0,1,13,1,1,104.15,1299.1,0,0,1,1,0,0,0,0,1,0,1,0,0,0,1,0,1,1,0,1,0,0,4,0,99.93076923076923,4.2192307692307764
2868-LLSKM,0,0,1,1,68,1,1,83.65,5733.4,0,0,1,1,0,0,0,0,1,0,0,0,1,0,0,0,0,1,0,0,0,0,2,0,84.31470588235294,-0.6647058823529335
8111-RKSPX,1,0,0,0,4,1,1,72.2,305.55,1,0,1,1,0,0,0,0,0,0,0,0,0,0,0,0,0,0,0,0,0,0,0,1,76.3875,-4.1875
2988-QRAJY,1,0,0,0,69,1,1,110.05,7430.75,0,0,1,1,0,0,1,0,1,0,1,0,0,0,1,0,1,0,1,1,0,0,5,0,107.69202898550725,2.3579710144927475
1585-MQSSU,1,0,0,0,17,1,0,51.5,900.5,1,0,0,0,0,0,0,0,0,0,0,0,1,0,0,0,0,0,0,0,0,1,1,0,52.970588235294116,-1.470588235294116
0071-NDAFP,1,0,1,1,25,1,0,25.5,630.6,0,0,1,0,1,1,0,1,0,1,0,1,0,1,0,1,0,0,1,1,0,0,0,0,25.224,0.2759999999999998
2856-NNASM,1,1,0,0,43,1,1,89.55,3856.75,1,0,0,1,0,0,0,0,0,0,0,0,0,0,1,0,1,0,0,0,0,1,2,0,89.69186046511628,-0.14186046511628092
7328-ZJAJO,0,0,1,1,59,1,0,19.5,1222.65,0,0,0,0,1,1,0,1,0,1,0,1,0,1,0,1,0,0,1,1,0,0,0,0,20.722881355932206,-1.2228813559322056
6458-CYIDZ,0,1,0,0,5,1,0,80.7,374.8,0,0,0,1,0,0,1,0,1,0,0,0,0,0,0,0,0,0,0,0,1,0,2,1,74.96000000000001,5.739999999999995
8559-CIZFV,1,0,1,1,21,1,0,77.5,1625.0,1,0,1,0,0,0,1,0,1,0,0,0,1,0,1,0,0,1,0,0,0,1,4,0,77.38095238095238,0.1190476190476204
1090-PYKCI,0,0,1,1,69,1,1,105.1,7234.8,0,0,1,1,0,0,1,0,1,0,1,0,1,0,1,0,0,1,0,1,0,0,5,0,104.85217391304349,0.24782608695650765
3058-WQDRE,1,0,0,0,13,0,1,25.15,331.85,0,1,0,0,0,0,0,0,0,0,0,0,0,0,0,0,0,0,0,0,0,0,0,0,25.52692307692308,-0.3769230769230809
7547-EKNFS,1,0,1,0,42,1,1,95.25,3959.35,1,0,1,1,0,0,0,0,1,0,1,0,0,0,1,0,0,0,0,0,0,0,3,0,94.2702380952381,0.9797619047619008
2279-AXJJK,1,0,1,0,52,1,1,95.65,5088.4,0,0,1,1,0,0,0,0,1,0,0,0,1,0,0,0,1,0,0,1,0,0,3,0,97.85384615384615,-2.2038461538461434
6769-DYBQN,1,1,0,0,46,1,0,85.0,3969.4,1,0,0,1,0,0,1,0,0,0,0,0,0,0,0,0,1,0,0,0,1,0,2,0,86.29130434782608,-1.2913043478260846
0909-SELIE,1,0,1,0,61,1,1,80.8,4860.85,0,0,1,0,0,0,1,0,1,0,1,0,1,0,0,0,1,0,1,0,0,0,5,0,79.68606557377049,1.1139344262295054
3417-TSCIC,1,0,0,0,29,0,1,24.85,788.05,0,1,0,0,0,0,0,0,0,0,0,0,0,0,0,0,0,1,0,0,0,1,0,0,27.17413793103448,-2.3241379310344783
1042-HFUCW,0,0,0,1,25,1,1,54.75,1266.35,0,0,0,0,0,0,0,0,1,0,0,0,1,0,0,0,0,1,0,1,0,0,2,0,50.653999999999996,4.096000000000004
4439-JMPMT,0,0,1,1,5,1,1,85.75,470.95,1,0,0,1,0,0,0,0,0,0,0,0,1,0,1,0,0,0,0,0,1,0,2,1,94.19,-8.439999999999998
6537-OTKMY,1,0,0,0,15,0,0,50.75,688.2,0,1,0,0,0,0,0,0,0,0,1,0,0,0,1,0,1,1,0,0,1,0,3,0,45.88,4.869999999999997
8999-EXMNO,0,0,1,1,19,1,0,20.15,387.7,0,0,0,0,1,1,0,1,0,1,0,1,0,1,0,1,0,0,1,0,0,1,0,0,20.405263157894737,-0.2552631578947384
6725-TPKJO,1,0,0,0,44,1,0,20.05,845.25,0,0,0,0,1,1,0,1,0,1,0,1,0,1,0,1,0,0,1,0,0,1,0,0,19.210227272727273,0.8397727272727273
2446-BEGGB,0,1,0,0,6,1,1,98.25,560.6,1,0,1,1,0,0,0,0,1,0,0,0,0,0,1,0,1,0,0,0,1,0,3,1,93.43333333333334,4.816666666666663
7162-WPHPM,1,0,1,1,58,1,0,71.6,4230.25,0,0,1,0,0,0,1,0,1,0,1,0,1,0,0,0,0,0,1,1,0,0,4,0,72.9353448275862,-1.335344827586212
1599-MMYRQ,1,0,1,1,62,1,1,81.45,4983.05,0,0,0,1,0,0,1,0,1,0,0,0,0,0,0,0,0,1,0,1,0,0,2,0,80.37177419354839,1.0782258064516128
8821-KVZKQ,0,0,1,1,70,0,1,58.4,4113.15,0,1,0,0,0,0,0,0,1,0,1,0,1,0,1,0,1,1,0,0,0,0,5,0,58.75928571428571,-0.3592857142857113
1496-GGSUK,0,1,0,0,1,0,1,25.7,25.7,1,1,0,0,0,0,0,0,0,0,0,0,0,0,0,0,0,0,0,0,0,1,0,1,25.7,0.0
6434-TTGJP,1,0,1,1,10,0,0,53.7,521.0,0,1,0,0,0,0,1,0,1,0,1,0,1,0,0,0,1,0,1,1,0,0,5,1,52.1,1.6000000000000014
0042-JVWOJ,1,0,0,0,26,1,1,19.6,471.85,0,0,0,0,1,1,0,1,0,1,0,1,0,1,0,1,0,1,0,0,0,0,0,0,18.148076923076925,1.4519230769230766
0130-SXOUN,1,0,0,0,66,1,0,89.4,5976.9,0,0,1,1,0,0,0,0,1,0,0,0,0,0,0,0,1,0,0,1,0,0,2,0,90.5590909090909,-1.1590909090908923
2575-GFSOE,0,0,1,1,7,1,1,69.0,506.9,1,0,0,1,0,0,0,0,0,0,0,0,0,0,0,0,0,0,0,0,1,0,0,1,72.41428571428571,-3.414285714285711
2330-PQGDQ,1,0,1,1,51,1,0,84.2,4299.75,0,0,1,1,0,0,0,0,1,0,0,0,1,0,0,0,0,1,0,0,0,0,2,0,84.30882352941177,-0.10882352941176521
1452-UZOSF,1,0,1,1,72,1,1,106.1,7548.6,0,0,1,1,0,0,1,0,1,0,1,0,1,0,1,0,0,0,1,1,0,0,5,0,104.84166666666667,1.2583333333333258
2097-YVPKN,1,0,0,0,65,1,0,25.75,1654.75,0,0,1,0,1,1,0,1,0,1,0,1,0,1,0,1,0,0,1,0,0,1,0,0,25.45769230769231,0.29230769230769127
2842-JTCCU,1,0,0,0,2,1,0,46.05,80.35,1,0,0,0,0,0,0,0,0,0,0,0,0,0,0,0,0,0,0,0,0,0,0,1,40.175,5.875
8597-CTXVJ,1,0,0,1,70,1,0,64.95,4551.5,0,0,1,0,0,0,1,0,1,0,0,0,1,0,0,0,0,1,0,0,0,0,3,0,65.02142857142857,-0.0714285714285694
6631-HMANX,1,0,1,0,72,1,1,85.45,6227.5,0,0,1,0,0,0,0,0,1,0,1,0,1,0,1,0,1,0,1,1,0,0,5,0,86.49305555555556,-1.0430555555555543
9962-BFPDU,0,0,1,1,1,1,0,20.05,20.05,0,0,0,0,1,1,0,1,0,1,0,1,0,1,0,1,0,0,0,0,0,1,0,1,20.05,0.0
3296-SILRA,0,1,1,0,1,1,1,76.4,76.4,1,0,0,1,0,0,0,0,1,0,0,0,0,0,0,0,0,0,0,0,0,1,1,1,76.4,0.0
9681-OXGVC,0,0,0,0,5,1,1,100.5,514.0,1,0,1,1,0,0,0,0,0,0,1,0,0,0,1,0,1,0,0,0,1,0,3,1,102.8,-2.299999999999997
6394-HHHZM,1,0,0,0,3,1,0,20.7,57.5,0,0,0,0,1,1,0,1,0,1,0,1,0,1,0,1,0,0,0,0,0,1,0,1,19.166666666666668,1.5333333333333314
5995-LFTLE,1,0,0,0,58,1,1,25.3,1474.35,0,0,1,0,1,1,0,1,0,1,0,1,0,1,0,1,0,0,1,1,0,0,0,0,25.419827586206896,-0.11982758620689538
5180-UCIIQ,1,1,1,1,22,0,0,40.05,880.2,1,1,0,0,0,0,1,0,0,0,0,0,0,0,0,0,1,0,0,0,0,1,2,0,40.00909090909091,0.04090909090908923
1932-UEDCX,1,1,1,0,33,1,1,100.6,3270.25,0,0,1,1,0,0,0,0,1,0,0,0,0,0,1,0,1,0,0,0,0,0,3,0,99.09848484848484,1.5015151515151501
7153-OANIO,1,0,0,0,1,1,0,69.95,69.95,1,0,0,1,0,0,0,0,0,0,0,0,0,0,0,0,0,0,0,0,1,0,0,1,69.95,0.0
5188-HGMLP,1,1,1,0,54,1,0,74.0,3919.15,0,0,1,1,0,0,0,0,0,0,0,0,0,0,0,0,0,0,0,0,0,0,0,0,72.57685185185186,1.4231481481481438
0665-XHDJU,1,0,1,0,72,1,1,99.4,7285.7,0,0,1,1,0,0,0,0,1,0,0,0,0,0,1,0,1,0,1,0,1,0,3,0,101.19027777777778,-1.7902777777777743
6521-YYTYI,1,0,0,1,1,1,1,93.3,93.3,1,0,1,1,0,0,0,0,0,0,0,0,0,0,1,0,1,0,0,0,1,0,2,1,93.3,0.0
8878-HMWBV,1,0,0,0,3,1,1,49.15,169.05,1,0,0,0,0,0,0,0,0,0,1,0,0,0,0,0,0,0,0,0,1,0,1,1,56.35,-7.200000000000003
8265-HKSOW,0,0,1,1,72,1,0,107.45,7658.3,0,0,1,1,0,0,1,0,1,0,1,0,1,0,0,0,1,0,1,1,0,0,5,0,106.36527777777778,1.0847222222222257
3544-FBCAS,0,0,1,1,72,1,1,83.6,5959.3,0,0,1,0,0,0,1,0,1,0,1,0,0,0,1,0,1,0,1,1,0,0,5,0,82.76805555555556,0.8319444444444315
5331-RGMTT,1,1,1,0,54,1,1,99.05,5295.7,0,0,1,1,0,0,0,0,0,0,1,0,0,0,1,0,1,0,0,1,0,0,3,0,98.06851851851852,0.981481481481481
4759-PXTAN,0,0,1,0,59,1,1,80.1,4693.2,0,0,1,0,0,0,0,0,1,0,0,0,1,0,1,0,1,1,0,0,1,0,4,0,79.5457627118644,0.5542372881355959
7054-DMVAS,1,0,0,0,54,1,1,65.3,3512.9,0,0,0,0,0,0,1,0,1,0,0,0,0,0,1,0,0,0,1,0,0,0,3,0,65.0537037037037,0.24629629629629335
3428-MMGUB,1,0,0,0,60,1,1,89.55,5231.2,0,0,1,1,0,0,0,0,0,0,1,0,0,0,1,0,0,0,1,0,1,0,2,0,87.18666666666667,2.3633333333333297
6549-BTYPG,0,0,1,0,60,0,0,60.8,3603.45,0,1,0,0,0,0,0,0,1,0,1,0,1,0,1,0,1,0,1,1,0,0,5,0,60.0575,0.7424999999999997
7823-JSOAG,1,0,0,0,3,1,0,74.5,217.45,0,0,1,1,0,0,0,0,0,0,0,0,0,0,0,0,0,0,0,0,1,0,0,1,72.48333333333333,2.0166666666666657
3705-RHRFR,0,0,1,0,69,1,0,99.15,6875.35,0,0,1,1,0,0,1,0,0,0,0,0,0,0,1,0,1,0,1,0,0,0,3,0,99.64275362318841,-0.4927536231884062
9374-YOLBJ,0,0,1,1,1,1,0,19.25,19.25,0,0,0,0,1,1,0,1,0,1,0,1,0,1,0,1,0,0,0,0,1,0,0,1,19.25,0.0
9074-KGVOX,1,0,1,1,50,0,1,39.45,2021.35,0,1,0,0,0,0,1,0,0,0,0,0,0,0,1,0,0,0,0,1,0,0,2,0,40.427,-0.9769999999999968
6128-DAFVY,0,0,0,0,56,0,1,44.85,2564.95,0,1,0,0,0,0,0,0,0,0,0,0,0,0,1,0,1,0,0,1,0,0,2,0,45.802678571428565,-0.9526785714285637
9933-QRGTX,0,0,1,0,60,1,1,97.2,5611.75,0,0,0,1,0,0,1,0,0,0,0,0,1,0,1,0,1,0,1,0,1,0,4,0,93.52916666666667,3.6708333333333343
4476-OSWTN,1,1,1,0,69,1,1,110.55,7610.1,0,0,1,1,0,0,1,0,0,0,1,0,1,0,1,0,1,1,0,0,0,1,5,0,110.2913043478261,0.25869565217389834
3751-KTZEL,0,0,0,0,1,0,0,35.05,35.05,1,1,0,0,0,0,0,0,0,0,0,0,0,0,0,0,1,0,0,0,0,1,1,1,35.05,0.0
1977-STDKI,0,1,0,0,1,1,1,73.0,73.0,1,0,0,1,0,0,0,0,1,0,0,0,0,0,0,0,0,0,0,0,1,0,1,1,73.0,0.0
5066-GFJMM,0,0,1,0,3,1,1,19.9,45.75,0,0,0,0,1,1,0,1,0,1,0,1,0,1,0,1,0,0,0,0,0,1,0,1,15.25,4.649999999999999
2661-GKBTK,1,0,1,1,60,1,0,76.95,4543.95,0,0,0,0,0,0,0,0,1,0,0,0,1,0,1,0,1,0,1,0,0,0,4,0,75.7325,1.2175000000000011
0458-HEUZG,0,0,0,0,13,0,0,35.4,450.4,0,1,0,0,0,0,0,0,0,0,1,0,1,0,0,0,0,0,1,0,0,1,2,0,34.646153846153844,0.7538461538461547
7268-WNTCP,1,0,1,1,62,1,0,20.45,1297.35,0,0,0,0,1,1,0,1,0,1,0,1,0,1,0,1,0,0,1,0,0,0,0,0,20.924999999999997,-0.47499999999999787
0824-VWDPO,0,0,0,0,45,1,0,96.75,4442.75,0,0,1,1,0,0,1,0,1,0,0,0,0,0,0,0,1,1,0,0,0,0,3,0,98.72777777777777,-1.9777777777777743
8409-WQJUX,0,0,0,0,25,0,0,54.2,1423.15,0,1,0,0,0,0,0,0,0,0,1,0,1,0,1,0,1,1,0,0,1,0,4,0,56.926,-2.725999999999999
2578-JQPHZ,1,0,0,0,44,1,0,100.1,4378.35,0,0,0,1,0,0,0,0,0,0,1,0,1,0,1,0,1,0,1,0,0,0,4,0,99.50795454545455,0.5920454545454419
3278-FSIXX,0,0,0,0,2,1,1,45.25,74.2,0,0,0,0,0,0,0,0,0,0,0,0,0,0,0,0,0,0,0,0,0,1,0,1,37.1,8.149999999999999
5813-UECBU,1,1,0,0,33,1,1,83.85,2716.3,1,0,1,1,0,0,0,0,1,0,1,0,0,0,0,0,0,0,0,1,0,0,2,0,82.31212121212121,1.5378787878787818
0328-GRPMV,0,0,0,0,1,1,1,70.1,70.1,1,0,0,1,0,0,0,0,0,0,0,0,0,0,0,0,0,0,0,0,1,0,0,1,70.1,0.0
9746-UGFAC,0,0,0,0,22,1,0,20.85,450.65,0,0,0,0,1,1,0,1,0,1,0,1,0,1,0,1,0,1,0,0,0,0,0,0,20.48409090909091,0.36590909090909207
2946-KIQSP,0,0,0,0,35,0,1,33.45,1175.85,0,1,0,0,0,0,0,0,0,0,1,0,1,0,0,0,0,0,0,0,0,1,2,0,33.59571428571428,-0.14571428571427703
0625-AFOHS,0,0,1,1,29,1,0,20.2,558.8,0,0,0,0,1,1,0,1,0,1,0,1,0,1,0,1,0,0,1,0,0,1,0,0,19.268965517241377,0.9310344827586228
6726-WEXXK,1,1,1,0,27,1,1,85.9,2220.1,0,0,1,1,0,0,1,0,0,0,1,0,0,0,0,0,0,1,0,0,1,0,2,0,82.22592592592592,3.6740740740740847
4636-OLWOE,1,0,0,1,54,1,1,61.0,3283.05,0,0,0,0,0,0,0,0,1,0,1,0,1,0,0,0,0,1,0,0,1,0,3,0,60.797222222222224,0.20277777777777573
4342-HENTK,0,1,0,0,2,1,1,70.65,142.35,1,0,0,1,0,0,0,0,0,0,0,0,0,0,0,0,0,0,0,0,1,0,0,1,71.175,-0.5249999999999915
4685-ERGHK,1,0,0,0,57,1,1,86.9,4939.25,0,0,1,1,0,0,0,0,0,0,0,0,0,0,1,0,0,1,0,0,1,0,1,0,86.65350877192982,0.24649122807018387
0885-HMGPY,1,0,0,0,62,1,0,69.4,4237.5,0,0,1,0,0,0,1,0,1,0,1,0,1,0,0,0,0,0,1,0,0,0,4,0,68.34677419354838,1.0532258064516213
5003-OKNNK,0,0,1,1,15,1,0,20.35,335.95,0,0,0,0,1,1,0,1,0,1,0,1,0,1,0,1,0,1,0,1,0,0,0,0,22.396666666666665,-2.0466666666666633
4195-SMMNX,1,0,0,0,2,1,0,20.35,33.2,1,0,0,0,1,1,0,1,0,1,0,1,0,1,0,1,0,0,0,0,0,1,0,1,16.6,3.75
7208-PSIHR,0,0,1,0,70,1,1,104.3,7188.5,0,0,1,1,0,0,0,0,0,0,1,0,1,0,1,0,1,0,1,0,0,0,4,0,102.69285714285714,1.6071428571428612
4012-ZTHBR,0,0,1,1,21,1,1,44.95,926.25,0,0,0,0,0,0,0,0,0,0,0,0,0,0,0,0,0,0,0,0,1,0,0,0,44.107142857142854,0.8428571428571487
0489-WMEMG,0,0,0,1,23,1,1,49.45,1119.35,0,0,0,0,0,0,0,0,0,0,0,0,1,0,0,0,0,1,0,0,1,0,1,0,48.667391304347824,0.7826086956521792
7435-ZNUYY,1,0,0,0,6,1,0,20.6,116.6,0,0,0,0,1,1,0,1,0,1,0,1,0,1,0,1,0,1,0,0,0,1,0,1,19.433333333333334,1.1666666666666679
1354-YZFNB,1,0,1,1,4,1,0,19.55,68.8,0,0,0,0,1,1,0,1,0,1,0,1,0,1,0,1,0,0,1,1,0,0,0,1,17.2,2.3500000000000014
6956-SMUCM,0,0,0,0,3,1,1,99.0,287.4,1,0,0,1,0,0,1,0,0,0,1,0,0,0,1,0,1,0,0,1,0,0,4,1,95.8,3.200000000000003
2985-FMWYF,0,0,0,0,23,1,1,93.5,2341.55,0,0,1,1,0,0,0,0,0,0,0,0,0,0,1,0,1,0,0,0,1,0,2,0,101.80652173913045,-8.306521739130446
2812-ENYMO,1,0,0,0,26,0,0,54.55,1362.85,0,1,0,0,0,0,1,0,0,0,0,0,1,0,1,0,1,1,0,1,0,0,4,0,52.41730769230769,2.1326923076923094
2717-HVIZY,0,0,0,1,8,1,0,20.05,163.6,0,0,0,0,1,1,0,1,0,1,0,1,0,1,0,1,0,0,0,0,0,1,0,1,20.45,-0.3999999999999986
3223-WZWJM,1,0,0,0,26,1,1,83.95,2254.2,1,0,1,1,0,0,0,0,0,0,0,0,0,0,0,0,1,0,0,0,1,0,1,0,86.69999999999999,-2.749999999999986
3422-GALYP,1,0,0,0,2,1,1,79.45,145.15,0,0,1,1,0,0,0,0,1,0,0,0,0,0,0,0,0,0,0,0,1,0,1,1,72.575,6.875
9053-JZFKV,1,0,0,0,67,1,0,116.2,7752.3,1,0,1,1,0,0,1,0,1,0,1,0,1,0,1,0,1,0,1,1,0,0,6,0,115.70597014925373,0.4940298507462728
2530-ENDWQ,0,0,1,0,71,1,1,93.7,6585.35,1,0,1,1,0,0,0,0,0,0,0,0,0,0,1,0,1,0,1,0,0,0,2,0,92.75140845070423,0.9485915492957702
2890-WFBHU,0,0,0,0,59,1,0,79.85,4786.1,0,0,1,0,0,0,1,0,1,0,1,0,1,0,0,0,1,1,0,1,0,0,5,0,81.12033898305086,-1.2703389830508627
0327-WFZSY,1,0,1,1,39,1,0,100.0,3835.55,0,0,1,1,0,0,0,0,0,0,1,0,0,0,1,0,1,1,0,0,1,0,3,0,98.3474358974359,1.6525641025640994
7977-HXJKU,1,0,0,1,21,1,0,19.6,397.0,0,0,0,0,1,1,0,1,0,1,0,1,0,1,0,1,0,0,1,0,0,1,0,0,18.904761904761905,0.6952380952380963
6615-ZGEDR,1,0,0,0,1,1,0,19.7,19.7,1,0,0,0,1,1,0,1,0,1,0,1,0,1,0,1,0,0,0,0,0,1,0,1,19.7,0.0
7033-CLAMM,0,0,1,1,48,1,0,20.2,1027.25,0,0,0,0,1,1,0,1,0,1,0,1,0,1,0,1,0,0,1,0,0,0,0,0,21.401041666666668,-1.2010416666666686
4023-RTIQM,0,1,1,0,31,0,1,50.4,1580.1,0,1,0,0,0,0,1,0,1,0,1,0,0,0,0,0,1,1,0,1,0,0,4,0,50.97096774193548,-0.5709677419354833
0864-FVJNJ,0,0,1,1,64,1,0,113.35,7222.75,0,0,1,1,0,0,1,0,1,0,1,0,1,0,1,0,1,1,0,0,1,0,6,0,112.85546875,0.4945312499999943
7356-IWLFW,1,0,1,1,46,1,1,80.0,3769.7,0,0,1,1,0,0,0,0,1,0,0,0,0,0,0,0,0,0,0,0,0,0,1,0,81.95,-1.9500000000000028
9541-PWTWO,0,0,0,0,52,1,1,80.95,4233.95,0,0,1,0,0,0,0,0,0,0,1,0,1,0,1,0,1,0,1,0,0,0,4,0,81.42211538461538,-0.4721153846153783
3967-VQOGC,0,0,1,1,67,1,1,24.9,1680.25,0,0,1,0,1,1,0,1,0,1,0,1,0,1,0,1,0,0,1,0,0,1,0,0,25.078358208955223,-0.17835820895522403
7872-RDDLZ,0,1,0,0,67,1,0,54.9,3725.5,0,0,1,0,0,0,0,0,1,0,0,0,0,0,0,0,0,0,0,0,1,0,1,0,55.6044776119403,-0.7044776119402982
9250-WYPLL,0,0,0,0,5,1,0,75.55,413.65,1,0,1,1,0,0,0,0,0,0,0,0,0,0,0,0,0,0,0,0,1,0,0,1,82.72999999999999,-7.179999999999993
6308-CQRBU,0,0,1,0,71,1,0,109.25,7707.7,0,0,1,1,0,0,0,0,1,0,1,0,1,0,1,0,1,0,1,0,1,0,5,0,108.55915492957746,0.6908450704225402
2754-XBHTB,0,0,0,0,9,1,1,77.65,714.15,1,0,0,1,0,0,0,0,0,0,0,0,0,0,1,0,0,0,0,0,0,0,1,1,79.35,-1.6999999999999886
1597-LHYNC,0,1,0,0,26,1,1,95.0,2497.2,1,0,1,1,0,0,1,0,1,0,0,0,0,0,0,0,1,0,0,0,1,0,3,0,96.04615384615384,-1.0461538461538424
0186-CAERR,1,0,0,0,71,1,1,116.3,8309.55,0,0,1,1,0,0,1,0,1,0,1,0,1,0,1,0,1,1,0,0,0,0,6,0,117.03591549295774,-0.7359154929577443
3043-SUDUA,0,0,0,0,32,1,0,19.9,601.55,0,0,0,0,1,1,0,1,0,1,0,1,0,1,0,1,0,0,0,0,0,0,0,0,18.7984375,1.1015625
5442-BHQNG,0,0,0,0,2,1,0,70.35,139.25,0,0,0,1,0,0,0,0,0,0,0,0,0,0,0,0,0,0,0,0,1,0,0,1,69.625,0.7249999999999943
2169-RRLFW,0,0,1,0,71,1,0,25.6,1888.25,0,0,1,0,1,1,0,1,0,1,0,1,0,1,0,1,0,0,1,1,0,0,0,0,26.595070422535212,-0.9950704225352105
5872-OEQNH,0,0,0,0,60,0,1,44.45,2773.9,0,1,0,0,0,0,1,0,0,0,1,0,0,0,0,0,1,1,0,0,1,0,3,0,46.23166666666667,-1.7816666666666663
3162-KKZXO,0,1,0,0,55,1,1,100.15,5409.75,0,0,1,1,0,0,0,0,0,0,1,0,0,0,1,0,1,1,0,0,1,0,3,0,98.35909090909091,1.7909090909090963
7055-VKGDA,1,0,0,0,54,1,1,105.4,5643.4,1,0,0,1,0,0,1,0,1,0,0,0,1,0,1,0,1,1,0,1,0,0,5,0,104.5074074074074,0.8925925925926066
0754-UKWQP,1,0,0,0,2,1,1,95.85,197.7,1,0,0,1,0,0,0,0,0,0,1,0,0,0,1,0,1,0,0,0,1,0,3,1,98.85,-3.0
8873-GLDMH,0,0,0,0,6,1,1,73.85,401.3,0,0,1,1,0,0,0,0,0,0,0,0,0,0,0,0,0,0,0,0,0,1,0,1,66.88333333333334,6.966666666666654
5696-JVVQY,0,0,1,1,48,1,1,70.1,3238.4,0,0,0,0,0,0,1,0,1,0,1,0,0,0,0,0,1,0,1,1,0,0,4,0,67.46666666666667,2.6333333333333258
8946-BFWSG,1,0,1,1,63,1,0,25.25,1573.05,0,0,1,0,1,1,0,1,0,1,0,1,0,1,0,1,0,0,1,0,0,1,0,0,24.96904761904762,0.28095238095238173
7493-TPUWZ,1,0,0,0,1,1,1,79.15,79.15,1,0,1,1,0,0,0,0,1,0,0,0,0,0,0,0,0,0,0,0,1,0,1,1,79.15,0.0
0547-HURJB,1,0,0,1,12,1,0,21.05,235.8,0,0,0,0,1,1,0,1,0,1,0,1,0,1,0,1,0,0,0,1,0,0,0,1,19.650000000000002,1.3999999999999986
8904-OPDCK,1,1,1,0,54,0,1,24.95,1364.75,0,1,0,0,0,0,0,0,0,0,0,0,0,0,0,0,0,0,0,0,0,0,0,0,25.27314814814815,-0.3231481481481495
8845-LWKGE,0,0,1,1,30,1,1,64.5,1985.15,0,0,0,0,0,0,0,0,0,0,1,0,1,0,1,0,0,1,0,0,1,0,3,0,66.17166666666667,-1.6716666666666669
1577-HKTFG,0,0,1,0,30,1,0,19.65,655.85,1,0,0,0,1,1,0,1,0,1,0,1,0,1,0,1,0,0,0,0,0,0,0,0,21.861666666666668,-2.2116666666666696
8752-STIVR,0,0,0,0,4,1,1,79.0,303.15,1,0,0,1,0,0,0,0,0,0,0,0,0,0,1,0,0,0,0,0,1,0,1,1,75.7875,3.2125000000000057
0691-NIKRI,0,0,0,0,40,1,1,105.95,4335.2,0,0,1,1,0,0,0,0,0,0,1,0,1,0,1,0,1,1,0,1,0,0,4,0,108.38,-2.4299999999999926
5022-JNQEQ,0,0,1,1,9,1,1,75.85,647.5,0,0,0,1,0,0,0,0,0,0,0,0,1,0,0,0,0,0,0,0,1,0,1,1,71.94444444444444,3.9055555555555515
4558-FANTW,0,0,1,1,17,1,0,91.85,1574.45,1,0,0,1,0,0,1,0,0,0,0,0,1,0,1,0,0,0,0,0,1,0,3,0,92.61470588235295,-0.7647058823529562
3249-VHRIP,0,0,0,0,62,0,1,43.6,2748.7,0,1,0,0,0,0,0,0,1,0,1,0,0,0,0,0,1,0,1,1,0,0,3,0,44.33387096774193,-0.7338709677419288
3736-BLEPA,1,0,0,0,28,1,1,91.25,2483.65,0,0,0,1,0,0,0,0,1,0,0,0,1,0,1,0,0,1,0,0,0,0,3,0,88.70178571428572,2.5482142857142804
4701-LKOZD,0,0,0,0,70,1,0,89.75,6367.2,0,0,1,0,0,0,1,0,1,0,1,0,1,0,1,0,1,0,1,1,0,0,6,0,90.96,-1.2099999999999937
6603-QWSPR,0,0,0,0,46,1,1,104.4,4904.2,0,0,0,1,0,0,0,0,1,0,1,0,1,0,1,0,1,0,1,0,0,0,5,0,106.61304347826086,-2.2130434782608575
9921-QFQUL,0,0,1,0,23,1,0,90.15,2044.95,0,0,1,1,0,0,0,0,0,0,1,0,0,0,0,0,1,0,0,0,0,1,2,0,88.9108695652174,1.2391304347826093
1929-ZCBHE,1,0,1,1,47,0,0,40.3,1794.8,0,1,0,0,0,0,1,0,0,0,1,0,1,0,0,0,0,1,0,0,1,0,3,0,38.18723404255319,2.112765957446804
4378-MYPGO,1,0,1,1,68,1,1,105.25,7173.15,0,0,0,1,0,0,1,0,1,0,1,0,0,0,1,0,1,0,1,0,0,0,5,0,105.4875,-0.23749999999999716
8651-ENBZX,0,1,0,0,60,1,1,106.0,6441.4,1,0,1,1,0,0,0,0,0,0,1,0,1,0,1,0,1,1,0,0,1,0,4,0,107.35666666666665,-1.356666666666655
4129-LYCOI,0,0,0,1,67,1,1,104.0,7039.05,0,0,1,1,0,0,0,0,1,0,0,0,1,0,1,0,1,0,1,0,1,0,4,0,105.06044776119403,-1.0604477611940268
7798-JVXYM,0,0,0,0,14,1,1,69.65,921.4,0,0,0,0,0,0,0,0,0,0,0,0,1,0,1,0,1,0,0,0,1,0,3,0,65.81428571428572,3.835714285714289
8647-SDTWQ,1,0,1,1,57,1,1,74.3,4018.35,0,0,1,1,0,0,0,0,0,0,0,0,0,0,0,0,0,0,0,0,1,0,0,0,70.49736842105263,3.80263157894737
2696-ECXKC,0,0,1,1,55,1,0,100.9,5448.6,0,0,1,1,0,0,1,0,0,0,0,0,0,0,1,0,1,1,0,0,0,1,3,0,99.06545454545456,1.8345454545454487
2081-KJSQF,1,0,0,0,1,1,1,20.25,20.25,0,0,0,0,1,1,0,1,0,1,0,1,0,1,0,1,0,0,0,0,0,1,0,1,20.25,0.0
7623-TRNQN,1,0,0,1,1,1,1,49.9,49.9,1,0,0,0,0,0,0,0,0,0,0,0,1,0,0,0,0,0,0,0,0,1,1,1,49.9,0.0
3323-CPBWR,1,0,0,0,23,1,1,96.9,2085.45,0,0,1,1,0,0,0,0,0,0,1,0,1,0,1,0,0,0,0,1,0,0,3,0,90.67173913043477,6.228260869565233
9330-IJWIO,0,0,0,0,13,1,1,100.35,1358.85,1,0,1,1,0,0,1,0,0,0,0,0,0,0,1,0,1,0,0,0,1,0,3,0,104.52692307692307,-4.1769230769230745
3384-CTMSF,1,0,1,0,47,1,1,104.1,5135.15,0,0,1,1,0,0,0,0,1,0,1,0,0,0,1,0,1,0,0,0,1,0,4,0,109.25851063829786,-5.158510638297869
0902-RFHOF,1,0,0,0,38,1,0,20.1,730.1,0,0,0,0,1,1,0,1,0,1,0,1,0,1,0,1,0,1,0,0,0,1,0,0,19.21315789473684,0.8868421052631597
9286-DOJGF,0,1,1,0,38,1,1,74.95,2869.85,1,0,1,1,0,0,0,0,0,0,0,0,0,0,0,0,0,0,0,0,0,0,0,0,75.52236842105263,-0.5723684210526301
6048-QBXKL,0,1,0,0,2,1,1,56.55,118.25,0,0,1,0,0,0,0,0,1,0,0,0,0,0,0,0,0,0,0,1,0,0,1,1,59.125,-2.575000000000003
9661-MHUMO,1,1,1,1,1,1,1,49.25,49.25,1,0,0,0,0,0,0,0,0,0,0,0,1,0,0,0,0,0,0,1,0,0,1,1,49.25,0.0
7718-RXDGG,1,0,1,0,15,1,1,68.6,1108.6,0,0,0,1,0,0,0,0,0,0,0,0,0,0,0,0,0,0,0,0,0,0,0,0,73.90666666666667,-5.306666666666672
1025-FALIX,0,0,0,0,26,1,1,69.05,1815.65,0,0,0,1,0,0,0,0,0,0,0,0,0,0,0,0,0,0,0,1,0,0,0,0,69.83269230769231,-0.7826923076923151
3451-VAWLI,0,0,1,1,35,1,0,19.7,730.4,0,0,0,0,1,1,0,1,0,1,0,1,0,1,0,1,0,0,1,1,0,0,0,0,20.86857142857143,-1.168571428571429
3407-QGWLG,1,0,0,1,3,1,1,20.05,75.45,0,0,0,0,1,1,0,1,0,1,0,1,0,1,0,1,0,0,0,0,0,1,0,1,25.150000000000002,-5.100000000000001
1842-EZJMK,1,0,1,1,50,1,0,103.7,5071.05,1,0,1,1,0,0,0,0,1,0,0,0,1,0,1,0,1,0,0,0,1,0,4,0,101.421,2.2789999999999964
2347-WKKAE,1,0,1,0,42,1,1,94.4,4014.6,0,0,1,1,0,0,1,0,0,0,1,0,0,0,0,0,1,0,0,0,1,0,3,0,95.58571428571429,-1.1857142857142833
8735-DCXNF,1,0,1,0,10,1,1,54.95,568.85,0,0,0,0,0,0,1,0,0,0,0,0,1,0,0,0,0,0,0,1,0,0,2,1,56.885000000000005,-1.9350000000000023
3214-IYUUQ,0,0,1,0,61,1,0,93.7,5860.7,0,0,0,1,0,0,1,0,1,0,0,0,1,0,0,0,1,1,0,0,0,0,4,0,96.07704918032786,-2.377049180327859
1936-UAFEH,0,0,0,0,68,1,0,110.25,7279.35,0,0,1,1,0,0,1,0,1,0,0,0,1,0,1,0,1,0,1,1,0,0,5,0,107.04926470588236,3.200735294117635
3587-PMCOY,1,0,0,0,10,1,1,98.9,1064.95,0,0,0,1,0,0,1,0,0,0,1,0,0,0,1,0,1,1,0,0,1,0,4,1,106.495,-7.594999999999999
8079-XRJRS,1,0,1,0,65,1,0,89.75,5769.6,1,0,1,1,0,0,1,0,1,0,1,0,0,0,0,0,0,1,0,0,1,0,3,0,88.76307692307692,0.9869230769230768
1027-LKKQQ,0,0,1,1,72,1,1,80.45,5886.85,0,0,0,0,0,0,1,0,0,0,1,0,1,0,1,0,1,0,1,0,0,0,5,0,81.76180555555555,-1.3118055555555515
7148-XZPHA,1,0,1,1,55,1,0,79.4,4238.45,0,0,0,1,0,0,0,0,1,0,0,0,1,0,0,0,0,0,0,0,1,0,2,0,77.06272727272727,2.337272727272733
8073-IJDCM,0,0,0,0,1,1,1,20.3,20.3,1,0,0,0,1,1,0,1,0,1,0,1,0,1,0,1,0,0,0,0,0,1,0,1,20.3,0.0
5309-TAIKL,0,0,0,0,7,1,0,62.8,418.3,0,0,0,0,0,0,0,0,0,0,1,0,1,0,0,0,1,0,0,0,0,0,3,1,59.75714285714286,3.0428571428571374
6856-RAURS,0,0,0,0,2,1,1,74.9,136.05,0,0,1,1,0,0,0,0,0,0,0,0,0,0,0,0,0,0,0,0,0,1,0,1,68.025,6.875
8778-LMWTJ,0,0,0,0,9,1,1,74.85,708.2,0,0,0,1,0,0,1,0,0,0,0,0,0,0,0,0,0,0,0,0,1,0,1,1,78.6888888888889,-3.838888888888903
9717-IOAAF,1,0,0,1,27,1,1,25.85,788.55,0,0,1,0,1,1,0,1,0,1,0,1,0,1,0,1,0,0,1,1,0,0,0,0,29.205555555555552,-3.3555555555555507
8884-ADFVN,1,1,1,0,7,1,1,101.95,700.85,1,0,1,1,0,0,0,0,0,0,1,0,0,0,1,0,1,0,0,0,1,0,3,1,100.12142857142858,1.828571428571422
2845-KDHVX,0,0,1,0,64,1,1,68.3,4378.8,0,0,0,0,0,0,0,0,1,0,1,0,1,0,0,0,1,0,1,0,0,1,4,0,68.41875,-0.11875000000000568
0848-SOMKO,1,0,0,0,70,0,0,48.4,3442.8,0,1,0,0,0,0,1,0,0,0,1,0,1,0,0,0,1,0,1,0,0,0,4,0,49.182857142857145,-0.7828571428571465
2720-WGKHP,1,1,0,0,2,1,1,94.0,181.7,1,0,1,1,0,0,0,0,0,0,0,0,0,0,1,0,1,0,0,0,1,0,2,1,90.85,3.1500000000000057
6734-FQAJX,1,1,0,0,67,1,1,105.05,7171.7,0,0,0,1,0,0,1,0,1,0,0,0,1,0,1,0,1,0,1,0,1,0,5,0,107.04029850746268,-1.9902985074626827
2869-ADAWR,0,0,0,0,45,1,1,89.3,4016.85,1,0,1,1,0,0,0,0,1,0,0,0,0,0,1,0,0,0,0,1,0,0,2,0,89.26333333333334,0.03666666666666174
1535-VTJOQ,0,0,0,0,24,1,0,25.15,553.0,0,0,1,0,1,1,0,1,0,1,0,1,0,1,0,1,0,0,1,1,0,0,0,0,23.041666666666668,2.1083333333333307
6368-TZZDT,1,0,1,1,4,1,0,19.5,96.85,0,0,0,0,1,1,0,1,0,1,0,1,0,1,0,1,0,0,1,1,0,0,0,1,24.2125,-4.712499999999999
0943-ZQPXH,1,0,1,1,44,1,1,92.95,4122.9,0,0,0,1,0,0,0,0,0,0,1,0,0,0,1,0,1,0,0,0,0,0,3,0,93.70227272727271,-0.752272727272711
1293-BSEUN,0,0,1,1,72,1,1,20.7,1482.3,0,0,0,0,1,1,0,1,0,1,0,1,0,1,0,1,0,0,1,0,0,1,0,0,20.5875,0.11250000000000071
9894-EZEWG,0,0,0,0,1,1,1,74.3,74.3,1,0,0,1,0,0,0,0,1,0,0,0,0,0,0,0,0,0,0,1,0,0,1,1,74.3,0.0
1302-TPUBN,1,0,0,0,66,1,0,19.35,1240.8,0,0,0,0,1,1,0,1,0,1,0,1,0,1,0,1,0,0,1,0,0,0,0,0,18.8,0.5500000000000007
7851-FLGGQ,1,0,0,0,1,0,1,44.65,44.65,1,1,0,0,0,0,0,0,1,0,0,0,1,0,0,0,1,0,0,0,0,1,3,1,44.65,0.0
0637-UBJRP,1,0,1,1,13,1,0,84.05,1095.3,1,0,0,1,0,0,1,0,0,0,0,0,0,0,0,0,1,0,0,0,1,0,2,0,84.25384615384615,-0.20384615384615756
0940-OUQEC,1,0,0,0,10,1,1,80.7,788.8,1,0,1,1,0,0,0,0,1,0,0,0,0,0,0,0,0,0,0,0,0,0,1,1,78.88,1.8200000000000074
2378-VTKDH,1,1,1,0,65,1,1,104.35,6578.55,0,0,1,1,0,0,0,0,1,0,1,0,0,0,1,0,1,0,0,0,1,0,4,0,101.20846153846153,3.1415384615384596
0927-CNGRH,1,0,0,1,1,1,0,19.55,19.55,0,0,0,0,1,1,0,1,0,1,0,1,0,1,0,1,0,0,0,0,0,1,0,1,19.55,0.0
8608-OZTLB,1,0,1,1,38,1,0,74.05,2802.3,0,0,0,0,0,0,1,0,1,0,1,0,1,0,1,0,0,1,0,0,1,0,5,0,73.74473684210527,0.30526315789472847
2335-GSODA,1,0,0,1,23,0,0,40.1,857.75,0,1,0,0,0,0,1,0,0,0,1,0,1,0,0,0,0,0,1,0,0,1,3,0,37.29347826086956,2.8065217391304387
1952-DVVSW,0,0,1,0,10,1,0,20.1,184.4,0,0,0,0,1,1,0,1,0,1,0,1,0,1,0,1,0,1,0,0,0,1,0,1,18.44,1.6600000000000001
0702-PGIBZ,1,0,0,1,4,1,1,101.7,364.55,1,0,1,1,0,0,0,0,1,0,0,0,0,0,1,0,1,0,0,0,1,0,3,1,91.1375,10.5625
6656-GULJQ,1,0,1,1,72,1,1,83.55,6093.3,0,0,1,0,0,0,1,0,0,0,1,0,1,0,1,0,1,0,1,1,0,0,5,0,84.62916666666666,-1.0791666666666657
9853-JFZDU,0,0,1,0,35,1,0,56.85,1861.1,0,0,0,0,0,0,0,0,1,0,0,0,1,0,0,0,0,0,0,0,1,0,2,0,53.17428571428571,3.6757142857142924
1963-VAUKV,0,0,0,0,1,1,0,20.4,20.4,1,0,0,0,1,1,0,1,0,1,0,1,0,1,0,1,0,0,0,0,0,1,0,1,20.4,0.0
3777-XROBG,0,0,1,1,58,1,0,19.55,1079.65,0,0,0,0,1,1,0,1,0,1,0,1,0,1,0,1,0,0,1,1,0,0,0,0,18.614655172413794,0.9353448275862064
6994-FGRHH,1,0,1,1,70,1,1,106.15,7475.1,0,0,0,1,0,0,0,0,1,0,1,0,1,0,1,0,1,1,0,0,1,0,5,0,106.78714285714287,-0.6371428571428623
4000-VGMQP,1,0,1,1,38,1,0,78.95,2862.55,0,0,1,0,0,0,0,0,1,0,1,0,0,0,1,0,1,1,0,1,0,0,4,0,75.33026315789475,3.6197368421052545
3999-WRNGR,0,0,1,1,60,0,1,49.75,3069.45,0,1,0,0,0,0,0,0,1,0,0,0,0,0,1,0,1,0,0,0,1,0,3,0,51.1575,-1.4074999999999989
3466-RITXD,1,0,0,0,26,1,1,92.4,2349.8,0,0,1,1,0,0,1,0,1,0,0,0,0,0,1,0,0,0,0,1,0,0,3,0,90.37692307692308,2.0230769230769283
2680-XKKNJ,0,0,0,0,8,1,0,58.2,469.25,0,0,0,0,0,0,1,0,1,0,0,0,1,0,0,0,0,1,0,0,0,0,3,1,58.65625,-0.45624999999999716
3058-HJCUY,1,0,1,1,41,1,1,102.6,4213.35,1,0,1,1,0,0,0,0,0,0,1,0,1,0,1,0,1,1,0,0,1,0,4,0,102.76463414634148,-0.1646341463414842
2974-GGUXS,0,1,1,0,36,1,1,91.95,3301.05,0,0,1,1,0,0,0,0,1,0,0,0,0,0,1,0,0,0,0,1,0,0,2,0,91.69583333333334,0.2541666666666629
7994-XIRTR,1,1,0,0,54,1,0,65.25,3529.95,0,0,0,0,0,0,0,0,0,0,1,0,1,0,0,0,1,1,0,0,0,0,3,0,65.36944444444444,-0.11944444444444002
3259-FDWOY,1,0,1,1,71,1,1,106.0,7723.7,1,0,1,1,0,0,0,0,1,0,1,0,0,0,1,0,1,0,1,0,0,0,4,0,108.78450704225352,-2.784507042253523
2101-RANCD,0,0,0,0,55,1,1,73.1,4144.9,0,0,1,1,0,0,0,0,0,0,0,0,0,0,0,0,0,0,0,0,1,0,0,0,75.36181818181818,-2.2618181818181853
7921-BEPCI,0,0,0,0,72,1,0,59.75,4265.0,0,0,1,0,0,0,1,0,1,0,0,0,0,0,0,0,0,0,1,0,0,0,2,0,59.236111111111114,0.5138888888888857
0807-ZABDG,0,0,0,1,3,1,1,55.1,154.65,1,0,0,0,0,0,1,0,0,0,0,0,1,0,0,0,0,0,0,0,0,1,2,1,51.550000000000004,3.549999999999997
8510-TMWYB,0,0,1,1,54,1,1,59.8,3246.45,0,0,1,0,0,0,0,0,1,0,1,0,0,0,0,0,0,0,1,0,0,0,2,0,60.11944444444444,-0.31944444444444287
3258-ZKPAI,1,0,1,1,72,1,1,116.6,8337.45,0,0,1,1,0,0,1,0,1,0,1,0,1,0,1,0,1,0,1,0,0,0,6,0,115.79791666666668,0.8020833333333144
1428-IEDPR,1,0,0,0,52,1,1,109.3,5731.4,0,0,1,1,0,0,1,0,0,0,1,0,1,0,1,0,1,0,1,0,1,0,5,0,110.21923076923076,-0.9192307692307651
5298-GSTLM,0,1,0,0,60,1,1,101.4,6176.6,0,0,1,1,0,0,1,0,0,0,0,0,0,0,1,0,1,1,0,0,0,0,3,0,102.94333333333334,-1.5433333333333366
4450-YOOHP,0,0,0,0,39,0,1,50.65,1905.4,0,1,0,0,0,0,0,0,0,0,1,0,0,0,1,0,1,0,0,1,0,0,3,0,48.85641025641026,1.7935897435897417
6728-CZFEI,0,0,0,0,15,1,0,56.15,931.9,0,0,0,0,0,0,0,0,0,0,0,0,0,0,1,0,0,1,0,0,0,1,1,0,62.126666666666665,-5.976666666666667
5748-RNCJT,1,0,0,0,69,1,1,106.5,7348.8,1,0,1,1,0,0,0,0,0,0,1,0,1,0,1,0,1,0,1,0,0,0,4,0,106.50434782608696,-0.004347826086956275
3653-NCRDJ,1,0,1,1,43,1,1,19.2,776.25,0,0,0,0,1,1,0,1,0,1,0,1,0,1,0,1,0,1,0,0,0,1,0,0,18.052325581395348,1.1476744186046517
6121-TNHBO,0,1,0,0,63,1,0,83.0,5243.05,0,0,1,0,0,0,1,0,1,0,1,0,1,0,1,0,0,1,0,0,0,0,5,0,83.22301587301588,-0.223015873015882
5119-NZPTV,1,1,1,0,2,1,0,70.1,141.65,0,0,0,1,0,0,0,0,0,0,0,0,0,0,0,0,0,0,0,0,1,0,0,1,70.825,-0.7250000000000085
6519-ZHPXP,0,0,1,1,72,1,1,108.3,7679.65,0,0,0,1,0,0,1,0,1,0,1,0,1,0,1,0,1,0,1,0,0,0,6,0,106.66180555555555,1.6381944444444514
7739-LAXOG,0,0,1,1,32,1,1,91.05,2954.5,1,0,1,1,0,0,0,0,0,0,1,0,0,0,0,0,1,0,0,0,0,0,2,0,92.328125,-1.2781250000000028
3472-QPRCH,1,0,1,1,40,1,0,25.25,1006.9,0,0,1,0,1,1,0,1,0,1,0,1,0,1,0,1,0,0,1,1,0,0,0,0,25.1725,0.07750000000000057
8224-UAXBZ,0,0,1,0,58,0,1,45.35,2540.1,0,1,0,0,0,0,1,0,1,0,0,0,0,0,1,0,0,1,0,0,1,0,3,0,43.79482758620689,1.5551724137931089
9610-WCESF,1,0,0,0,67,0,0,43.9,3097.2,0,1,0,0,0,0,1,0,0,0,0,0,1,0,1,0,0,0,1,0,1,0,3,0,46.22686567164179,-2.326865671641791
9776-CLUJA,0,1,1,0,51,1,1,77.5,3807.35,1,0,1,1,0,0,1,0,0,0,0,0,0,0,0,0,0,0,0,0,1,0,1,0,74.65392156862745,2.846078431372547
2486-WYVVE,1,0,1,0,31,1,1,79.3,2484.0,0,0,1,0,0,0,0,0,0,0,1,0,1,0,1,0,1,1,0,0,0,1,4,0,80.12903225806451,-0.8290322580645153
3865-ZYKAD,1,1,1,0,69,1,1,84.9,5785.65,0,0,1,1,0,0,1,0,1,0,0,0,0,0,0,0,0,0,0,1,0,0,2,0,83.85,1.0500000000000114
1422-DGUBX,1,0,1,0,32,1,1,79.25,2619.15,0,0,1,1,0,0,0,0,0,0,0,0,1,0,0,0,0,1,0,0,1,0,1,0,81.8484375,-2.598437500000003
2999-AANRQ,0,0,0,0,21,1,0,71.05,1524.85,0,0,0,0,0,0,1,0,1,0,0,0,1,0,1,0,0,0,1,1,0,0,4,0,72.61190476190475,-1.5619047619047564
8668-KNZTI,1,0,0,0,52,1,0,53.75,2790.65,0,0,0,0,0,0,1,0,0,0,1,0,0,0,0,0,0,1,0,0,1,0,2,0,53.666346153846156,0.08365384615384386
0480-KYJVA,0,0,1,1,72,1,0,24.25,1784.5,0,0,1,0,1,1,0,1,0,1,0,1,0,1,0,1,0,0,1,1,0,0,0,0,24.78472222222222,-0.5347222222222214
6034-ZRYCV,0,0,1,0,72,0,1,54.2,3937.45,1,1,0,0,0,0,0,0,1,0,1,0,0,0,1,0,1,0,1,0,1,0,4,0,54.68680555555555,-0.4868055555555486
9746-YKGXB,1,0,1,1,52,0,0,44.25,2276.1,0,1,0,0,0,0,1,0,0,0,1,0,0,0,0,0,1,1,0,0,0,0,3,0,43.771153846153844,0.47884615384615614
3926-YZVVX,0,0,0,0,41,1,0,50.05,2029.05,0,0,0,0,0,0,0,0,0,0,0,0,1,0,0,0,0,1,0,0,0,0,1,0,49.4890243902439,0.560975609756099
6000-UKLWI,1,0,0,0,41,1,0,20.15,802.35,0,0,0,0,1,1,0,1,0,1,0,1,0,1,0,1,0,0,1,0,0,1,0,0,19.569512195121952,0.5804878048780466
2079-FBMZK,0,0,0,0,6,1,1,69.25,418.4,1,0,0,1,0,0,0,0,0,0,0,0,0,0,0,0,0,0,0,0,0,1,0,1,69.73333333333333,-0.4833333333333343
6332-FBZRI,1,0,1,1,67,1,1,69.35,4653.25,0,0,1,0,0,0,1,0,1,0,1,0,1,0,0,0,0,1,0,1,0,0,4,0,69.45149253731343,-0.10149253731343322
2096-XOTMO,0,0,1,1,16,1,0,19.35,275.9,0,0,0,0,1,1,0,1,0,1,0,1,0,1,0,1,0,0,0,0,0,1,0,0,17.24375,2.106250000000003
3266-FTKHB,1,0,0,0,17,1,0,19.15,343.45,0,0,0,0,1,1,0,1,0,1,0,1,0,1,0,1,0,0,1,0,0,1,0,0,20.20294117647059,-1.0529411764705898
8221-EQDGL,1,0,1,0,35,1,0,61.0,2130.45,0,0,0,0,0,0,1,0,1,0,1,0,0,0,0,0,0,0,0,0,0,1,3,0,60.87,0.13000000000000256
2346-LOCWC,0,0,1,1,58,1,0,20.5,1191.4,0,0,0,0,1,1,0,1,0,1,0,1,0,1,0,1,0,0,1,1,0,0,0,0,20.54137931034483,-0.04137931034482989
6608-QQLVK,1,0,0,0,1,1,1,50.5,50.5,1,0,0,0,0,0,0,0,0,0,1,0,0,0,0,0,0,0,0,0,1,0,1,1,50.5,0.0
0298-XACET,1,0,1,1,52,0,0,50.2,2554.0,0,1,0,0,0,0,0,0,1,0,1,0,1,0,1,0,0,0,1,0,0,1,4,0,49.11538461538461,1.0846153846153896
7560-QJAVJ,0,0,0,0,70,1,0,79.6,5589.45,0,0,0,0,0,0,1,0,0,0,1,0,1,0,1,0,1,0,1,0,0,0,5,0,79.84928571428571,-0.249285714285719
2995-YWTCD,0,0,1,1,19,1,1,24.9,467.7,0,0,1,0,1,1,0,1,0,1,0,1,0,1,0,1,0,0,1,0,0,0,0,0,24.61578947368421,0.284210526315789
3551-HUAZH,1,1,0,0,1,1,1,74.4,74.4,1,0,1,1,0,0,0,0,0,0,0,0,0,0,0,0,0,0,0,0,1,0,0,1,74.4,0.0
9137-UIYPG,0,0,1,1,35,1,1,106.9,3756.45,0,0,0,1,0,0,1,0,0,0,1,0,1,0,1,0,1,0,0,0,1,0,5,0,107.32714285714285,-0.42714285714284017
2809-ZMYOQ,0,0,0,0,32,1,1,101.35,3334.9,0,0,1,1,0,0,0,0,0,0,1,0,0,0,1,0,1,0,0,0,1,0,3,0,104.215625,-2.8656250000000085
5084-OOVCJ,0,0,1,1,17,1,1,55.35,920.5,0,0,0,0,0,0,1,0,0,0,0,0,1,0,0,0,0,0,0,1,0,0,2,0,54.14705882352941,1.2029411764705884
0254-WWRKD,0,0,1,1,67,1,0,50.55,3431.75,0,0,0,0,0,0,0,0,1,0,0,0,0,0,0,0,0,1,0,1,0,0,1,0,51.22014925373134,-0.6701492537313456
7727-SHVZV,0,0,0,0,9,1,0,19.5,150.35,0,0,0,0,1,1,0,1,0,1,0,1,0,1,0,1,0,0,0,0,0,0,0,1,16.705555555555556,2.7944444444444443
6302-JGYRJ,1,0,0,1,31,1,1,79.45,2587.7,1,0,1,0,0,0,0,0,1,0,0,0,1,0,1,0,1,1,0,0,0,1,4,0,83.47419354838709,-4.024193548387089
5339-PXDVH,1,0,0,0,4,1,0,90.65,367.95,0,0,1,1,0,0,1,0,0,0,0,0,0,0,1,0,0,0,0,0,1,0,2,1,91.9875,-1.3374999999999915
2205-LPVGL,1,1,1,1,58,1,1,89.85,5125.75,0,0,1,1,0,0,1,0,1,0,0,0,1,0,0,0,0,1,0,0,0,0,3,0,88.375,1.4749999999999943
8782-NUUOL,1,0,0,0,60,1,0,79.0,4801.1,0,0,0,0,0,0,1,0,0,0,1,0,1,0,1,0,1,1,0,0,0,1,5,0,80.01833333333335,-1.018333333333345
3685-YLCMQ,1,0,0,0,58,1,1,104.65,6219.6,1,0,1,1,0,0,0,0,0,0,1,0,1,0,1,0,1,1,0,0,1,0,4,0,107.2344827586207,-2.5844827586206947
7601-WFVZV,1,0,0,0,1,1,0,19.55,19.55,0,0,0,0,1,1,0,1,0,1,0,1,0,1,0,1,0,0,0,0,0,1,0,1,19.55,0.0
4609-KNNWG,0,0,1,1,27,1,0,19.9,550.1,0,0,0,0,1,1,0,1,0,1,0,1,0,1,0,1,0,0,1,0,0,1,0,0,20.374074074074073,-0.47407407407407476
4868-AADLV,1,1,1,1,66,1,1,116.25,7862.25,0,0,1,1,0,0,1,0,1,0,1,0,1,0,1,0,1,1,0,0,1,0,6,0,119.125,-2.875
9529-OFXHY,1,0,0,0,15,1,1,87.75,1242.2,0,0,1,1,0,0,1,0,0,0,0,0,0,0,1,0,0,0,0,0,0,0,2,0,82.81333333333333,4.936666666666667
8634-MPHTR,1,1,1,0,47,1,1,100.05,4871.05,1,0,1,1,0,0,0,0,0,0,1,0,0,0,1,0,1,0,0,0,1,0,3,0,103.63936170212766,-3.589361702127661
2669-QVCRG,0,0,0,0,41,1,1,81.3,3190.65,0,0,1,1,0,0,1,0,0,0,0,0,0,0,0,0,0,0,0,1,0,0,1,0,77.82073170731708,3.4792682926829173
2478-EEWWM,1,0,1,0,59,0,1,44.3,2666.75,0,1,0,0,0,0,0,0,0,0,0,0,0,0,1,0,1,0,0,0,1,0,2,0,45.19915254237288,-0.8991525423728817
9174-IHETN,0,0,0,1,50,1,0,70.35,3533.6,0,0,0,1,0,0,0,0,0,0,0,0,0,0,0,0,0,0,1,1,0,0,0,0,70.672,-0.32200000000000273
2233-TXSIU,1,0,1,1,17,0,0,44.45,792.15,0,1,0,0,0,0,1,0,0,0,1,0,0,0,1,0,0,1,0,1,0,0,3,0,46.59705882352941,-2.147058823529406
9644-UMGQA,1,0,1,1,6,1,1,49.15,295.65,0,0,0,0,0,0,1,0,0,0,0,0,0,0,0,0,0,0,0,0,1,0,1,1,49.275,-0.125
3256-EZDBI,1,1,1,0,51,0,1,29.45,1459.35,0,1,0,0,0,0,0,0,1,0,0,0,0,0,0,0,0,0,0,1,0,0,1,0,28.61470588235294,0.8352941176470594
8761-NSOBC,1,0,0,0,44,1,0,100.55,4398.15,1,0,0,1,0,0,0,0,1,0,0,0,1,0,1,0,1,0,0,0,1,0,4,0,99.95795454545454,0.5920454545454561
0419-YAAPX,1,0,1,0,49,1,1,85.3,4297.95,0,0,0,1,0,0,0,0,1,0,0,0,0,0,1,0,0,0,0,1,0,0,2,0,87.71326530612245,-2.4132653061224545
8413-VONUO,1,0,0,0,2,1,0,95.65,167.3,1,0,0,1,0,0,0,0,1,0,0,0,0,0,1,0,1,0,0,0,1,0,3,1,83.65,12.0
0872-CASZJ,1,0,1,0,59,1,1,69.1,4096.9,0,0,1,0,0,0,1,0,0,0,0,0,1,0,0,0,1,1,0,0,0,1,3,0,69.43898305084745,-0.3389830508474603
4726-DLWQN,1,1,0,0,50,1,1,70.35,3454.6,0,0,1,0,0,0,1,0,1,0,0,0,0,0,1,0,0,0,0,0,0,0,3,0,69.092,1.2579999999999956
8164-OCKUJ,0,0,1,1,59,1,0,20.6,1286.0,0,0,0,0,1,1,0,1,0,1,0,1,0,1,0,1,0,0,1,0,0,1,0,0,21.796610169491526,-1.1966101694915245
3094-JOJAI,1,0,0,0,18,1,0,74.15,1387.0,0,0,1,1,0,0,0,0,0,0,0,0,0,0,0,0,0,0,0,0,0,1,0,0,77.05555555555556,-2.9055555555555515
9494-MRNYX,1,0,0,0,10,1,0,75.05,786.3,0,0,1,1,0,0,0,0,0,0,0,0,0,0,0,0,0,0,0,0,1,0,0,1,78.63,-3.5799999999999983
2599-CZABP,1,0,1,0,14,1,0,44.6,641.25,0,0,0,0,0,0,0,0,0,0,0,0,0,0,0,0,0,1,0,0,1,0,0,0,45.80357142857143,-1.2035714285714292
7945-PRBVF,1,0,0,0,35,1,0,21.45,705.45,0,0,0,0,1,1,0,1,0,1,0,1,0,1,0,1,0,0,1,0,0,0,0,0,20.155714285714286,1.2942857142857136
4544-RXFMG,1,0,1,1,8,1,1,43.45,345.5,0,0,0,0,0,0,0,0,0,0,0,0,0,0,0,0,0,1,0,0,0,1,0,1,43.1875,0.26250000000000284
0859-YGKFW,1,0,1,1,18,1,0,20.05,345.9,0,0,0,0,1,1,0,1,0,1,0,1,0,1,0,1,0,1,0,0,0,0,0,0,19.216666666666665,0.8333333333333357
1150-FTQGN,0,0,1,1,60,1,0,94.15,5811.8,0,0,1,1,0,0,1,0,1,0,0,0,0,0,1,0,0,1,0,0,0,0,3,0,96.86333333333333,-2.713333333333324
9223-UCPVT,0,0,0,0,1,1,0,94.4,94.4,1,0,0,1,0,0,0,0,0,0,1,0,0,0,1,0,1,0,0,0,1,0,3,1,94.4,0.0
7196-LIWRH,0,0,0,0,6,1,0,19.55,124.45,0,0,0,0,1,1,0,1,0,1,0,1,0,1,0,1,0,0,1,0,0,1,0,1,20.741666666666667,-1.1916666666666664
5448-VWNAM,0,0,0,1,19,1,1,75.9,1375.6,0,0,1,0,0,0,1,0,1,0,0,0,1,0,1,0,0,0,0,0,0,1,4,0,72.39999999999999,3.500000000000014
1177-XZBJL,1,0,1,1,53,1,0,64.15,3491.55,0,0,1,0,0,0,1,0,1,0,0,0,1,0,0,0,0,1,0,0,0,0,3,0,65.87830188679246,-1.7283018867924511
3518-FSTWG,1,1,1,0,72,1,1,109.55,7920.7,0,0,1,1,0,0,1,0,1,0,1,0,0,0,1,0,1,0,1,0,0,0,5,0,110.00972222222222,-0.4597222222222257
9330-VOFSZ,0,0,1,0,60,1,1,110.8,6640.7,0,0,1,1,0,0,0,0,1,0,1,0,1,0,1,0,1,0,1,1,0,0,5,0,110.67833333333333,0.1216666666666697
4351-QLCSU,0,0,0,0,1,1,1,55.0,55.0,1,0,0,0,0,0,0,0,0,0,0,0,0,0,1,0,0,0,0,1,0,0,1,1,55.0,0.0
0939-EREMR,0,0,0,1,13,1,0,53.45,718.1,0,0,0,0,0,0,0,0,0,0,1,0,1,0,0,0,0,0,0,0,0,1,2,0,55.23846153846154,-1.78846153846154
9389-ACWBI,0,0,1,1,5,1,0,69.95,320.4,0,0,0,1,0,0,0,0,0,0,0,0,0,0,0,0,0,0,0,1,0,0,0,1,64.08,5.8700000000000045
5419-JPRRN,1,0,0,0,1,1,1,101.45,101.45,1,0,1,1,0,0,0,0,0,0,1,0,0,0,1,0,1,0,0,0,1,0,3,1,101.45,0.0
3644-QXEHN,1,0,1,1,13,1,0,97.0,1334.45,0,0,0,1,0,0,0,0,0,0,1,0,0,0,1,0,1,0,0,0,1,0,3,0,102.65,-5.650000000000006
2911-IJORQ,1,0,0,0,37,1,1,90.6,3358.65,0,0,1,0,0,0,1,0,1,0,1,0,1,0,1,0,1,1,0,0,0,0,6,0,90.77432432432433,-0.17432432432433131
5921-NGYRH,1,0,1,0,64,1,1,73.55,4764.0,0,0,0,1,0,0,1,0,0,0,0,0,0,0,0,0,0,0,0,0,0,1,1,0,74.4375,-0.8875000000000028
2100-BDNSN,0,0,1,0,5,1,0,67.95,350.3,1,0,1,0,0,0,0,0,0,0,1,0,1,0,1,0,0,0,0,0,0,0,3,1,70.06,-2.1099999999999994
5998-DZLYR,0,0,1,0,61,1,1,94.35,5703.0,0,0,1,1,0,0,0,0,1,0,0,0,1,0,0,0,1,0,1,0,0,0,3,0,93.49180327868852,0.8581967213114723
0488-GSLFR,0,0,0,0,1,1,1,69.5,69.5,1,0,0,1,0,0,0,0,0,0,0,0,0,0,0,0,0,0,0,0,1,0,0,1,69.5,0.0
9318-NKNFC,1,0,0,0,1,1,1,18.85,18.85,1,0,0,0,1,1,0,1,0,1,0,1,0,1,0,1,0,0,0,0,0,1,0,1,18.85,0.0
3985-HOYPM,1,0,0,0,26,1,0,19.4,525.55,0,0,0,0,1,1,0,1,0,1,0,1,0,1,0,1,0,1,0,0,0,1,0,0,20.213461538461537,-0.8134615384615387
9728-FTTVZ,0,0,0,0,1,1,1,69.2,69.2,1,0,0,1,0,0,0,0,0,0,0,0,0,0,0,0,0,0,0,0,1,0,0,1,69.2,0.0
9548-LERKT,1,0,1,0,24,1,0,19.75,483.15,0,0,0,0,1,1,0,1,0,1,0,1,0,1,0,1,0,0,1,0,0,1,0,0,20.131249999999998,-0.38124999999999787
6576-FBXOJ,1,0,1,0,17,0,0,54.6,934.8,0,1,0,0,0,0,0,0,0,0,1,0,1,0,1,0,1,1,0,0,1,0,4,0,54.98823529411764,-0.3882352941176421
4310-KEDTB,0,0,0,1,26,0,1,29.8,786.5,0,1,0,0,0,0,0,0,0,0,1,0,0,0,0,0,0,0,0,0,0,1,1,0,30.25,-0.4499999999999993
7254-IQWOZ,1,0,0,0,1,1,1,69.65,69.65,1,0,0,1,0,0,0,0,0,0,0,0,0,0,0,0,0,0,0,0,1,0,0,1,69.65,0.0
2474-BRUCM,1,1,1,0,40,1,0,101.85,4086.3,1,0,1,1,0,0,1,0,0,0,0,0,0,0,1,0,1,0,0,0,1,0,3,0,102.1575,-0.30750000000000455
4062-HBMOS,1,0,0,0,52,1,1,103.05,5364.8,0,0,1,1,0,0,0,0,1,0,1,0,0,0,1,0,1,0,0,0,1,0,4,0,103.16923076923078,-0.11923076923078213
0742-NXBGR,0,0,0,0,1,1,1,82.3,82.3,1,0,0,1,0,0,0,0,1,0,1,0,0,0,0,0,0,0,0,0,1,0,2,1,82.3,0.0
2676-ISHSF,1,0,0,0,1,1,0,20.3,20.3,0,0,0,0,1,1,0,1,0,1,0,1,0,1,0,1,0,0,0,0,0,1,0,1,20.3,0.0
9236-NDUCW,0,0,0,0,21,0,0,35.1,770.4,0,1,0,0,0,0,1,0,0,0,0,0,1,0,0,0,0,0,1,0,0,1,2,0,36.68571428571428,-1.5857142857142819
4753-PADAS,0,0,1,0,67,1,1,105.7,6816.95,0,0,1,1,0,0,0,0,1,0,1,0,0,0,1,0,1,1,0,0,0,0,4,0,101.7455223880597,3.9544776119403053
6103-QCKFX,0,0,1,1,44,1,0,56.25,2419.55,0,0,0,0,0,0,1,0,0,0,0,0,1,0,0,0,0,0,0,0,0,0,2,0,54.98977272727273,1.2602272727272705
7781-EWARA,1,0,1,1,70,0,0,60.35,4138.7,0,1,0,0,0,0,0,0,1,0,1,0,1,0,1,0,1,1,0,0,1,0,5,0,59.12428571428571,1.2257142857142895
6110-OHIHY,1,0,0,0,3,1,0,79.25,267.6,1,0,0,1,0,0,0,0,0,0,0,0,0,0,1,0,0,0,0,0,1,0,1,1,89.2,-9.950000000000003
7018-FPXHH,1,0,1,1,56,1,1,59.8,3457.45,0,0,0,0,0,0,1,0,1,0,1,0,0,0,0,0,0,0,1,0,0,0,3,0,61.740178571428565,-1.940178571428568
5889-LFOLL,0,0,0,0,13,1,1,84.6,1115.2,1,0,1,1,0,0,0,0,0,0,0,0,0,0,0,0,1,0,0,0,1,0,1,0,85.78461538461539,-1.1846153846153982
5708-EVONK,0,0,1,1,58,1,1,93.4,5435.6,1,0,1,1,0,0,1,0,1,0,0,0,0,0,0,0,1,0,0,0,0,0,3,0,93.71724137931035,-0.3172413793103459
8708-XPXHZ,0,0,1,1,42,1,1,94.2,4186.3,1,0,1,1,0,0,0,0,0,0,0,0,0,0,1,0,1,0,0,0,1,0,2,0,99.67380952380952,-5.473809523809521
0616-ATFGB,1,1,1,0,1,0,0,25.05,25.05,1,1,0,0,0,0,0,0,0,0,0,0,0,0,0,0,0,0,0,0,1,0,0,1,25.05,0.0
0572-ZJKLT,0,0,1,1,46,1,0,99.65,4630.2,0,0,1,1,0,0,1,0,0,0,1,0,1,0,0,0,1,0,1,0,0,1,4,0,100.65652173913043,-1.0065217391304202
5135-RDDQL,0,0,1,1,63,1,1,50.65,3221.25,0,0,0,0,0,0,1,0,0,0,0,0,0,0,0,0,0,0,1,0,0,0,1,0,51.13095238095238,-0.480952380952381
1353-LJWEM,1,0,0,0,11,1,1,60.9,688.5,0,0,0,0,0,0,0,0,1,0,1,0,1,0,0,0,0,0,0,0,1,0,3,1,62.59090909090909,-1.690909090909095
1794-SWWKL,1,0,1,1,15,1,1,59.65,867.1,0,0,1,0,0,0,0,0,0,0,1,0,1,0,0,0,0,0,0,0,0,0,2,0,57.806666666666665,1.8433333333333337
6166-YIPFO,1,0,1,0,72,0,1,64.7,4746.05,0,1,0,0,0,0,1,0,1,0,1,0,1,0,1,0,1,0,1,0,1,0,6,0,65.91736111111112,-1.2173611111111171
7016-BPGEU,0,0,0,0,29,0,1,25.1,712.85,1,1,0,0,0,0,0,0,0,0,0,0,0,0,0,0,0,0,0,1,0,0,0,0,24.58103448275862,0.5189655172413801
6876-ADESB,1,0,0,1,1,1,0,48.95,48.95,1,0,0,0,0,0,0,0,0,0,1,0,0,0,0,0,0,0,0,0,1,0,1,1,48.95,0.0
9332-GYWLO,0,0,1,1,6,1,0,54.85,355.1,0,0,0,0,0,0,0,0,0,0,0,0,0,0,1,0,0,0,0,0,1,0,1,1,59.18333333333334,-4.333333333333336
1963-SVUCV,1,0,0,0,1,1,0,45.3,45.3,1,0,0,0,0,0,0,0,0,0,0,0,0,0,0,0,0,0,0,0,1,0,0,1,45.3,0.0
4184-VODJZ,1,0,1,1,63,1,1,91.35,5764.7,0,0,1,1,0,0,0,0,1,0,0,0,0,0,0,0,1,1,0,0,1,0,2,0,91.5031746031746,-0.1531746031746053
0220-EBGCE,1,0,0,0,2,1,1,85.85,167.3,1,0,0,1,0,0,0,0,0,0,1,0,0,0,0,0,1,0,0,0,1,0,2,1,83.65,2.1999999999999886
1092-WPIVQ,0,0,1,1,18,1,0,25.1,428.45,0,0,1,0,1,1,0,1,0,1,0,1,0,1,0,1,0,0,1,0,0,1,0,0,23.802777777777777,1.2972222222222243
7233-IOQNP,0,0,1,0,43,0,0,34.0,1505.35,0,1,0,0,0,0,1,0,0,0,0,0,1,0,0,0,0,0,0,0,0,0,2,0,35.00813953488372,-1.0081395348837177
2834-JKOOW,0,0,0,0,15,0,0,45.9,693.45,0,1,0,0,0,0,1,0,1,0,1,0,1,0,0,0,0,1,0,0,0,1,4,0,46.230000000000004,-0.3300000000000054
2754-VDLTR,1,0,0,1,10,1,0,95.2,930.4,1,0,1,1,0,0,0,0,0,0,0,0,0,0,1,0,1,0,0,0,1,0,2,1,93.03999999999999,2.160000000000011
2400-FEQME,1,0,1,1,55,1,0,20.5,1177.95,0,0,0,0,1,1,0,1,0,1,0,1,0,1,0,1,0,0,1,0,0,1,0,0,21.417272727272728,-0.9172727272727279
3190-XFANI,1,0,0,1,49,1,1,100.6,5069.65,1,0,1,1,0,0,0,0,0,0,0,0,1,0,1,0,1,1,0,0,0,0,3,0,103.46224489795918,-2.8622448979591866
7551-DACSP,1,0,1,1,6,1,1,55.3,324.25,1,0,0,0,0,0,0,0,1,0,1,0,0,0,0,0,0,0,0,0,0,1,2,1,54.041666666666664,1.2583333333333329
4957-SREEC,1,0,1,1,70,1,0,20.35,1458.1,0,0,0,0,1,1,0,1,0,1,0,1,0,1,0,1,0,0,1,1,0,0,0,0,20.83,-0.4799999999999969
7235-NXZCP,1,1,0,0,2,1,1,74.85,156.4,1,0,1,1,0,0,0,0,0,0,0,0,0,0,0,0,0,0,0,0,0,1,0,1,78.2,-3.3500000000000085
0230-UBYPQ,1,1,1,0,63,0,0,36.1,2298.9,0,1,0,0,0,0,1,0,0,0,0,0,1,0,0,0,0,1,0,0,0,0,2,0,36.490476190476194,-0.39047619047619264
4923-ADWXJ,0,0,0,0,25,1,1,65.8,1679.65,0,0,0,0,0,0,0,0,1,0,0,0,1,0,0,0,1,0,0,0,0,0,3,0,67.186,-1.38600000000001
1763-KUAAW,0,1,0,0,18,1,0,20.35,369.6,0,0,0,0,1,1,0,1,0,1,0,1,0,1,0,1,0,1,0,0,0,0,0,0,20.533333333333335,-0.18333333333333357
1104-TNLZA,1,1,1,0,28,1,1,105.8,2998.0,0,0,1,1,0,0,0,0,1,0,0,0,1,0,1,0,1,0,0,0,1,0,4,0,107.07142857142857,-1.2714285714285722
5195-KPUNQ,0,1,0,0,53,1,1,96.75,5206.55,0,0,0,1,0,0,1,0,1,0,0,0,1,0,0,0,1,1,0,0,0,1,4,0,98.23679245283019,-1.486792452830187
0520-FDVVT,1,0,0,0,35,1,1,102.35,3626.1,1,0,0,1,0,0,0,0,1,0,1,0,0,0,1,0,1,1,0,0,0,0,4,0,103.60285714285715,-1.2528571428571524
3439-GVUSX,1,0,0,0,1,0,0,24.4,24.4,0,1,0,0,0,0,0,0,0,0,0,0,0,0,0,0,0,0,0,0,0,1,0,1,24.4,0.0
1444-VVSGW,1,0,1,0,70,1,0,115.65,7968.85,1,0,1,1,0,0,1,0,1,0,1,0,1,0,1,0,1,1,0,1,0,0,6,0,113.84071428571428,1.8092857142857213
5712-PTIWW,1,0,0,0,2,1,1,79.85,152.45,1,0,0,1,0,0,0,0,0,0,1,0,1,0,0,0,0,0,0,0,1,0,2,1,76.225,3.625
5949-HGVJL,0,0,1,0,26,1,1,73.05,1959.5,0,0,0,0,0,0,0,0,1,0,0,0,1,0,1,0,1,0,0,0,1,0,4,0,75.36538461538461,-2.315384615384616
5203-XEHAX,0,0,0,0,34,1,0,64.35,2053.05,0,0,0,0,0,0,1,0,1,0,0,0,0,0,0,0,1,1,0,0,1,0,3,0,60.38382352941177,3.9661764705882234
1635-HDGFT,0,0,0,1,19,1,0,20.5,398.55,0,0,0,0,1,1,0,1,0,1,0,1,0,1,0,1,0,0,1,0,0,1,0,0,20.976315789473684,-0.47631578947368425
3315-TOTBP,1,0,0,0,15,1,1,76.0,1130.85,1,0,1,1,0,0,0,0,0,0,0,0,0,0,0,0,0,0,0,0,0,1,0,0,75.39,0.6099999999999994
8050-XGRVL,0,0,1,1,62,1,0,54.75,3425.35,0,0,0,0,0,0,1,0,0,0,1,0,0,0,0,0,0,1,0,1,0,0,2,0,55.247580645161285,-0.4975806451612854
6661-HBGWL,0,1,0,0,42,1,1,104.75,4323.45,1,0,1,1,0,0,0,0,1,0,1,0,0,0,1,0,1,0,0,0,0,0,4,0,102.93928571428572,1.8107142857142833
1518-VOWAV,0,0,0,0,9,1,1,74.65,703.55,1,0,0,0,0,0,1,0,1,0,0,0,0,0,1,0,1,0,0,0,1,0,4,1,78.17222222222222,-3.5222222222222115
9828-QHFBK,1,0,0,0,24,1,1,51.15,1275.7,0,0,0,0,0,0,1,0,0,0,0,0,0,0,0,0,0,0,0,0,1,0,1,0,53.15416666666667,-2.00416666666667
3908-MKIMJ,1,1,1,0,68,0,1,41.95,2965.75,0,1,0,0,0,0,1,0,1,0,1,0,0,0,0,0,0,0,1,0,1,0,3,0,43.6139705882353,-1.6639705882352942
5012-YSPJJ,1,0,1,1,31,1,0,54.35,1647.0,0,0,0,0,0,0,0,0,0,0,1,0,1,0,0,0,0,0,0,0,0,1,2,0,53.12903225806452,1.2209677419354819
5909-ECHUI,0,0,0,0,1,1,1,56.25,56.25,1,0,0,0,0,0,0,0,0,0,0,0,0,0,0,0,1,0,0,0,1,0,1,1,56.25,0.0
1309-BXVOQ,1,0,1,0,21,1,1,106.1,2249.95,1,0,1,1,0,0,0,0,0,0,1,0,1,0,1,0,1,0,0,0,1,0,4,0,107.14047619047618,-1.0404761904761841
6728-VOIFY,0,0,1,0,63,1,1,96.0,6109.75,0,0,0,1,0,0,0,0,1,0,0,0,0,0,1,0,1,1,0,0,1,0,3,0,96.98015873015873,-0.9801587301587347
9317-WZPGV,0,1,0,0,2,1,1,79.75,159.4,1,0,0,1,0,0,0,0,0,0,0,0,0,0,0,0,1,0,0,0,0,0,1,1,79.7,0.04999999999999716
4891-NLUBA,0,0,1,1,61,0,1,61.45,3751.15,0,1,0,0,0,0,0,0,1,0,1,0,1,0,1,0,1,0,1,0,0,0,5,0,61.49426229508197,-0.044262295081964
2856-HYAPG,0,0,0,0,1,1,0,68.65,68.65,1,0,0,1,0,0,0,0,0,0,0,0,0,0,0,0,0,0,0,0,1,0,0,1,68.65,0.0
8969-PRHFK,1,0,0,0,18,1,0,19.65,411.25,0,0,0,0,1,1,0,1,0,1,0,1,0,1,0,1,0,1,0,0,0,1,0,0,22.84722222222222,-3.197222222222223
0661-KQHNK,0,0,1,1,6,1,0,19.0,105.5,0,0,0,0,1,1,0,1,0,1,0,1,0,1,0,1,0,1,0,1,0,0,0,1,17.583333333333332,1.4166666666666679
8709-KRDVL,0,0,0,0,33,1,1,100.0,3320.6,0,0,1,1,0,0,0,0,1,0,0,0,0,0,1,0,1,0,0,0,1,0,3,0,100.62424242424242,-0.6242424242424249
4488-PSYCG,1,0,0,0,16,1,0,20.25,327.45,1,0,0,0,1,1,0,1,0,1,0,1,0,1,0,1,0,0,0,0,0,0,0,0,20.465625,-0.2156249999999993
1427-VERSM,0,0,1,0,56,1,1,98.7,5669.5,0,0,0,1,0,0,0,0,0,0,1,0,1,0,1,0,1,0,0,0,1,0,4,0,101.24107142857143,-2.5410714285714278
9801-NOSHQ,1,0,0,1,23,1,0,19.8,465.45,0,0,0,0,1,1,0,1,0,1,0,1,0,1,0,1,0,1,0,0,0,1,0,0,20.23695652173913,-0.43695652173913047
6339-YPSAH,1,0,0,0,9,1,1,73.8,704.3,0,0,0,1,0,0,0,0,0,0,1,0,0,0,0,0,0,0,0,0,1,0,1,1,78.25555555555555,-4.455555555555549
3621-CEOVK,0,1,1,0,14,1,1,100.2,1369.8,1,0,1,1,0,0,0,0,1,0,0,0,0,0,1,0,1,0,0,0,1,0,3,0,97.84285714285714,2.357142857142861
6906-ANDWJ,1,0,1,1,15,1,1,74.9,1107.25,1,0,1,1,0,0,0,0,0,0,0,0,0,0,0,0,0,0,0,0,0,0,0,0,73.81666666666666,1.0833333333333428
2159-TURXX,1,0,0,0,5,1,0,20.05,95.55,0,0,0,0,1,1,0,1,0,1,0,1,0,1,0,1,0,0,0,1,0,0,0,1,19.11,0.9400000000000013
1548-FEHVL,1,0,1,0,61,1,1,106.2,6375.2,0,0,1,1,0,0,1,0,1,0,0,0,0,0,1,0,1,0,0,0,1,0,4,0,104.51147540983607,1.6885245901639365
3795-CAWEX,1,0,1,1,70,1,1,116.55,8152.3,0,0,1,1,0,0,1,0,1,0,1,0,1,0,1,0,1,0,1,1,0,0,6,0,116.46142857142857,0.08857142857142719
6215-NQCPY,1,0,0,0,15,1,1,99.7,1566.75,0,0,1,1,0,0,1,0,0,0,0,0,0,0,1,0,1,0,0,0,1,0,3,0,104.45,-4.75
5647-URDKA,1,0,1,1,8,1,0,19.7,130.25,0,0,0,0,1,1,0,1,0,1,0,1,0,1,0,1,0,0,1,0,0,1,0,1,16.28125,3.4187499999999993
2229-DPMBI,0,0,1,1,8,1,0,19.5,162.15,0,0,0,0,1,1,0,1,0,1,0,1,0,1,0,1,0,0,1,0,0,1,0,1,20.26875,-0.7687500000000007
9626-WEQRM,0,0,0,0,4,0,1,29.15,110.05,0,1,0,0,0,0,1,0,0,0,0,0,0,0,0,0,0,0,0,0,0,1,1,1,27.5125,1.6374999999999993
2188-SXWVT,0,0,0,0,34,1,0,55.0,1885.15,0,0,0,0,0,0,1,0,1,0,0,0,0,0,0,0,0,1,0,0,0,1,2,0,55.44558823529412,-0.4455882352941174
6258-PVZWJ,1,0,1,0,68,1,1,90.8,6302.85,0,0,1,0,0,0,1,0,1,0,1,0,1,0,1,0,1,0,1,1,0,0,6,0,92.68897058823529,-1.8889705882352956
1094-BKOSX,0,0,1,1,45,0,0,51.0,2264.5,0,1,0,0,0,0,0,0,1,0,1,0,1,0,0,0,1,1,0,0,0,0,4,0,50.32222222222222,0.6777777777777771
6969-MVBAI,0,1,0,0,9,1,1,90.1,816.8,0,0,1,1,0,0,0,0,0,0,1,0,0,0,1,0,0,0,0,0,1,0,2,1,90.75555555555555,-0.6555555555555515
2978-XXSOG,0,0,0,0,22,1,1,59.05,1253.5,0,0,1,0,0,0,1,0,0,0,0,0,1,0,0,0,0,0,0,0,0,1,2,0,56.97727272727273,2.0727272727272705
2342-CKIAO,0,0,0,0,2,1,0,20.3,41.2,0,0,0,0,1,1,0,1,0,1,0,1,0,1,0,1,0,0,0,0,0,1,0,1,20.6,-0.3000000000000007
6953-PBDIN,1,0,1,0,70,1,0,72.95,5265.55,0,0,1,0,0,0,0,0,1,0,1,0,1,0,1,0,0,0,1,0,0,0,4,0,75.22214285714286,-2.2721428571428532
3898-BSJYF,0,0,0,1,10,1,0,73.55,693.3,0,0,1,0,0,0,1,0,0,0,1,0,1,0,0,0,1,1,0,1,0,0,4,1,69.33,4.219999999999999
3938-YFPXD,1,0,0,0,72,1,0,84.3,5997.1,0,0,1,0,0,0,1,0,0,0,1,0,1,0,1,0,1,0,1,1,0,0,5,0,83.29305555555555,1.0069444444444429
7696-AMHOD,0,0,1,1,49,1,0,78.0,3824.2,0,0,0,0,0,0,0,0,1,0,1,0,0,0,1,0,1,1,0,1,0,0,4,0,78.04489795918367,-0.04489795918367179
2453-SAFNS,0,1,0,0,54,1,0,72.1,3886.05,0,0,1,0,0,0,0,0,1,0,0,0,1,0,1,0,0,1,0,0,0,1,3,0,71.96388888888889,0.13611111111110574
9558-IHEZX,0,0,0,0,71,1,1,106.75,7283.25,0,0,1,1,0,0,1,0,1,0,1,0,0,0,1,0,1,0,1,1,0,0,5,0,102.58098591549296,4.16901408450704
9617-UDPEU,0,0,0,0,22,1,1,19.25,412.55,0,0,0,0,1,1,0,1,0,1,0,1,0,1,0,1,0,1,0,0,0,1,0,0,18.75227272727273,0.49772727272727124
6340-DACFT,0,0,1,1,50,1,0,20.55,1070.25,0,0,0,0,1,1,0,1,0,1,0,1,0,1,0,1,0,0,1,1,0,0,0,0,21.405,-0.8550000000000004
4955-VCWBI,0,0,1,1,43,1,0,20.0,817.95,0,0,0,0,1,1,0,1,0,1,0,1,0,1,0,1,0,1,0,0,0,1,0,0,19.022093023255817,0.9779069767441833
6813-GZQCG,0,0,1,1,45,1,1,24.65,1171.3,0,0,1,0,1,1,0,1,0,1,0,1,0,1,0,1,0,0,1,1,0,0,0,0,26.028888888888886,-1.3788888888888877
7426-GSWPO,1,1,0,0,64,1,1,103.5,6548.65,0,0,1,1,0,0,1,0,1,0,0,0,0,0,1,0,1,0,0,0,0,0,4,0,102.32265625,1.1773437500000057
3389-KTRXV,0,0,1,1,23,1,0,23.85,625.65,0,0,1,0,1,1,0,1,0,1,0,1,0,1,0,1,0,0,1,0,0,1,0,0,27.202173913043477,-3.352173913043476
3118-UHVVQ,0,0,1,0,68,1,0,25.8,1911.5,0,0,1,0,1,1,0,1,0,1,0,1,0,1,0,1,0,0,1,1,0,0,0,0,28.110294117647058,-2.3102941176470573
1031-IIDEO,0,0,0,0,1,1,1,70.85,70.85,1,0,0,1,0,0,0,0,0,0,0,0,0,0,0,0,0,0,0,0,1,0,0,1,70.85,0.0
5832-XKAES,1,0,0,0,2,1,1,69.8,134.7,1,0,0,1,0,0,0,0,0,0,0,0,0,0,0,0,0,0,0,1,0,0,0,1,67.35,2.450000000000003
3205-MXZRA,1,0,0,0,26,1,0,59.45,1507.0,0,0,0,0,0,0,0,0,0,0,0,0,1,0,1,0,0,1,0,1,0,0,2,0,57.96153846153846,1.488461538461543
4701-AHWMW,1,0,1,0,55,0,1,54.55,2978.3,1,1,0,0,0,0,0,0,0,0,1,0,1,0,1,0,1,0,0,0,0,0,4,0,54.150909090909096,0.3990909090909014
8317-BVKSO,1,0,0,0,14,1,1,20.05,299.3,0,0,0,0,1,1,0,1,0,1,0,1,0,1,0,1,0,0,0,0,1,0,0,0,21.37857142857143,-1.3285714285714292
5702-KVQRD,1,0,1,0,71,1,1,82.55,5832.65,0,0,0,0,0,0,1,0,0,0,1,0,1,0,1,0,1,0,1,0,1,0,5,0,82.14999999999999,0.4000000000000057
0083-PIVIK,1,0,0,0,64,1,0,81.25,5567.55,0,0,1,0,0,0,1,0,1,0,1,0,1,0,1,0,0,1,0,0,1,0,5,0,86.99296875,-5.742968750000003
9210-IAHGH,0,0,0,0,7,1,1,70.75,450.8,1,0,0,0,0,0,0,0,0,0,0,0,1,0,1,0,1,0,0,1,0,0,3,1,64.4,6.349999999999994
6169-PGNCD,0,0,0,0,57,1,1,74.3,4166.35,0,0,0,0,0,0,1,0,1,0,1,0,1,0,1,0,0,0,1,1,0,0,5,0,73.09385964912282,1.2061403508771775
0023-XUOPT,0,0,1,0,13,1,0,94.1,1215.6,1,0,1,1,0,0,0,0,1,0,1,0,0,0,1,0,0,0,0,0,1,0,3,0,93.5076923076923,0.5923076923076991
4592-IWTJI,0,0,1,1,3,0,0,29.7,91.7,1,1,0,0,0,0,1,0,0,0,0,0,0,0,0,0,0,0,0,1,0,0,1,1,30.566666666666666,-0.8666666666666671
4909-JOUPP,1,1,1,0,72,1,0,109.7,7898.45,0,0,1,1,0,0,0,0,1,0,1,0,1,0,1,0,1,0,1,1,0,0,5,0,109.70069444444444,-0.000694444444434339
4657-FWVFY,0,0,1,1,40,1,1,96.35,3915.4,0,0,1,1,0,0,0,0,1,0,1,0,0,0,1,0,0,0,0,1,0,0,3,0,97.885,-1.5350000000000108
2257-BOVXD,1,0,1,0,14,1,1,66.6,979.5,0,0,1,0,0,0,0,0,0,0,0,0,1,0,1,0,0,0,0,1,0,0,2,0,69.96428571428571,-3.364285714285714
7729-JTEEC,1,0,1,1,2,1,1,44.5,90.05,0,0,0,0,0,0,0,0,0,0,0,0,0,0,0,0,0,0,0,0,1,0,0,1,45.025,-0.5249999999999986
7632-MNYOY,1,1,0,0,66,1,0,110.9,7432.05,1,0,1,1,0,0,0,0,1,0,1,0,1,0,1,0,1,1,0,1,0,0,5,0,112.60681818181818,-1.7068181818181785
6518-LGAOV,0,0,1,0,38,1,1,105.0,4026.4,1,0,1,1,0,0,0,0,0,0,1,0,1,0,1,0,1,0,0,0,1,0,4,0,105.9578947368421,-0.9578947368421069
7242-QZLXF,1,0,0,1,1,0,1,25.3,25.3,1,1,0,0,0,0,0,0,0,0,0,0,0,0,0,0,0,0,0,0,1,0,0,1,25.3,0.0
4576-CSAJH,1,0,0,0,22,1,1,55.15,1193.05,1,0,0,0,0,0,0,0,1,0,0,0,1,0,0,0,0,1,0,1,0,0,2,0,54.22954545454545,0.9204545454545467
1000-AJSLD,1,0,0,0,1,1,1,20.1,20.1,1,0,0,0,1,1,0,1,0,1,0,1,0,1,0,1,0,0,0,0,0,1,0,1,20.1,0.0
9696-RMYBA,1,0,0,0,5,1,1,80.1,398.55,0,0,0,1,0,0,0,0,0,0,0,0,0,0,1,0,0,0,0,0,0,1,1,1,79.71000000000001,0.38999999999998636
8690-UPCZI,1,0,1,1,29,1,0,69.05,1958.45,0,0,1,0,0,0,1,0,0,0,0,0,1,0,1,0,0,1,0,0,0,0,3,0,67.53275862068966,1.5172413793103345
1062-LHZOD,1,0,1,1,1,1,1,69.9,69.9,1,0,0,1,0,0,0,0,0,0,0,0,0,0,0,0,0,0,0,0,0,1,0,1,69.9,0.0
9770-LXDBK,0,0,0,0,3,1,0,20.4,63.15,0,0,0,0,1,1,0,1,0,1,0,1,0,1,0,1,0,0,0,0,0,1,0,1,21.05,-0.6500000000000021
4086-WITJG,1,0,1,1,71,1,0,19.7,1301.1,0,0,0,0,1,1,0,1,0,1,0,1,0,1,0,1,0,0,1,1,0,0,0,0,18.325352112676054,1.3746478873239454
8344-WFMFH,1,0,0,1,9,1,1,50.1,484.05,0,0,0,0,0,0,0,0,1,0,0,0,0,0,0,0,0,0,0,0,1,0,1,1,53.78333333333333,-3.68333333333333
9600-NAXZN,1,0,0,0,43,1,1,101.4,4528.0,1,0,1,1,0,0,0,0,1,0,0,0,0,0,1,0,1,0,0,0,1,0,3,0,105.30232558139535,-3.9023255813953455
8822-KNBHV,0,0,0,0,48,1,1,83.45,3887.85,0,0,1,0,0,0,1,0,1,0,1,0,0,0,1,0,1,1,0,1,0,0,5,0,80.996875,2.453125
8404-FYDIB,1,0,0,0,26,1,1,86.65,2208.75,0,0,1,1,0,0,1,0,1,0,0,0,0,0,0,0,0,0,0,1,0,0,2,0,84.95192307692308,1.6980769230769255
2791-SFVEW,0,0,0,0,9,1,0,20.15,238.15,0,0,0,0,1,1,0,1,0,1,0,1,0,1,0,1,0,0,0,0,0,0,0,1,26.461111111111112,-6.311111111111114
6457-USBER,1,0,0,0,1,1,1,80.8,80.8,1,0,0,1,0,0,0,0,0,0,0,0,0,0,0,0,1,0,0,0,1,0,1,1,80.8,0.0
6762-NSODU,0,0,1,1,46,1,0,19.4,958.15,0,0,0,0,1,1,0,1,0,1,0,1,0,1,0,1,0,0,1,1,0,0,0,0,20.829347826086956,-1.429347826086957
4662-EKDPQ,1,0,0,0,2,1,0,62.05,118.3,1,0,1,0,0,0,0,0,0,0,0,0,0,0,0,0,1,0,0,0,0,0,1,1,59.15,2.8999999999999986
9248-OJYKK,1,1,0,0,1,1,1,76.45,76.45,1,0,1,1,0,0,0,0,0,0,0,0,0,0,0,0,0,0,0,0,1,0,0,1,76.45,0.0
9888-ZCUMM,1,0,1,1,64,0,1,60.05,3845.45,0,1,0,0,0,0,1,0,0,0,1,0,1,0,1,0,1,0,1,0,0,0,5,0,60.08515625,-0.03515625
3398-FSHON,0,1,0,0,12,1,1,91.3,1094.5,1,0,1,1,0,0,0,0,1,0,0,0,0,0,1,0,0,0,0,0,1,0,2,1,91.20833333333333,0.09166666666666856
3319-DWOEP,1,1,1,0,6,1,1,95.75,573.75,1,0,0,1,0,0,0,0,0,0,1,0,0,0,1,0,1,0,0,0,1,0,3,1,95.625,0.125
1074-WVEVG,0,0,1,0,59,1,0,20.35,1267.0,0,0,0,0,1,1,0,1,0,1,0,1,0,1,0,1,0,1,0,0,0,1,0,0,21.47457627118644,-1.124576271186438
9979-RGMZT,0,0,0,0,7,1,1,94.05,633.45,0,0,0,1,0,0,0,0,1,0,0,0,0,0,1,0,1,1,0,0,0,1,3,1,90.49285714285715,3.55714285714285
6437-UDQJM,0,1,1,0,72,1,1,84.1,6129.65,0,0,1,0,0,0,1,0,1,0,1,0,0,0,1,0,1,0,1,1,0,0,5,0,85.13402777777777,-1.03402777777778
1226-IENZN,1,1,0,0,16,1,1,78.75,1218.25,0,0,0,1,0,0,0,0,0,0,0,0,0,0,0,0,1,0,0,0,1,0,1,0,76.140625,2.609375
2108-GLPQB,1,0,1,0,25,1,0,55.55,1405.3,0,0,1,0,0,0,0,0,0,0,1,0,0,0,0,0,0,0,0,1,0,0,1,0,56.211999999999996,-0.661999999999999
9259-PACGQ,0,0,1,0,34,1,0,62.65,2274.9,1,0,1,0,0,0,1,0,1,0,0,0,1,0,0,0,0,0,0,0,1,0,3,0,66.90882352941176,-4.258823529411764
4415-IJZTP,0,0,0,0,1,1,1,74.5,74.5,1,0,1,1,0,0,0,0,0,0,0,0,0,0,0,0,0,0,0,0,1,0,0,1,74.5,0.0
1465-VINDH,0,0,1,1,10,1,1,102.1,1068.85,1,0,1,1,0,0,0,0,1,0,1,0,0,0,1,0,1,0,0,1,0,0,4,1,106.88499999999999,-4.784999999999997
5474-LAMUQ,1,0,1,0,24,1,0,20.1,533.9,0,0,0,0,1,1,0,1,0,1,0,1,0,1,0,1,0,1,0,0,0,1,0,0,22.245833333333334,-2.145833333333332
3468-DRVQJ,0,0,1,1,10,1,0,70.3,676.15,0,0,1,0,0,0,1,0,1,0,0,0,0,0,1,0,0,1,0,0,1,0,3,1,67.615,2.6850000000000023
1122-YJBCS,1,0,1,0,69,1,1,53.65,3804.4,0,0,0,0,0,0,1,0,1,0,0,0,0,0,0,0,0,1,0,1,0,0,2,0,55.13623188405797,-1.4862318840579718
4990-ALDGW,1,0,0,0,57,1,0,20.75,1118.8,0,0,0,0,1,1,0,1,0,1,0,1,0,1,0,1,0,0,1,0,0,1,0,0,19.628070175438594,1.1219298245614056
4816-OKWNX,1,0,1,1,50,1,1,103.4,5236.4,0,0,0,1,0,0,0,0,1,0,1,0,1,0,1,0,1,1,0,0,0,0,5,0,104.728,-1.3279999999999887
3315-IKYZQ,1,0,1,1,28,0,0,50.8,1386.8,0,1,0,0,0,0,1,0,0,0,1,0,1,0,1,0,0,1,0,0,0,1,4,0,49.528571428571425,1.2714285714285722
2810-FTLEM,0,0,0,0,16,1,1,50.15,762.25,1,0,0,0,0,0,1,0,0,0,0,0,0,0,0,0,0,0,0,0,1,0,1,0,47.640625,2.5093749999999986
4747-LCAQL,1,0,0,0,25,1,1,79.0,1902.0,0,0,0,0,0,0,1,0,1,0,0,0,1,0,1,0,1,0,0,0,0,1,5,0,76.08,2.9200000000000017
3411-WLRSQ,0,1,1,0,3,1,1,74.6,239.05,0,0,0,1,0,0,0,0,1,0,0,0,0,0,0,0,0,0,0,0,0,0,1,1,79.68333333333334,-5.083333333333343
0898-XCGTF,1,0,1,0,61,1,1,96.5,5673.7,0,0,1,1,0,0,0,0,0,0,0,0,0,0,1,0,1,1,0,0,0,0,2,0,93.01147540983607,3.4885245901639337
8006-PYCSW,0,0,0,0,2,1,0,20.1,39.8,0,0,0,0,1,1,0,1,0,1,0,1,0,1,0,1,0,0,0,0,0,1,0,1,19.9,0.20000000000000284
8249-THVEC,1,0,1,1,51,1,0,19.4,997.75,0,0,0,0,1,1,0,1,0,1,0,1,0,1,0,1,0,1,0,0,0,1,0,0,19.563725490196077,-0.16372549019607874
8722-PRFDV,0,0,1,1,71,1,0,77.55,5574.35,0,0,0,0,0,0,1,0,0,0,1,0,0,0,1,0,1,0,1,1,0,0,4,0,78.51197183098591,-0.9619718309859167
2164-SOQXL,0,0,1,1,20,1,0,20.05,406.05,0,0,0,0,1,1,0,1,0,1,0,1,0,1,0,1,0,0,0,0,0,1,0,0,20.302500000000002,-0.2525000000000013
4020-KIUDI,1,0,1,1,6,1,0,19.85,138.85,0,0,0,0,1,1,0,1,0,1,0,1,0,1,0,1,0,0,0,1,0,0,0,1,23.141666666666666,-3.2916666666666643
5850-BDWCY,0,0,0,0,6,1,0,20.2,123.65,0,0,0,0,1,1,0,1,0,1,0,1,0,1,0,1,0,0,0,0,0,1,0,1,20.608333333333334,-0.408333333333335
2038-YSEZE,0,0,0,0,29,1,0,67.45,1801.1,0,0,1,0,0,0,1,0,1,0,0,0,1,0,0,0,0,0,0,0,0,1,3,0,62.106896551724134,5.343103448275869
0827-ITJPH,1,0,0,0,36,1,1,18.55,689.0,0,0,0,0,1,1,0,1,0,1,0,1,0,1,0,1,0,0,1,1,0,0,0,0,19.13888888888889,-0.5888888888888886
8799-OXZMD,0,0,0,0,28,0,1,29.75,790.7,0,1,0,0,0,0,0,0,0,0,1,0,0,0,0,0,0,0,0,0,0,1,1,0,28.239285714285717,1.5107142857142826
1925-TIBLE,0,0,1,0,7,1,1,86.5,582.5,1,0,1,1,0,0,0,0,0,0,0,0,0,0,1,0,0,0,0,0,1,0,1,1,83.21428571428571,3.285714285714292
1705-GUHPV,0,0,0,0,63,1,0,24.2,1618.2,0,0,1,0,1,1,0,1,0,1,0,1,0,1,0,1,0,0,1,0,0,1,0,0,25.685714285714287,-1.4857142857142875
4779-ZGICK,1,0,1,1,48,1,0,23.55,1173.35,0,0,1,0,1,1,0,1,0,1,0,1,0,1,0,1,0,0,1,0,0,1,0,0,24.444791666666664,-0.8947916666666629
0048-PIHNL,0,0,1,0,49,1,0,20.45,900.9,0,0,0,0,1,1,0,1,0,1,0,1,0,1,0,1,0,1,0,0,0,0,0,0,18.385714285714286,2.064285714285713
0818-OCPZO,1,1,0,0,27,1,1,81.45,2122.05,1,0,1,1,0,0,0,0,1,0,0,0,0,0,0,0,0,0,0,0,1,0,1,0,78.59444444444445,2.8555555555555543
3967-KXAPS,1,0,1,0,72,1,0,92.3,6719.9,0,0,1,0,0,0,1,0,1,0,1,0,1,0,1,0,1,0,1,1,0,0,6,0,93.33194444444445,-1.0319444444444485
1447-GIQMR,1,0,1,0,1,1,1,69.15,69.15,1,0,0,1,0,0,0,0,0,0,0,0,0,0,0,0,0,0,0,0,1,0,0,1,69.15,0.0
3704-IEAXF,0,0,1,1,72,0,0,53.65,3784.0,0,1,0,0,0,0,0,0,1,0,0,0,1,0,1,0,1,0,1,1,0,0,4,0,52.55555555555556,1.0944444444444414
6810-VCAEX,0,0,0,0,47,0,0,39.65,1798.65,0,1,0,0,0,0,1,0,1,0,0,0,1,0,0,0,0,1,0,1,0,0,3,0,38.26914893617022,1.3808510638297804
0674-EYYZV,0,0,0,0,1,1,1,54.65,54.65,0,0,0,0,0,0,0,0,0,0,0,0,0,0,1,0,0,0,0,0,1,0,1,1,54.65,0.0
4480-MBMLB,0,0,0,0,36,1,1,104.8,3886.45,0,0,1,1,0,0,0,0,1,0,1,0,0,0,1,0,1,1,0,0,0,0,4,0,107.95694444444445,-3.1569444444444485
1395-OFUWC,1,0,1,1,43,0,0,29.3,1224.05,0,1,0,0,0,0,0,0,1,0,0,0,0,0,0,0,0,0,0,1,0,0,1,0,28.46627906976744,0.833720930232559
0822-QGCXA,0,1,1,0,27,1,0,83.85,2310.2,0,0,1,0,0,0,0,0,1,0,1,0,1,0,1,0,1,0,0,0,1,0,5,0,85.56296296296296,-1.712962962962962
0872-NXJYS,0,0,0,0,9,1,1,79.55,723.4,1,0,0,1,0,0,0,0,0,0,0,0,0,0,0,0,1,0,0,0,1,0,1,1,80.37777777777778,-0.8277777777777828
2832-KJCRD,0,0,0,0,38,1,1,103.65,3988.5,0,0,1,1,0,0,0,0,0,0,1,0,1,0,1,0,1,0,0,0,1,0,4,0,104.96052631578948,-1.310526315789474
3588-WSTTJ,0,1,0,0,35,1,1,99.05,3554.6,0,0,1,1,0,0,1,0,0,0,0,0,0,0,1,0,1,0,0,0,1,0,3,0,101.56,-2.510000000000005
4075-WKNIU,0,0,1,1,0,1,0,73.35,0.0,0,0,1,0,0,0,0,0,1,0,1,0,1,0,1,0,0,0,1,0,0,1,4,1,0.0,73.35
5090-EMGTC,0,0,1,0,59,1,1,100.05,6034.85,0,0,0,1,0,0,0,0,1,0,0,0,1,0,1,0,1,0,1,0,0,1,4,0,102.285593220339,-2.2355932203389983
2346-CZYIL,1,0,0,0,27,1,0,20.35,531.6,0,0,0,0,1,1,0,1,0,1,0,1,0,1,0,1,0,0,1,1,0,0,0,0,19.68888888888889,0.6611111111111114
3798-EPWRR,0,1,0,0,2,1,0,43.95,85.1,0,0,0,0,0,0,0,0,0,0,0,0,0,0,0,0,0,0,0,0,1,0,0,1,42.55,1.4000000000000057
6258-NGCNG,1,0,0,0,7,1,0,23.5,173.0,0,0,1,0,1,1,0,1,0,1,0,1,0,1,0,1,0,0,0,0,0,1,0,1,24.714285714285715,-1.2142857142857153
4186-ZBUEW,0,0,0,0,36,1,1,70.7,2511.95,0,0,1,0,0,0,0,0,1,0,0,0,1,0,0,0,1,1,0,0,0,1,3,0,69.77638888888889,0.9236111111111143
5274-XHAKY,0,0,1,1,41,1,1,94.3,3893.6,0,0,1,1,0,0,1,0,1,0,0,0,0,0,1,0,0,0,0,0,0,0,3,0,94.96585365853659,-0.6658536585365908
1442-BQPVU,0,0,0,0,13,0,0,29.15,357.15,0,1,0,0,0,0,0,0,1,0,0,0,0,0,0,0,0,0,0,0,1,0,1,0,27.47307692307692,1.676923076923078
3978-YNKDD,1,0,0,1,19,1,0,20.85,467.5,0,0,0,0,1,1,0,1,0,1,0,1,0,1,0,1,0,0,1,1,0,0,0,0,24.605263157894736,-3.755263157894735
4940-KHCWD,0,0,1,0,60,0,0,37.7,2288.7,0,1,0,0,0,0,1,0,1,0,0,0,1,0,0,0,0,0,1,0,0,0,3,0,38.144999999999996,-0.4449999999999932
9412-ARGBX,0,0,0,1,48,1,1,95.5,4627.85,1,0,0,1,0,0,0,0,1,0,1,0,1,0,1,0,0,0,1,0,0,1,4,0,96.41354166666667,-0.9135416666666742
1389-CXMLU,1,1,0,0,3,1,0,91.05,289.1,1,0,1,1,0,0,0,0,0,0,1,0,0,0,1,0,0,0,0,0,1,0,2,1,96.36666666666667,-5.316666666666677
9589-ABEPT,1,0,1,0,69,1,1,92.45,6460.55,0,0,1,1,0,0,0,0,1,0,0,0,1,0,1,0,0,0,1,0,0,1,3,0,93.63115942028986,-1.181159420289859
9388-ZEYVT,1,0,0,0,43,0,0,44.15,1931.3,0,1,0,0,0,0,0,0,0,0,1,0,1,0,0,0,1,1,0,0,1,0,3,0,44.913953488372094,-0.7639534883720955
0305-SQECB,0,0,0,1,11,0,1,36.05,402.6,0,1,0,0,0,0,1,0,0,0,0,0,1,0,0,0,0,1,0,0,0,1,2,1,36.6,-0.5500000000000043
7605-SNLQG,0,0,1,0,45,1,1,50.25,2221.55,0,0,0,0,0,0,0,0,0,0,1,0,0,0,0,0,0,0,0,1,0,0,1,0,49.36777777777778,0.882222222222218
4670-TABXH,1,0,1,0,72,1,1,109.75,7758.9,0,0,1,1,0,0,0,0,1,0,1,0,1,0,1,0,1,0,1,1,0,0,5,0,107.76249999999999,1.9875000000000114
5561-NWEVX,0,1,1,0,2,1,0,79.2,172.85,1,0,1,1,0,0,0,0,0,0,1,0,0,0,0,0,0,0,0,0,1,0,1,1,86.425,-7.224999999999994
0064-SUDOG,0,0,1,1,12,1,0,20.3,224.5,0,0,0,0,1,1,0,1,0,1,0,1,0,1,0,1,0,0,1,0,0,0,0,1,18.708333333333332,1.5916666666666686
8561-NMTBD,0,0,1,1,67,1,1,112.35,7388.45,0,0,1,1,0,0,0,0,1,0,1,0,1,0,1,0,1,1,0,1,0,0,5,0,110.27537313432836,2.0746268656716325
5161-XEUVX,1,0,1,0,37,1,0,94.3,3460.95,0,0,1,1,0,0,0,0,0,0,1,0,1,0,1,0,0,0,1,0,0,1,3,0,93.53918918918919,0.7608108108108098
8292-FRFZQ,0,0,0,0,39,0,0,41.15,1700.9,0,1,0,0,0,0,1,0,1,0,0,0,1,0,0,0,0,1,0,0,0,0,3,0,43.61282051282051,-2.462820512820514
8591-NXRCV,0,0,0,0,41,1,1,74.65,3090.65,0,0,1,0,0,0,1,0,0,0,1,0,1,0,0,0,1,0,0,0,0,0,4,0,75.38170731707318,-0.7317073170731732
7895-VONWT,0,0,0,0,25,0,1,48.25,1293.8,0,1,0,0,0,0,0,0,0,0,1,0,0,0,1,0,1,0,0,0,1,0,3,0,51.751999999999995,-3.5019999999999953
4526-RMTLL,1,0,1,1,8,1,1,76.15,645.8,0,0,1,0,0,0,1,0,1,0,0,0,1,0,0,0,1,0,1,1,0,0,4,1,80.725,-4.574999999999989
6253-GNHWH,0,0,1,1,71,1,0,71.1,5224.95,0,0,1,0,0,0,1,0,1,0,1,0,1,0,0,0,0,0,1,0,0,1,4,0,73.59084507042253,-2.4908450704225373
4566-NECEV,1,0,0,0,5,1,0,96.55,500.1,0,0,1,1,0,0,0,0,1,0,1,0,0,0,0,0,1,0,0,0,1,0,3,1,100.02000000000001,-3.470000000000013
8080-POTJR,0,0,0,0,30,1,1,79.3,2427.1,0,0,1,0,0,0,1,0,0,0,1,0,0,0,1,0,1,1,0,1,0,0,4,0,80.90333333333334,-1.6033333333333388
6906-MPARY,1,0,0,0,40,1,1,89.6,3488.15,0,0,0,1,0,0,0,0,1,0,0,0,1,0,0,0,1,1,0,1,0,0,3,0,87.20375,2.396249999999995
3662-FXJFO,0,0,0,0,54,1,1,20.5,1035.7,0,0,0,0,1,1,0,1,0,1,0,1,0,1,0,1,0,0,1,0,0,1,0,0,19.17962962962963,1.3203703703703695
8107-RZLNV,1,0,1,0,72,1,1,106.3,7565.35,0,0,1,1,0,0,0,0,1,0,1,0,0,0,1,0,1,0,1,0,0,0,4,0,105.07430555555555,1.2256944444444429
0516-OOHAR,1,0,1,1,28,1,0,100.35,2799.0,0,0,0,1,0,0,0,0,1,0,1,0,0,0,1,0,1,1,0,0,0,0,4,0,99.96428571428571,0.3857142857142861
2027-CWDNU,1,0,1,1,18,1,1,85.6,1601.5,0,0,0,1,0,0,0,0,0,0,0,0,1,0,0,0,1,0,0,0,1,0,2,0,88.97222222222223,-3.3722222222222342
2737-WFVYW,0,0,0,0,2,0,1,45.25,85.5,1,1,0,0,0,0,0,0,0,0,0,0,0,0,1,0,1,0,0,0,1,0,2,1,42.75,2.5
9912-OMZDS,0,0,1,1,59,1,1,106.15,6256.2,0,0,1,1,0,0,0,0,1,0,1,0,0,0,1,0,1,1,0,0,1,0,4,0,106.03728813559322,0.1127118644067906
3733-ZEECP,1,0,1,1,22,1,1,51.1,1232.9,0,0,0,0,0,0,0,0,0,0,0,0,1,0,0,0,0,0,0,0,1,0,1,0,56.040909090909096,-4.940909090909095
7878-RTCZG,0,0,0,0,1,1,0,19.9,19.9,0,0,0,0,1,1,0,1,0,1,0,1,0,1,0,1,0,0,0,0,0,1,0,1,19.9,0.0
2452-MRMZF,0,1,1,0,72,1,1,25.7,1937.4,0,0,1,0,1,1,0,1,0,1,0,1,0,1,0,1,0,0,1,1,0,0,0,0,26.908333333333335,-1.2083333333333357
2272-QAGFO,0,1,0,0,14,1,1,74.3,1096.25,1,0,1,1,0,0,0,0,0,0,0,0,0,0,0,0,0,0,0,0,1,0,0,0,78.30357142857143,-4.003571428571433
7103-IPXPJ,1,0,1,0,50,1,0,99.4,5059.75,0,0,1,1,0,0,0,0,0,0,0,0,1,0,1,0,1,1,0,0,1,0,3,0,101.195,-1.7949999999999875
4342-HFXWS,0,0,1,1,48,1,0,69.7,3023.65,0,0,0,0,0,0,1,0,0,0,1,0,1,0,1,0,0,1,0,0,0,0,4,0,62.99270833333333,6.70729166666667
3545-CNWRG,0,0,1,1,49,1,1,98.35,4889.2,0,0,1,1,0,0,0,0,1,0,0,0,0,0,1,0,1,0,0,0,1,0,3,0,99.7795918367347,-1.4295918367347014
1785-BPHTP,1,0,1,1,28,1,0,85.45,2289.9,0,0,0,1,0,0,0,0,0,0,1,0,0,0,1,0,0,0,0,0,1,0,2,0,81.78214285714286,3.6678571428571445
4989-LIXVT,1,1,0,0,68,1,1,95.9,6503.2,0,0,1,1,0,0,0,0,1,0,1,0,0,0,0,0,1,0,0,0,1,0,3,0,95.63529411764705,0.2647058823529562
7315-WYOAW,1,0,0,0,13,1,0,100.75,1313.25,0,0,1,1,0,0,0,0,0,0,0,0,1,0,1,0,1,0,0,0,1,0,3,0,101.01923076923077,-0.2692307692307736
1173-XZPYF,0,0,0,0,11,1,1,89.2,990.3,0,0,1,1,0,0,0,0,0,0,1,0,0,0,1,0,0,0,0,0,1,0,2,1,90.02727272727272,-0.8272727272727138
9850-OWRHQ,0,0,1,0,3,1,1,74.1,228.0,1,0,1,1,0,0,0,0,0,0,0,0,0,0,0,0,0,0,0,1,0,0,0,1,76.0,-1.9000000000000057
3768-NLUBH,1,1,1,0,57,1,0,100.6,5746.15,1,0,1,1,0,0,0,0,0,0,1,0,0,0,1,0,1,0,0,0,1,0,3,0,100.80964912280702,-0.20964912280702208
8676-TRMJS,1,0,0,0,3,1,0,75.0,209.1,1,0,1,1,0,0,0,0,0,0,0,0,0,0,0,0,0,0,0,0,0,1,0,1,69.7,5.299999999999997
2509-TFPJU,1,0,1,0,72,1,0,25.75,1864.2,0,0,1,0,1,1,0,1,0,1,0,1,0,1,0,1,0,0,1,1,0,0,0,0,25.891666666666666,-0.14166666666666572
9530-GRMJG,1,0,1,1,70,1,1,84.1,5979.7,0,0,1,0,0,0,0,0,1,0,1,0,1,0,1,0,1,0,1,0,1,0,5,0,85.42428571428572,-1.3242857142857218
6898-RBTLU,0,0,1,1,49,1,0,79.3,3902.45,0,0,1,0,0,0,0,0,1,0,0,0,1,0,1,0,1,0,1,0,0,0,4,0,79.64183673469387,-0.3418367346938709
5481-NTDOH,0,1,1,0,67,1,1,107.05,7142.5,0,0,1,1,0,0,1,0,0,0,1,0,0,0,1,0,1,1,0,1,0,0,4,0,106.6044776119403,0.44552238805970035
2068-WWXQZ,1,0,0,0,46,1,0,20.05,902.0,0,0,0,0,1,1,0,1,0,1,0,1,0,1,0,1,0,0,1,0,0,0,0,0,19.608695652173914,0.44130434782608674
7359-SSBJK,0,1,0,0,64,1,1,70.2,4481.0,1,0,0,0,0,0,1,0,1,0,0,0,1,0,1,0,0,0,1,1,0,0,4,0,70.015625,0.18437500000000284
2061-VVFST,0,0,1,0,37,1,0,19.5,805.2,0,0,0,0,1,1,0,1,0,1,0,1,0,1,0,1,0,0,0,0,0,0,0,0,21.762162162162163,-2.262162162162163
0685-MLYYM,0,1,0,0,2,1,0,70.75,154.85,1,0,0,1,0,0,0,0,0,0,0,0,0,0,0,0,0,0,0,0,1,0,0,1,77.425,-6.674999999999997
0749-IRGQE,0,1,1,0,13,0,0,45.3,528.45,0,1,0,0,0,0,0,0,0,0,0,0,0,0,1,0,1,0,0,0,1,0,2,0,40.650000000000006,4.6499999999999915
2380-DAMQP,0,0,1,0,72,1,0,115.15,8349.7,0,0,1,1,0,0,1,0,1,0,1,0,1,0,1,0,1,0,1,0,1,0,6,0,115.96805555555557,-0.81805555555556
2256-YLYLP,1,0,1,1,68,1,1,72.95,4953.25,0,0,0,0,0,0,0,0,0,0,1,0,1,0,1,0,1,0,1,0,0,0,4,0,72.84191176470588,0.10808823529411882
1272-ILHFG,1,0,1,1,15,1,0,19.65,332.65,0,0,0,0,1,1,0,1,0,1,0,1,0,1,0,1,0,1,0,0,0,1,0,0,22.176666666666666,-2.5266666666666673
0164-XAIRP,0,0,0,0,24,1,1,19.55,470.2,0,0,0,0,1,1,0,1,0,1,0,1,0,1,0,1,0,0,1,0,0,0,0,0,19.591666666666665,-0.0416666666666643
5666-CYCYZ,0,0,0,0,24,1,1,89.55,2259.35,0,0,1,1,0,0,0,0,0,0,0,0,1,0,0,0,1,0,0,0,1,0,2,0,94.13958333333333,-4.589583333333337
4011-ARPHK,1,0,0,0,27,1,0,50.35,1411.35,0,0,0,0,0,0,1,0,0,0,0,0,0,0,0,0,0,0,0,0,0,1,1,0,52.27222222222222,-1.9222222222222172
8182-PNAGI,1,0,0,0,12,1,0,50.25,593.75,1,0,0,0,0,0,0,0,0,0,0,0,1,0,0,0,0,0,0,0,0,0,1,1,49.479166666666664,0.7708333333333357
6365-HITVU,0,0,1,1,71,1,0,87.25,6328.7,0,0,0,0,0,0,1,0,1,0,1,0,1,0,1,0,1,0,1,1,0,0,6,0,89.13661971830986,-1.8866197183098592
7558-IMLMT,1,0,1,1,67,1,1,20.8,1411.9,0,0,0,0,1,1,0,1,0,1,0,1,0,1,0,1,0,0,1,0,0,1,0,0,21.07313432835821,-0.2731343283582106
9488-FYQAU,0,0,1,0,63,1,1,109.25,6841.4,0,0,1,1,0,0,0,0,1,0,1,0,1,0,1,0,1,0,1,0,0,0,5,0,108.59365079365078,0.6563492063492191
3590-TCXTB,1,0,0,0,1,1,0,20.35,20.35,0,0,0,0,1,1,0,1,0,1,0,1,0,1,0,1,0,0,0,0,0,1,0,1,20.35,0.0
6994-KERXL,1,0,0,0,4,1,1,55.9,238.5,0,0,0,0,0,0,0,0,0,0,0,0,0,0,0,0,1,0,0,0,1,0,1,1,59.625,-3.7250000000000014
7957-RYHQD,0,1,0,0,40,1,1,79.2,3233.85,1,0,0,1,0,0,1,0,1,0,0,0,0,0,0,0,0,0,0,1,0,0,2,0,80.84625,-1.6462499999999949
2180-DXNEG,0,0,0,0,12,1,1,96.0,1062.1,1,0,0,1,0,0,0,0,0,0,1,0,0,0,1,0,1,0,0,0,1,0,3,1,88.50833333333333,7.491666666666674
1960-UOTYM,1,0,1,1,52,1,0,79.2,4016.3,0,0,0,0,0,0,1,0,1,0,1,0,0,0,1,0,1,0,1,0,1,0,5,0,77.23653846153846,1.9634615384615444
2740-JFBOK,1,0,0,0,10,1,1,24.0,226.55,0,0,1,0,1,1,0,1,0,1,0,1,0,1,0,1,0,0,0,0,1,0,0,1,22.655,1.3449999999999989
6500-JVEGC,1,0,0,0,68,1,0,101.35,7110.75,0,0,1,1,0,0,1,0,1,0,1,0,0,0,1,0,0,1,0,0,0,0,4,0,104.56985294117646,-3.2198529411764696
5515-AKOAJ,0,0,0,0,54,1,1,100.1,5440.9,1,0,1,1,0,0,0,0,0,0,0,0,1,0,1,0,1,0,0,0,1,0,3,0,100.7574074074074,-0.6574074074074048
8976-OQHGT,0,0,1,1,4,1,0,56.5,235.1,1,0,0,0,0,0,0,0,1,0,0,0,1,0,0,0,0,0,0,0,0,1,2,1,58.775,-2.2749999999999986
5245-VDBUR,0,0,1,0,52,0,0,35.45,1958.95,0,1,0,0,0,0,1,0,0,0,1,0,0,0,0,0,0,1,0,0,0,1,2,0,37.67211538461539,-2.2221153846153854
6230-BSUXY,0,1,0,0,1,1,1,85.0,85.0,1,0,0,1,0,0,0,0,0,0,1,0,0,0,0,0,1,0,0,0,1,0,2,1,85.0,0.0
8469-SNFFH,1,0,1,0,70,1,0,79.4,5528.9,0,0,1,0,0,0,1,0,1,0,1,0,1,0,1,0,0,1,0,0,0,0,5,0,78.9842857142857,0.41571428571430147
2144-ESWKO,1,0,0,0,43,0,1,35.2,1463.7,0,1,0,0,0,0,1,0,0,0,1,0,0,0,0,0,0,1,0,1,0,0,2,0,34.03953488372093,1.1604651162790702
1241-FPMOF,1,0,0,0,52,1,0,19.65,1025.05,0,0,0,0,1,1,0,1,0,1,0,1,0,1,0,1,0,0,1,0,0,1,0,0,19.7125,-0.0625
9928-BZVLZ,0,0,0,0,12,0,0,49.85,552.1,0,1,0,0,0,0,1,0,0,0,1,0,1,0,0,0,1,0,1,0,0,1,4,1,46.00833333333333,3.8416666666666686
4114-QMKVN,0,0,1,1,56,1,0,68.75,3815.4,0,0,1,0,0,0,1,0,1,0,0,0,0,0,0,0,1,1,0,0,0,0,3,0,68.13214285714285,0.6178571428571473
2775-SEFEE,1,0,0,1,0,1,1,61.9,0.0,0,0,1,0,0,0,1,0,1,0,0,0,1,0,0,0,0,0,1,0,0,0,3,1,0.0,61.9
9003-CPATH,1,0,0,0,42,1,0,79.9,3313.4,0,0,1,1,0,0,0,0,0,0,1,0,0,0,0,0,0,0,0,0,1,0,1,0,78.89047619047619,1.009523809523813
1754-GKYPY,1,1,1,0,22,1,1,89.75,1938.9,0,0,0,1,0,0,0,0,0,0,0,0,0,0,1,0,1,0,0,0,0,0,2,0,88.13181818181819,1.6181818181818102
5294-CDGWY,1,0,1,1,51,0,0,59.3,3014.65,1,1,0,0,0,0,1,0,1,0,1,0,0,0,1,0,1,1,0,0,1,0,5,0,59.11078431372549,0.18921568627450824
7956-XQWGU,1,0,0,0,27,1,1,19.4,460.25,0,0,0,0,1,1,0,1,0,1,0,1,0,1,0,1,0,0,0,1,0,0,0,0,17.046296296296298,2.353703703703701
1591-MQJTP,1,1,1,0,51,1,1,93.65,4839.15,0,0,1,1,0,0,1,0,0,0,1,0,0,0,0,0,1,1,0,0,0,0,3,0,94.88529411764705,-1.2352941176470438
5295-PCJOO,1,0,0,1,4,1,1,49.4,184.4,1,0,0,0,0,0,1,0,0,0,0,0,0,0,0,0,0,0,0,0,1,0,1,1,46.1,3.299999999999997
2369-FEVNO,1,0,0,0,1,1,1,19.9,19.9,0,0,0,0,1,1,0,1,0,1,0,1,0,1,0,1,0,0,0,0,0,1,0,1,19.9,0.0
9863-JZAIC,1,0,0,0,35,1,0,55.0,2010.55,1,0,0,0,0,0,0,0,0,0,0,0,0,0,1,0,0,0,0,0,0,1,1,0,57.44428571428571,-2.444285714285712
7471-MQPOS,1,1,1,1,71,1,1,72.9,5139.65,0,0,1,0,0,0,0,0,1,0,1,0,1,0,0,0,1,1,0,0,0,0,4,0,72.38943661971831,0.5105633802816953
7660-HDPJV,0,0,0,0,1,1,1,69.2,69.2,1,0,0,1,0,0,0,0,0,0,0,0,0,0,0,0,0,0,0,0,1,0,0,1,69.2,0.0
5115-SQAAU,0,0,1,1,69,1,1,25.6,1673.4,0,0,1,0,1,1,0,1,0,1,0,1,0,1,0,1,0,0,1,0,0,0,0,0,24.252173913043478,1.3478260869565233
9845-QOMAD,1,0,1,1,14,1,0,19.75,309.35,0,0,0,0,1,1,0,1,0,1,0,1,0,1,0,1,0,1,0,0,0,1,0,0,22.09642857142857,-2.3464285714285715
7672-VFMXZ,1,0,1,0,57,1,0,55.7,3171.6,0,0,0,0,0,0,1,0,0,0,0,0,1,0,0,0,0,0,0,0,1,0,2,0,55.642105263157895,0.05789473684210833
9739-JLPQJ,0,0,1,1,72,1,0,117.5,8670.1,0,0,1,1,0,0,1,0,1,0,1,0,1,0,1,0,1,0,1,1,0,0,6,0,120.41805555555555,-2.9180555555555543
9916-AYHTC,1,0,0,0,48,1,0,19.85,916.0,0,0,0,0,1,1,0,1,0,1,0,1,0,1,0,1,0,0,1,1,0,0,0,0,19.083333333333332,0.7666666666666693
3855-ONCAR,0,0,1,1,4,1,1,78.9,299.75,0,0,0,1,0,0,0,0,0,0,0,0,0,0,1,0,0,0,0,0,0,1,1,1,74.9375,3.9625000000000057
1488-SYSFC,1,0,1,1,31,1,1,20.65,702.05,0,0,0,0,1,1,0,1,0,1,0,1,0,1,0,1,0,0,0,0,1,0,0,0,22.646774193548385,-1.9967741935483865
7931-PXHFC,1,0,0,0,38,1,1,62.3,2354.8,1,0,0,0,0,0,0,0,0,0,1,0,1,0,0,0,1,1,0,0,0,1,3,0,61.968421052631584,0.3315789473684134
3990-QYKBE,1,1,1,0,37,1,1,92.5,3473.4,1,0,1,1,0,0,0,0,0,0,0,0,0,0,1,0,1,0,0,0,1,0,2,0,93.87567567567568,-1.37567567567568
0970-QXPXW,0,0,0,0,1,1,0,19.65,19.65,0,0,0,0,1,1,0,1,0,1,0,1,0,1,0,1,0,0,0,0,0,1,0,1,19.65,0.0
3259-KNMRR,1,1,0,0,57,1,1,79.75,4438.2,0,0,1,0,0,0,0,0,1,0,1,0,0,0,1,0,1,0,1,0,0,0,4,0,77.86315789473684,1.886842105263156
6120-RJKLU,0,1,1,0,62,1,1,79.95,4819.75,0,0,0,0,0,0,1,0,0,0,1,0,1,0,1,0,1,0,1,1,0,0,5,0,77.73790322580645,2.2120967741935544
9572-WUKSB,1,0,1,0,3,0,1,29.9,92.25,0,1,0,0,0,0,0,0,0,0,0,0,1,0,0,0,0,0,0,0,1,0,1,1,30.75,-0.8500000000000014
5893-KCLGT,0,0,0,1,72,1,1,19.75,1567.0,0,0,0,0,1,1,0,1,0,1,0,1,0,1,0,1,0,0,1,0,0,1,0,0,21.76388888888889,-2.0138888888888893
0076-LVEPS,1,0,0,1,29,0,1,45.0,1242.45,0,1,0,0,0,0,1,0,1,0,1,0,1,0,0,0,0,0,0,0,0,1,4,0,42.84310344827586,2.156896551724138
3640-JQGJG,1,0,1,1,13,1,0,44.8,559.2,0,0,0,0,0,0,0,0,0,0,0,0,0,0,0,0,0,0,0,0,0,0,0,0,43.01538461538462,1.7846153846153783
4919-MOAVT,1,0,0,1,3,1,0,69.65,220.1,1,0,0,1,0,0,0,0,0,0,0,0,0,0,0,0,0,0,0,0,1,0,0,1,73.36666666666666,-3.7166666666666544
1596-OQSPS,0,0,0,0,11,1,0,51.1,531.15,0,0,0,0,0,0,0,0,1,0,0,0,0,0,0,0,0,0,0,0,1,0,1,1,48.28636363636363,2.8136363636363697
9867-XOBQA,0,0,0,1,21,0,0,53.15,1183.2,0,1,0,0,0,0,1,0,1,0,1,0,1,0,1,0,0,0,1,0,0,1,5,0,56.34285714285714,-3.192857142857143
9546-KDTRB,0,0,0,0,19,1,0,24.7,465.85,0,0,1,0,1,1,0,1,0,1,0,1,0,1,0,1,0,0,0,0,0,0,0,0,24.51842105263158,0.1815789473684184
3090-HAWSU,1,0,0,0,61,1,1,111.6,6876.05,1,0,1,1,0,0,1,0,0,0,1,0,1,0,1,0,1,0,1,1,0,0,5,0,112.72213114754099,-1.1221311475409976
9820-RMCQV,0,0,0,0,11,1,0,48.55,501.0,1,0,0,0,0,0,1,0,0,0,0,0,0,0,0,0,0,0,0,1,0,0,1,1,45.54545454545455,3.0045454545454504
3174-RKMOW,1,0,1,1,35,1,1,109.95,3782.4,0,0,1,1,0,0,0,0,1,0,1,0,1,0,1,0,1,0,0,0,1,0,5,0,108.06857142857143,1.8814285714285717
1760-CAZHT,1,0,0,1,25,1,0,20.8,460.2,0,0,0,0,1,1,0,1,0,1,0,1,0,1,0,1,0,0,0,0,0,1,0,0,18.408,2.3919999999999995
7839-QRKXN,0,0,0,0,1,1,1,20.2,20.2,1,0,0,0,1,1,0,1,0,1,0,1,0,1,0,1,0,0,0,0,0,1,0,1,20.2,0.0
8441-SHIPE,0,0,0,0,67,1,1,25.6,1790.35,0,0,1,0,1,1,0,1,0,1,0,1,0,1,0,1,0,0,1,0,0,0,0,0,26.721641791044775,-1.1216417910447731
5204-QZXPU,1,0,0,0,19,0,1,39.65,733.35,1,1,0,0,0,0,0,0,0,0,1,0,0,0,1,0,0,0,0,0,1,0,2,0,38.597368421052636,1.0526315789473628
4597-ELFTS,1,0,0,0,56,1,0,24.9,1334.0,1,0,1,0,1,1,0,1,0,1,0,1,0,1,0,1,0,1,0,0,1,0,0,0,23.821428571428573,1.0785714285714256
1320-GVNHT,1,0,1,1,72,1,1,108.4,7767.25,0,0,1,1,0,0,1,0,1,0,1,0,0,0,1,0,1,0,1,1,0,0,5,0,107.87847222222223,0.5215277777777771
1047-RNXZV,1,0,0,0,43,1,0,19.55,876.15,0,0,0,0,1,1,0,1,0,1,0,1,0,1,0,1,0,0,1,0,0,1,0,0,20.375581395348835,-0.8255813953488342
3541-ZNUHK,0,0,1,1,55,1,1,85.1,4600.95,0,0,1,1,0,0,1,0,1,0,0,0,0,0,0,0,0,0,0,0,1,0,2,0,83.65363636363637,1.4463636363636283
8450-JOVAH,1,0,1,1,2,1,0,56.7,113.55,1,0,1,0,0,0,1,0,0,0,0,0,0,0,0,0,0,0,0,0,0,1,1,1,56.775,-0.07499999999999574
8725-JEDFD,1,0,0,0,27,1,1,69.05,1793.25,0,0,0,1,0,0,0,0,0,0,0,0,0,0,0,0,0,0,0,0,0,1,0,0,66.41666666666667,2.6333333333333258
7562-UXTPG,0,0,0,0,13,1,1,70.15,886.7,0,0,0,1,0,0,0,0,0,0,0,0,0,0,0,0,0,0,0,0,0,1,0,0,68.20769230769231,1.9423076923076934
8071-SBTRN,0,0,0,0,70,1,1,111.15,7737.55,0,0,1,1,0,0,1,0,1,0,1,0,0,0,1,0,1,0,1,0,0,1,5,0,110.53642857142857,0.6135714285714329
1113-IUJYX,0,0,1,0,14,1,0,105.95,1348.9,1,0,0,1,0,0,1,0,1,0,0,0,1,0,1,0,1,1,0,0,0,1,5,0,96.35000000000001,9.599999999999994
6668-CNMFP,0,0,1,1,19,1,1,89.35,1686.85,0,0,1,1,0,0,0,0,0,0,0,0,1,0,0,0,1,1,0,0,0,0,2,0,88.78157894736842,0.568421052631578
5626-MGTUK,0,0,0,0,20,1,1,89.1,1879.25,0,0,1,1,0,0,1,0,0,0,0,0,0,0,1,0,0,0,0,0,0,0,2,0,93.9625,-4.862500000000011
5681-LLOEI,1,0,1,1,43,1,1,91.25,4013.8,0,0,1,1,0,0,1,0,0,0,1,0,1,0,0,0,0,1,0,1,0,0,3,0,93.34418604651164,-2.0941860465116378
8212-DJRCH,1,0,1,1,5,1,1,90.35,434.5,0,0,0,1,0,0,1,0,0,0,1,0,0,0,0,0,1,0,0,0,0,1,3,1,86.9,3.4499999999999886
4323-OHFOW,0,1,1,0,70,1,1,105.55,7195.35,0,0,1,1,0,0,0,0,1,0,0,0,1,0,1,0,1,1,0,0,0,0,4,0,102.79071428571429,2.75928571428571
4933-BSAIP,0,0,1,0,40,1,0,19.1,780.1,0,0,0,0,1,1,0,1,0,1,0,1,0,1,0,1,0,0,1,0,0,1,0,0,19.5025,-0.40249999999999986
2030-BTZRO,1,0,1,1,6,1,1,20.4,107.6,0,0,0,0,1,1,0,1,0,1,0,1,0,1,0,1,0,0,1,1,0,0,0,1,17.933333333333334,2.466666666666665
1116-DXXDF,1,0,0,0,39,1,1,100.45,3801.7,0,0,0,1,0,0,1,0,0,0,1,0,0,0,1,0,1,0,1,0,1,0,4,0,97.47948717948718,2.9705128205128233
9274-CNFMO,1,1,1,0,4,1,0,74.95,308.7,1,0,1,1,0,0,0,0,0,0,0,0,0,0,0,0,0,0,0,0,1,0,0,1,77.175,-2.2249999999999943
7758-XKCBS,1,0,0,0,15,0,1,29.7,438.25,1,1,0,0,0,0,0,0,0,0,0,0,1,0,0,0,0,0,0,0,1,0,1,0,29.216666666666665,0.4833333333333343
8992-JQYUN,1,0,1,0,1,0,1,50.35,50.35,1,1,0,0,0,0,0,0,0,0,1,0,0,0,1,0,1,0,0,0,1,0,3,1,50.35,0.0
6563-VNPMN,0,1,0,0,45,1,1,85.7,3778.1,0,0,0,1,0,0,1,0,1,0,0,0,1,0,0,0,0,0,0,0,0,0,3,0,83.95777777777778,1.7422222222222246
0617-AQNWT,0,0,1,0,64,0,0,47.85,3147.5,1,1,0,0,0,0,1,0,0,0,1,0,1,0,0,0,1,0,1,0,1,0,4,0,49.1796875,-1.3296874999999986
2267-WTPYD,0,1,1,0,57,1,0,94.0,5438.95,0,0,1,1,0,0,0,0,1,0,1,0,0,0,0,0,1,0,0,1,0,0,3,0,95.42017543859649,-1.4201754385964875
0270-THENM,1,0,1,1,72,1,0,69.85,5102.35,0,0,1,0,0,0,1,0,1,0,1,0,1,0,0,0,0,0,1,0,0,0,4,0,70.86597222222223,-1.0159722222222314
2446-PLQVO,1,0,0,0,1,1,1,70.3,70.3,1,0,0,1,0,0,0,0,0,0,0,0,0,0,0,0,0,0,0,0,1,0,0,1,70.3,0.0
4707-MAXGU,1,0,1,0,72,1,0,25.85,1872.2,0,0,1,0,1,1,0,1,0,1,0,1,0,1,0,1,0,0,1,1,0,0,0,0,26.00277777777778,-0.15277777777777857
2710-WYVXG,0,0,0,0,3,1,0,71.1,213.35,0,0,0,0,0,0,1,0,1,0,0,0,1,0,0,0,1,0,1,0,0,1,4,1,71.11666666666666,-0.01666666666666572
3005-NFMTA,1,1,0,0,55,1,1,98.8,5617.75,1,0,1,1,0,0,1,0,0,0,0,0,0,0,1,0,1,0,0,0,1,0,3,0,102.14090909090909,-3.3409090909090935
6300-BWMJX,0,0,1,0,59,1,0,93.35,5386.5,0,0,1,1,0,0,0,0,0,0,1,0,1,0,1,0,0,0,0,0,1,0,3,0,91.29661016949153,2.053389830508465
8784-CGILN,0,0,0,0,18,1,1,99.85,1776.95,1,0,1,1,0,0,0,0,0,0,0,0,1,0,1,0,1,0,0,0,0,0,3,0,98.71944444444445,1.1305555555555458
5389-FFVKB,1,1,1,0,32,1,1,80.3,2483.05,1,0,0,1,0,0,0,0,0,0,0,0,0,0,0,0,1,0,0,1,0,0,1,0,77.5953125,2.7046874999999915
7009-LGECI,0,0,0,0,4,1,1,50.55,235.65,0,0,0,0,0,0,1,0,0,0,0,0,0,0,0,0,0,0,0,0,0,0,1,1,58.9125,-8.362500000000004
8444-WRIDW,0,1,0,0,66,1,1,80.45,5224.35,1,0,1,1,0,0,0,0,1,0,0,0,0,0,0,0,0,0,0,1,0,0,1,0,79.15681818181818,1.2931818181818215
5022-KVDQT,1,0,0,0,27,1,1,81.3,2272.8,0,0,1,1,0,0,0,0,0,0,1,0,0,0,0,0,0,0,0,0,1,0,1,0,84.17777777777779,-2.877777777777794
7976-CICYS,1,0,0,0,4,1,1,20.7,83.75,0,0,0,0,1,1,0,1,0,1,0,1,0,1,0,1,0,0,0,1,0,0,0,1,20.9375,-0.2375000000000007
1036-GUDCL,1,0,1,1,60,1,1,79.05,4663.4,0,0,0,0,0,0,1,0,1,0,0,0,1,0,1,0,1,0,0,1,0,0,5,0,77.72333333333333,1.326666666666668
2005-DWQZJ,0,0,1,1,8,1,0,19.05,201.7,0,0,0,0,1,1,0,1,0,1,0,1,0,1,0,1,0,0,1,0,0,1,0,1,25.2125,-6.162499999999998
8148-WOCMK,1,0,1,1,8,1,0,19.6,125.0,0,0,0,0,1,1,0,1,0,1,0,1,0,1,0,1,0,0,1,1,0,0,0,1,15.625,3.9750000000000014
7815-PDTHL,1,0,0,0,35,1,1,20.2,684.4,0,0,0,0,1,1,0,1,0,1,0,1,0,1,0,1,0,0,1,0,0,1,0,0,19.554285714285715,0.6457142857142841
9451-LPGOO,1,0,0,0,7,1,1,86.8,620.35,1,0,1,1,0,0,0,0,0,0,0,0,0,0,0,0,1,0,0,0,1,0,1,1,88.62142857142858,-1.8214285714285836
9173-IVZVP,0,0,1,1,53,1,0,20.9,1146.05,0,0,0,0,1,1,0,1,0,1,0,1,0,1,0,1,0,0,1,0,0,1,0,0,21.623584905660376,-0.7235849056603776
9129-UXERG,0,1,0,0,18,1,1,103.6,1806.35,0,0,1,1,0,0,0,0,1,0,0,0,1,0,1,0,1,0,0,1,0,0,4,0,100.35277777777777,3.24722222222222
3635-JBPSG,0,0,0,0,15,0,1,38.8,603.0,0,1,0,0,0,0,0,0,1,0,0,0,0,0,0,0,1,0,1,0,0,1,2,0,40.2,-1.4000000000000057
7964-ZRKKG,1,0,1,0,67,1,1,88.4,5798.3,0,0,1,1,0,0,0,0,1,0,0,0,0,0,1,0,0,1,0,0,0,0,2,0,86.54179104477612,1.858208955223887
5868-YWPDW,1,1,1,0,6,1,1,84.2,519.15,1,0,0,1,0,0,0,0,1,0,0,0,0,0,0,0,1,0,0,0,1,0,2,1,86.52499999999999,-2.3249999999999886
6229-LSCKB,1,1,0,0,6,1,1,79.7,497.6,0,0,0,1,0,0,0,0,0,0,0,0,0,0,1,0,0,0,0,0,1,0,1,1,82.93333333333334,-3.2333333333333343
2025-JKFWI,1,0,0,0,13,1,1,99.0,1301.7,1,0,1,1,0,0,0,0,0,0,0,0,1,0,1,0,1,0,0,0,0,1,3,0,100.13076923076923,-1.130769230769232
4078-SAYYN,0,0,0,0,11,1,1,100.75,1129.75,1,0,1,1,0,0,0,0,0,0,1,0,0,0,1,0,1,0,0,0,1,0,3,1,102.70454545454545,-1.9545454545454533
1724-IQWNM,1,0,0,1,1,1,1,19.3,19.3,0,0,0,0,1,1,0,1,0,1,0,1,0,1,0,1,0,0,0,0,0,1,0,1,19.3,0.0
8217-QYOHV,1,0,0,0,5,1,1,55.75,266.95,0,0,0,0,0,0,1,0,0,0,0,0,1,0,0,0,0,0,0,0,0,1,2,1,53.39,2.3599999999999994
5546-QUERU,1,0,0,0,13,1,1,19.95,257.0,0,0,0,0,1,1,0,1,0,1,0,1,0,1,0,1,0,1,0,0,0,1,0,0,19.76923076923077,0.18076923076922924
9940-HPQPG,0,0,1,0,9,1,0,91.75,865.8,1,0,1,1,0,0,1,0,1,0,1,0,0,0,0,0,0,0,0,0,0,0,3,1,96.19999999999999,-4.449999999999989
6897-UUBNU,1,0,0,0,29,1,0,89.65,2623.65,0,0,0,1,0,0,0,0,1,0,0,0,1,0,1,0,0,0,0,0,0,1,3,0,90.47068965517242,-0.8206896551724157
6127-IYJOZ,1,1,0,0,1,1,1,45.85,45.85,0,0,0,0,0,0,0,0,0,0,0,0,0,0,0,0,0,0,0,0,0,1,0,1,45.85,0.0
6618-RYATB,0,0,0,0,1,1,1,79.55,79.55,1,0,1,1,0,0,0,0,0,0,1,0,0,0,0,0,0,0,0,0,0,1,1,1,79.55,0.0
8930-XOTDP,0,0,1,1,18,1,0,55.95,1082.8,0,0,0,0,0,0,0,0,0,0,0,0,0,0,1,0,0,0,0,0,0,1,1,0,60.15555555555555,-4.205555555555549
5916-QEWPT,0,0,1,0,2,1,0,69.0,147.8,0,0,0,0,0,0,0,0,0,0,1,0,0,0,1,0,1,0,0,1,0,0,3,1,73.9,-4.900000000000006
5060-TQUQN,1,0,1,1,30,1,1,83.55,2570.2,0,0,1,1,0,0,0,0,1,0,0,0,1,0,0,0,0,0,0,0,0,0,2,0,85.67333333333333,-2.123333333333335
0531-XBKMM,1,0,0,1,66,1,0,65.7,4378.9,0,0,1,0,0,0,1,0,1,0,0,0,1,0,0,0,0,0,1,0,0,0,3,0,66.3469696969697,-0.6469696969696912
8465-SBRXP,1,0,1,1,38,1,1,94.9,3616.25,0,0,1,1,0,0,0,0,0,0,1,0,1,0,1,0,0,0,1,0,0,0,3,0,95.16447368421052,-0.26447368421051465
2408-PSJVE,1,0,1,1,44,1,1,61.9,2924.05,0,0,0,0,0,0,0,0,1,0,1,0,1,0,0,0,0,0,0,0,0,1,3,0,66.45568181818182,-4.555681818181817
9079-YEXQJ,0,0,0,0,54,1,0,111.1,6014.85,1,0,1,1,0,0,0,0,1,0,1,0,1,0,1,0,1,0,0,0,1,0,5,0,111.38611111111112,-0.28611111111112564
9700-ZCLOT,1,0,0,0,2,1,0,20.0,32.7,0,0,0,0,1,1,0,1,0,1,0,1,0,1,0,1,0,0,0,0,0,1,0,1,16.35,3.6499999999999986
8738-JOKAR,0,0,0,0,42,1,1,67.7,2882.25,0,0,0,0,0,0,1,0,1,0,0,0,1,0,0,0,1,1,0,0,0,1,4,0,68.625,-0.9249999999999972
4534-WGCIR,0,0,1,1,58,1,0,25.15,1509.9,0,0,1,0,1,1,0,1,0,1,0,1,0,1,0,1,0,0,1,1,0,0,0,0,26.032758620689656,-0.8827586206896569
1930-WNXSB,1,0,1,1,58,1,1,92.85,5305.05,0,0,0,1,0,0,0,0,1,0,0,0,0,0,1,0,1,0,0,0,1,0,3,0,91.46637931034483,1.3836206896551602
2685-SREOM,0,0,1,1,25,1,1,89.1,2368.4,1,0,1,1,0,0,0,0,0,0,1,0,0,0,0,0,1,0,0,0,1,0,2,0,94.736,-5.63600000000001
3508-CFVZL,0,0,0,0,71,1,0,111.3,7985.9,0,0,1,1,0,0,1,0,1,0,1,0,1,0,1,0,1,0,1,0,0,1,6,0,112.47746478873239,-1.1774647887323937
0402-CQAJN,0,0,0,0,37,1,1,101.9,3545.35,1,0,1,1,0,0,0,0,1,0,1,0,0,0,1,0,1,0,0,0,0,0,4,0,95.82027027027027,6.079729729729735
6692-UDPJC,0,0,1,1,14,1,1,91.65,1301.0,1,0,1,1,0,0,0,0,0,0,0,0,1,0,1,0,0,0,0,0,1,0,2,0,92.92857142857143,-1.278571428571425
1273-MTETI,0,1,0,0,4,1,1,88.85,372.45,1,0,1,1,0,0,0,0,0,0,1,0,0,0,0,0,1,0,0,0,1,0,2,1,93.1125,-4.262500000000003
0657-DOGUM,0,0,1,0,48,1,1,60.6,2985.25,0,0,1,0,0,0,1,0,0,0,0,0,1,0,0,0,0,1,0,0,0,0,2,0,62.192708333333336,-1.5927083333333343
5480-HPRRX,0,1,0,0,3,0,0,25.3,77.75,1,1,0,0,0,0,0,0,0,0,0,0,0,0,0,0,0,0,0,0,1,0,0,1,25.916666666666668,-0.6166666666666671
8792-AOROI,0,0,1,0,8,1,0,65.5,564.35,0,0,0,0,0,0,1,0,0,0,0,0,1,0,0,0,1,0,1,0,0,1,3,1,70.54375,-5.043750000000003
0295-PPHDO,1,0,0,0,1,1,1,95.45,95.45,1,0,1,1,0,0,0,0,0,0,0,0,0,0,1,0,1,0,0,0,1,0,2,1,95.45,0.0
5146-YYFRZ,1,0,0,0,67,1,0,19.95,1311.75,0,0,0,0,1,1,0,1,0,1,0,1,0,1,0,1,0,0,1,0,0,0,0,0,19.578358208955223,0.3716417910447767
1195-OIYEJ,1,0,0,0,13,1,1,91.1,1135.7,1,0,0,1,0,0,0,0,0,0,0,0,0,0,1,0,1,0,0,0,1,0,2,0,87.36153846153846,3.738461538461536
5906-CVLHP,0,0,1,1,45,1,1,54.15,2319.8,1,0,0,0,0,0,0,0,1,0,0,0,1,0,0,0,0,1,0,1,0,0,2,0,51.55111111111111,2.5988888888888866
3452-SRFEG,1,0,0,0,49,1,1,74.6,3720.35,0,0,1,1,0,0,0,0,0,0,0,0,0,0,0,0,0,0,0,0,0,0,0,0,75.92551020408163,-1.3255102040816382
4070-OKWVH,0,0,1,0,52,1,0,94.6,5025.8,0,0,1,1,0,0,0,0,1,0,1,0,0,0,1,0,0,0,0,0,0,0,3,0,96.65,-2.0500000000000114
5297-MDOIR,0,0,1,0,63,1,1,81.15,5224.5,0,0,0,1,0,0,1,0,0,0,1,0,0,0,0,0,0,1,0,1,0,0,2,0,82.92857142857143,-1.778571428571425
6369-MCAKO,0,0,1,1,68,1,1,89.05,6185.8,0,0,1,0,0,0,1,0,1,0,1,0,1,0,1,0,1,0,1,0,0,0,6,0,90.96764705882353,-1.9176470588235333
4926-UMJZD,0,0,1,0,31,1,1,49.2,1498.55,0,0,0,0,0,0,0,0,0,0,0,0,1,0,0,0,0,0,0,0,0,1,1,0,48.34032258064516,0.8596774193548455
6848-HJTXY,0,0,1,0,64,1,0,19.45,1208.6,0,0,0,0,1,1,0,1,0,1,0,1,0,1,0,1,0,0,1,1,0,0,0,0,18.884375,0.5656250000000007
6341-AEVKX,0,0,1,0,62,1,1,104.3,6613.65,0,0,0,1,0,0,1,0,0,0,1,0,1,0,1,0,1,1,0,0,1,0,5,0,106.67177419354839,-2.37177419354839
4501-EQDRN,0,0,0,0,1,1,0,69.7,69.7,1,0,0,1,0,0,0,0,0,0,0,0,0,0,0,0,0,0,0,0,0,0,0,1,69.7,0.0
2990-HWIML,0,0,0,0,6,1,1,89.5,573.3,1,0,0,1,0,0,0,0,0,0,0,0,0,0,1,0,1,0,0,0,1,0,2,1,95.55,-6.049999999999997
0682-USIXD,0,0,1,0,21,1,1,86.05,1818.9,0,0,0,1,0,0,0,0,0,0,0,0,1,0,1,0,0,0,0,0,1,0,2,0,86.61428571428571,-0.5642857142857167
6976-BWGLQ,0,0,1,1,72,1,0,25.2,1787.35,0,0,1,0,1,1,0,1,0,1,0,1,0,1,0,1,0,0,1,0,0,0,0,0,24.824305555555554,0.375694444444445
7078-NVFAM,0,0,1,1,32,0,1,35.15,1051.05,0,1,0,0,0,0,1,0,1,0,0,0,0,0,0,0,0,0,0,0,1,0,2,0,32.8453125,2.3046875
8065-QBYTO,0,1,0,0,71,1,1,99.65,7181.25,0,0,1,1,0,0,1,0,1,0,0,0,1,0,1,0,0,1,0,1,0,0,4,0,101.1443661971831,-1.4943661971830977
2133-TSRRM,0,0,0,1,34,1,1,105.35,3688.6,0,0,0,1,0,0,1,0,1,0,1,0,0,0,1,0,1,0,0,0,0,0,5,0,108.48823529411764,-3.1382352941176492
7384-GHBPI,1,0,1,0,3,0,1,35.15,99.75,1,1,0,0,0,0,0,0,0,0,0,0,0,0,0,0,1,0,0,0,1,0,1,1,33.25,1.8999999999999986
7603-USHJS,1,0,0,1,12,1,1,73.75,871.4,1,0,1,1,0,0,0,0,0,0,0,0,0,0,0,0,0,0,0,1,0,0,0,1,72.61666666666666,1.13333333333334
7234-FECYN,0,1,0,0,8,1,0,101.35,780.5,1,0,1,1,0,0,0,0,0,0,1,0,0,0,1,0,1,0,0,0,1,0,3,1,97.5625,3.7874999999999943
2511-ALLCS,0,0,1,1,35,1,0,24.3,821.6,0,0,1,0,1,1,0,1,0,1,0,1,0,1,0,1,0,0,1,0,0,0,0,0,23.474285714285713,0.8257142857142874
3191-CSNMG,0,0,1,1,3,1,1,80.7,239.45,0,0,0,1,0,0,0,0,0,0,0,0,0,0,1,0,0,0,0,0,1,0,1,1,79.81666666666666,0.88333333333334
7952-OBOYL,1,0,0,0,3,1,1,89.85,244.45,0,0,0,1,0,0,0,0,0,0,1,0,1,0,1,0,0,0,0,0,0,1,3,1,81.48333333333333,8.36666666666666
7470-DYNOE,1,0,0,0,53,1,1,61.1,3357.9,0,0,0,0,0,0,0,0,0,0,1,0,0,0,0,0,1,1,0,0,1,0,2,0,63.35660377358491,-2.2566037735849065
7853-OETYL,0,0,1,0,4,0,1,29.05,129.6,0,1,0,0,0,0,1,0,0,0,0,0,0,0,0,0,0,0,0,0,1,0,1,1,32.4,-3.349999999999998
1545-ACTAS,0,0,1,1,48,1,1,99.7,4977.2,0,0,0,1,0,0,1,0,0,0,1,0,0,0,1,0,1,1,0,0,0,0,4,0,103.69166666666666,-3.99166666666666
5876-HZVZM,0,0,1,1,6,1,0,55.9,365.35,1,0,0,0,0,0,1,0,1,0,0,0,0,0,0,0,0,0,0,1,0,0,2,1,60.89166666666667,-4.991666666666674
1400-MMYXY,1,1,1,0,3,1,1,105.9,334.65,1,0,1,1,0,0,0,0,1,0,1,0,0,0,1,0,1,0,0,0,1,0,4,1,111.55,-5.6499999999999915
5126-RCXYW,1,0,1,1,54,0,0,46.0,2424.05,0,1,0,0,0,0,0,0,0,0,1,0,1,0,0,0,1,0,1,1,0,0,3,0,44.88981481481482,1.1101851851851805
3085-QUOZK,0,0,0,0,1,1,0,43.95,43.95,1,0,0,0,0,0,0,0,0,0,0,0,0,0,0,0,0,0,0,0,0,1,0,1,43.95,0.0
2363-BJLSL,1,0,0,0,62,1,1,80.4,4981.15,0,0,0,0,0,0,0,0,1,0,1,0,1,0,1,0,1,0,0,0,0,0,5,0,80.34112903225805,0.058870967741952995
1956-YIFGE,1,0,1,1,22,1,1,100.05,2090.25,0,0,0,1,0,0,0,0,1,0,1,0,0,0,1,0,1,1,0,0,0,1,4,0,95.01136363636364,5.038636363636357
3926-CUQZX,1,0,0,0,1,1,1,45.1,45.1,1,0,0,0,0,0,0,0,0,0,0,0,0,0,0,0,0,0,0,0,0,0,0,1,45.1,0.0
7921-LMDFQ,1,1,0,0,51,1,1,94.0,4905.75,0,0,0,1,0,0,0,0,0,0,1,0,0,0,1,0,1,1,0,0,0,0,3,0,96.19117647058823,-2.191176470588232
2925-MXLSX,0,0,0,0,30,1,1,68.95,2038.7,0,0,1,0,0,0,0,0,1,0,1,0,0,0,1,0,0,1,0,1,0,0,3,0,67.95666666666666,0.9933333333333394
5820-PTRYM,0,1,1,0,56,1,1,68.45,4014.0,0,0,1,0,0,0,1,0,1,0,1,0,1,0,0,0,0,1,0,1,0,0,4,0,71.67857142857143,-3.2285714285714278
9609-BENEA,1,0,1,0,35,1,1,69.0,2441.7,0,0,1,0,0,0,0,0,1,0,0,0,1,0,1,0,0,1,0,0,1,0,3,0,69.76285714285714,-0.7628571428571433
6211-WHMYA,0,1,0,0,64,0,1,43.85,2751.0,0,1,0,0,0,0,0,0,1,0,0,0,1,0,1,0,0,0,0,0,1,0,3,0,42.984375,0.8656250000000014
4459-BBGHE,1,0,0,1,30,0,1,44.5,1307.8,0,1,0,0,0,0,0,0,0,0,0,0,0,0,1,0,1,0,0,0,1,0,2,0,43.593333333333334,0.9066666666666663
9945-PSVIP,0,0,1,1,25,1,1,18.7,383.65,0,0,0,0,1,1,0,1,0,1,0,1,0,1,0,1,0,0,1,0,0,1,0,0,15.345999999999998,3.354000000000001
1041-RXHRA,0,0,0,0,41,1,0,70.25,2868.05,1,0,0,1,0,0,0,0,0,0,0,0,0,0,0,0,0,0,0,0,0,0,0,0,69.95243902439024,0.2975609756097555
1750-CSKKM,1,0,0,1,9,1,0,55.35,449.75,1,0,0,0,0,0,0,0,0,0,0,0,0,0,1,0,0,0,0,0,1,0,1,1,49.97222222222222,5.37777777777778
9108-EJFJP,0,0,1,0,1,1,1,53.55,53.55,0,0,0,0,0,0,1,0,1,0,0,0,0,0,0,0,0,0,0,0,0,1,2,1,53.55,0.0
0530-IJVDB,1,0,0,1,70,1,1,114.6,7882.5,0,0,1,1,0,0,1,0,1,0,1,0,1,0,1,0,1,0,1,0,1,0,6,0,112.60714285714286,1.9928571428571331
0508-SQWPL,0,0,1,1,57,1,1,20.1,1087.7,0,0,0,0,1,1,0,1,0,1,0,1,0,1,0,1,0,0,1,0,0,0,0,0,19.082456140350878,1.0175438596491233
2215-ZAFGX,1,0,0,0,9,1,1,85.5,791.7,0,0,1,1,0,0,0,0,0,0,0,0,0,0,1,0,0,0,0,0,1,0,1,1,87.96666666666667,-2.4666666666666686
8213-TAZPM,0,0,1,1,69,1,1,108.75,7493.05,0,0,1,1,0,0,0,0,1,0,1,0,1,0,1,0,1,1,0,0,0,0,5,0,108.59492753623189,0.15507246376810713
7142-HVGBG,1,1,1,0,43,1,1,103.0,4414.3,1,0,1,1,0,0,0,0,1,0,1,0,0,0,1,0,1,0,0,0,1,0,4,0,102.65813953488373,0.34186046511626955
1304-SEGFY,0,0,1,0,72,1,1,97.85,6841.3,0,0,1,1,0,0,0,0,0,0,1,0,0,0,1,0,1,0,1,0,1,0,3,0,95.01805555555556,2.8319444444444315
7242-EDTYC,1,0,0,1,44,1,0,19.55,819.95,0,0,0,0,1,1,0,1,0,1,0,1,0,1,0,1,0,0,1,0,0,0,0,0,18.635227272727274,0.9147727272727266
2904-GGUAZ,0,0,1,0,72,1,1,84.05,6052.25,0,0,1,1,0,0,1,0,1,0,0,0,0,0,0,0,0,0,1,0,0,0,2,0,84.05902777777777,-0.009027777777774304
8267-ZNYVZ,0,0,1,0,33,1,1,103.75,3361.05,1,0,0,1,0,0,1,0,0,0,1,0,1,0,1,0,1,1,0,0,1,0,5,0,101.85000000000001,1.8999999999999915
5136-GFPMB,1,0,0,0,54,1,0,89.4,4869.5,0,0,1,1,0,0,0,0,0,0,1,0,0,0,0,0,1,0,0,1,0,0,2,0,90.17592592592592,-0.7759259259259181
2595-KIWPV,1,0,0,1,27,1,0,19.7,509.3,0,0,0,0,1,1,0,1,0,1,0,1,0,1,0,1,0,0,1,1,0,0,0,0,18.862962962962964,0.8370370370370352
5243-SAOTC,1,0,0,0,54,1,1,79.85,4308.25,0,0,1,1,0,0,0,0,1,0,0,0,0,0,0,0,0,0,0,0,0,0,1,0,79.7824074074074,0.06759259259258954
9398-MMQTO,1,0,0,0,3,1,0,74.45,221.1,0,0,0,1,0,0,0,0,1,0,0,0,0,0,0,0,0,0,0,1,0,0,1,1,73.7,0.75
7619-PLRLP,0,0,1,0,53,1,0,74.1,3833.95,0,0,1,0,0,0,1,0,1,0,1,0,0,0,0,0,1,1,0,0,0,0,4,0,72.33867924528302,1.7613207547169765
6457-GIRWB,1,0,0,0,1,1,1,69.35,69.35,1,0,0,1,0,0,0,0,0,0,0,0,0,0,0,0,0,0,0,0,1,0,0,1,69.35,0.0
6508-NJYRO,1,0,1,0,15,1,0,18.8,294.95,0,0,0,0,1,1,0,1,0,1,0,1,0,1,0,1,0,1,0,0,0,1,0,0,19.663333333333334,-0.8633333333333333
1450-SKCVI,0,0,0,0,56,1,1,73.85,4092.85,1,0,0,1,0,0,0,0,1,0,0,0,0,0,0,0,0,0,0,0,1,0,1,0,73.08660714285715,0.763392857142847
4710-NKCAW,1,0,1,1,5,1,0,64.4,316.9,0,0,1,0,0,0,1,0,1,0,0,0,1,0,0,0,0,0,0,1,0,0,3,1,63.379999999999995,1.0200000000000102
5306-BVTKJ,1,0,1,1,48,1,1,55.8,2651.2,0,0,0,0,0,0,0,0,1,0,1,0,0,0,0,0,0,1,0,1,0,0,2,0,55.23333333333333,0.56666666666667
0357-NVCRI,0,0,0,1,25,1,0,20.05,471.7,0,0,0,0,1,1,0,1,0,1,0,1,0,1,0,1,0,0,0,1,0,0,0,0,18.868,1.1820000000000022
5570-PTWEH,0,0,1,0,3,1,1,75.15,216.75,1,0,1,1,0,0,0,0,0,0,0,0,0,0,0,0,0,0,0,1,0,0,0,1,72.25,2.9000000000000057
2371-KFUOG,1,0,0,0,58,1,0,99.15,5720.95,0,0,0,1,0,0,1,0,1,0,0,0,0,0,1,0,1,1,0,0,0,0,4,0,98.63706896551724,0.5129310344827616
0463-ZSDNT,1,0,0,0,10,1,1,56.75,503.25,0,0,0,0,0,0,0,0,0,0,0,0,0,0,0,0,1,0,0,0,0,0,1,1,50.325,6.424999999999997
6502-MJQAE,1,0,0,0,1,1,1,69.6,69.6,1,0,0,1,0,0,0,0,0,0,0,0,0,0,0,0,0,0,0,0,1,0,0,1,69.6,0.0
6257-DTAYD,1,0,1,0,71,1,1,104.15,7365.3,0,0,1,1,0,0,0,0,1,0,0,0,1,0,1,0,1,0,1,1,0,0,4,0,103.73661971830987,0.41338028169013796
4616-ULAOA,0,0,1,1,65,1,1,110.8,7245.9,0,0,1,1,0,0,0,0,1,0,1,0,1,0,1,0,1,0,1,1,0,0,5,0,111.47538461538461,-0.6753846153846155
7693-LCKZL,1,0,1,1,5,1,1,80.15,385.0,1,0,1,1,0,0,0,0,1,0,0,0,0,0,0,0,0,0,0,0,1,0,1,1,77.0,3.1500000000000057
7746-AWNQW,0,0,0,0,28,0,1,35.75,961.4,0,1,0,0,0,0,0,0,0,0,1,0,1,0,0,0,0,0,0,0,0,1,2,0,34.33571428571428,1.4142857142857181
5996-EBTKM,0,0,1,1,67,1,1,69.9,4615.9,0,0,1,0,0,0,0,0,0,0,1,0,1,0,0,0,1,0,1,0,0,0,3,0,68.89402985074626,1.0059701492537414
2758-RNWXS,1,0,0,0,35,1,1,89.2,3251.3,0,0,0,1,0,0,1,0,0,0,0,0,1,0,0,0,1,1,0,0,1,0,3,0,92.89428571428572,-3.694285714285712
2314-TNDJQ,0,0,1,1,72,0,0,55.65,3880.05,0,1,0,0,0,0,1,0,1,0,1,0,1,0,0,0,1,0,1,1,0,0,5,0,53.889583333333334,1.7604166666666643
2405-LBMUW,0,0,1,1,61,0,1,50.7,3088.75,0,1,0,0,0,0,1,0,1,0,0,0,1,0,0,0,1,1,0,0,0,0,4,0,50.635245901639344,0.06475409836065893
3454-JFUBC,1,1,0,0,68,1,1,20.0,1396.0,0,0,0,0,1,1,0,1,0,1,0,1,0,1,0,1,0,0,1,1,0,0,0,0,20.529411764705884,-0.529411764705884
0032-PGELS,0,0,1,1,1,0,0,30.5,30.5,1,1,0,0,0,0,1,0,0,0,0,0,0,0,0,0,0,0,0,0,0,0,1,1,30.5,0.0
9039-ZVJDC,1,0,0,0,3,1,1,19.1,53.05,0,0,0,0,1,1,0,1,0,1,0,1,0,1,0,1,0,0,0,0,0,1,0,1,17.683333333333334,1.4166666666666679
6797-LNAQX,1,0,1,1,70,1,0,98.3,6859.5,1,0,1,1,0,0,0,0,1,0,0,0,0,0,1,0,1,0,1,0,0,0,3,0,97.99285714285715,0.30714285714284983
9013-AQORL,0,0,0,1,48,0,0,45.55,2108.35,0,1,0,0,0,0,0,0,1,0,1,0,0,0,0,0,1,0,0,1,0,0,3,0,43.92395833333333,1.6260416666666657
2898-MRKPI,1,0,1,1,68,1,1,101.05,6770.5,0,0,1,1,0,0,0,0,1,0,0,0,0,0,1,0,1,1,0,1,0,0,3,0,99.56617647058823,1.4838235294117652
2750-BJLSB,0,0,0,0,47,1,1,103.7,4730.6,0,0,0,1,0,0,1,0,0,0,1,0,1,0,1,0,1,1,0,0,1,0,5,0,100.65106382978725,3.0489361702127553
3648-GZPHF,1,0,1,1,32,0,1,36.25,1151.05,0,1,0,0,0,0,0,0,0,0,1,0,1,0,0,0,0,1,0,0,0,1,2,0,35.9703125,0.2796875000000014
2075-RMJIK,0,0,1,1,5,1,1,49.4,232.55,0,0,0,0,0,0,1,0,0,0,0,0,0,0,0,0,0,0,0,0,0,1,1,1,46.510000000000005,2.8899999999999935
9588-YRFHY,1,0,0,0,49,1,1,19.9,1022.6,0,0,0,0,1,1,0,1,0,1,0,1,0,1,0,1,0,0,1,1,0,0,0,0,20.869387755102043,-0.9693877551020442
6394-MFYNG,0,0,0,0,48,1,1,107.4,5121.3,1,0,1,1,0,0,0,0,1,0,1,0,0,0,1,0,1,0,0,0,0,0,4,0,106.69375000000001,0.7062499999999972
1564-NTYXF,0,1,0,0,13,1,1,82.0,1127.2,1,0,1,1,0,0,0,0,0,0,0,0,0,0,0,0,1,0,0,0,1,0,1,0,86.70769230769231,-4.707692307692312
9364-YKUVW,1,0,0,0,15,1,1,19.8,309.4,0,0,0,0,1,1,0,1,0,1,0,1,0,1,0,1,0,0,0,0,0,1,0,0,20.626666666666665,-0.8266666666666644
5392-AKEMH,0,0,0,0,12,1,1,45.05,523.1,0,0,0,0,0,0,0,0,0,0,0,0,0,0,0,0,0,0,0,0,1,0,0,1,43.59166666666667,1.4583333333333286
2451-YMUXS,1,1,0,0,67,1,1,64.55,4250.1,0,0,1,0,0,0,1,0,1,0,0,0,1,0,0,0,0,0,1,0,0,0,3,0,63.43432835820896,1.1156716417910388
3914-FDRHP,1,0,0,0,9,1,0,86.25,770.5,0,0,0,1,0,0,0,0,0,0,0,0,1,0,1,0,0,0,0,0,1,0,2,1,85.61111111111111,0.6388888888888857
3078-ZKNTS,0,0,1,1,13,1,1,19.75,246.7,0,0,0,0,1,1,0,1,0,1,0,1,0,1,0,1,0,0,1,0,0,0,0,0,18.976923076923075,0.7730769230769248
1024-KPRBB,0,0,0,0,38,1,1,89.1,3342.0,0,0,0,1,0,0,0,0,0,0,0,0,0,0,1,0,1,1,0,0,0,1,2,0,87.94736842105263,1.1526315789473642
4690-PKDQG,0,1,1,0,42,1,1,95.55,3930.6,0,0,1,1,0,0,0,0,1,0,1,0,0,0,1,0,0,0,0,0,1,0,3,0,93.58571428571429,1.9642857142857082
8155-IBNHG,0,0,1,0,24,1,1,75.4,1747.85,1,0,1,1,0,0,0,0,0,0,0,0,0,0,0,0,0,0,0,1,0,0,0,0,72.82708333333333,2.5729166666666714
0886-QGENL,0,1,1,0,27,1,1,101.25,2754.45,1,0,0,1,0,0,1,0,0,0,1,0,0,0,1,0,1,0,0,0,1,0,4,0,102.01666666666667,-0.7666666666666657
9547-ITEFG,1,0,1,1,9,1,1,102.6,897.75,0,0,1,1,0,0,0,0,1,0,1,0,0,0,1,0,1,0,0,1,0,0,4,1,99.75,2.8499999999999943
1264-FUHCX,0,0,1,0,49,0,1,56.3,2780.6,0,1,0,0,0,0,0,0,1,0,0,0,1,0,1,0,1,1,0,1,0,0,4,0,56.7469387755102,-0.4469387755102048
7789-CRUVC,0,1,1,0,61,1,1,94.2,5895.45,0,0,1,1,0,0,1,0,1,0,1,0,1,0,0,0,0,0,0,1,0,0,4,0,96.6467213114754,-2.4467213114754003
6598-KELSS,1,0,0,1,50,0,1,43.05,2208.05,0,1,0,0,0,0,1,0,1,0,0,0,0,0,1,0,0,1,0,0,0,0,3,0,44.161,-1.1110000000000042
8739-WWKDU,1,1,0,0,25,1,1,89.5,2196.15,1,0,1,1,0,0,0,0,1,0,0,0,0,0,1,0,0,0,0,0,1,0,2,0,87.846,1.6539999999999964
8685-WHQPW,0,1,0,0,22,1,1,74.4,1692.6,1,0,1,1,0,0,0,0,0,0,0,0,0,0,0,0,0,0,0,0,0,0,0,0,76.93636363636364,-2.5363636363636317
4745-LSPLO,1,0,0,0,1,1,0,20.5,20.5,1,0,0,0,1,1,0,1,0,1,0,1,0,1,0,1,0,0,0,0,0,1,0,1,20.5,0.0
8083-YTZES,1,0,0,0,4,1,1,74.35,265.35,1,0,1,1,0,0,0,0,0,0,0,0,0,0,0,0,0,0,0,0,1,0,0,1,66.3375,8.012499999999989
7240-FQLHE,0,1,1,0,18,1,0,99.75,1836.25,1,0,1,1,0,0,0,0,0,0,0,0,1,0,1,0,1,0,0,0,0,0,3,0,102.01388888888889,-2.2638888888888857
6664-FPDAC,0,1,0,0,56,1,1,111.95,6418.9,1,0,1,1,0,0,0,0,1,0,1,0,1,0,1,0,1,1,0,0,1,0,5,0,114.62321428571428,-2.6732142857142804
9972-VAFJJ,0,1,1,0,53,1,1,94.0,4871.45,0,0,0,1,0,0,0,0,1,0,1,0,1,0,1,0,0,1,0,0,1,0,4,0,91.91415094339622,2.0858490566037773
0422-UXFAP,0,0,1,0,51,1,1,98.85,4947.55,0,0,1,1,0,0,0,0,0,0,1,0,0,0,1,0,1,1,0,0,1,0,3,0,97.0107843137255,1.8392156862744997
1904-WAJAA,0,0,1,1,24,1,0,64.35,1558.65,0,0,1,0,0,0,1,0,1,0,1,0,0,0,0,0,0,0,1,0,1,0,3,0,64.94375000000001,-0.5937500000000142
5130-YPIRV,0,0,1,0,62,1,1,72.0,4284.2,0,0,0,0,0,0,1,0,1,0,1,0,0,0,1,0,0,0,1,1,0,0,4,0,69.1,2.9000000000000057
2843-CQMEG,1,0,0,0,24,1,1,49.7,1218.25,0,0,0,0,0,0,0,0,1,0,0,0,0,0,0,0,0,0,0,0,0,1,1,0,50.760416666666664,-1.0604166666666615
6439-PKTRR,0,0,1,1,70,1,0,80.7,5617.95,0,0,1,0,0,0,1,0,1,0,1,0,1,0,1,0,0,0,1,0,1,0,5,0,80.25642857142857,0.44357142857143117
5351-QESIO,1,0,0,1,1,0,0,24.2,24.2,0,1,0,0,0,0,0,0,0,0,0,0,0,0,0,0,0,0,0,0,0,1,0,1,24.2,0.0
0786-VSSUD,1,1,0,0,16,0,1,39.0,679.85,1,1,0,0,0,0,0,0,1,0,0,0,0,0,1,0,0,0,0,0,0,1,2,0,42.490625,-3.4906250000000014
5568-DMXZS,0,0,0,0,8,1,1,65.45,554.45,0,0,0,0,0,0,0,0,1,0,0,0,1,0,1,0,0,0,0,0,1,0,3,1,69.30625,-3.856250000000003
8468-FZTOE,0,0,1,1,72,1,1,74.35,5237.4,0,0,0,0,0,0,1,0,1,0,1,0,1,0,0,0,1,0,1,0,1,0,5,0,72.74166666666666,1.6083333333333343
6633-SYEUS,0,0,0,0,23,1,0,83.2,2032.3,0,0,0,1,0,0,0,0,1,0,1,0,1,0,0,0,0,0,0,0,0,0,3,0,88.36086956521739,-5.160869565217382
6447-GORXK,1,0,0,1,31,0,0,25.0,789.2,0,1,0,0,0,0,0,0,0,0,0,0,0,0,0,0,0,0,0,1,0,0,0,0,25.458064516129035,-0.45806451612903487
6967-PEJLL,1,0,1,1,37,0,1,40.2,1525.35,0,1,0,0,0,0,1,0,0,0,1,0,1,0,0,0,0,1,0,0,1,0,3,0,41.225675675675674,-1.0256756756756715
3976-BWUCK,0,0,1,0,30,1,1,94.1,2804.45,1,0,1,1,0,0,0,0,1,0,0,0,1,0,1,0,0,0,0,1,0,0,3,0,93.48166666666665,0.6183333333333394
5981-ZVXOT,0,1,0,0,35,1,1,108.35,3726.15,0,0,1,1,0,0,1,0,1,0,1,0,0,0,1,0,1,1,0,0,1,0,5,0,106.46142857142857,1.8885714285714243
1684-FLBGS,0,0,1,1,23,1,1,69.5,1652.1,0,0,1,0,0,0,0,0,1,0,0,0,1,0,1,0,0,0,0,1,0,0,3,0,71.83043478260869,-2.330434782608691
1389-WNUIB,0,0,1,1,20,1,0,76.0,1588.75,0,0,1,0,0,0,1,0,0,0,0,0,0,0,1,0,1,1,0,0,0,0,3,0,79.4375,-3.4375
0376-OIWME,1,0,1,0,36,1,1,93.6,3366.05,0,0,0,1,0,0,1,0,0,0,0,0,0,0,1,0,1,0,0,0,1,0,3,0,93.5013888888889,0.09861111111109722
3585-ISXZP,0,0,0,0,8,1,0,95.65,778.1,1,0,1,1,0,0,0,0,0,0,0,0,0,0,1,0,1,0,0,0,0,0,2,1,97.2625,-1.6124999999999972
0218-QNVAS,1,0,1,1,71,1,0,100.55,7113.75,0,0,1,1,0,0,0,0,1,0,0,0,0,0,1,0,1,1,0,0,0,0,3,0,100.19366197183099,0.35633802816900584
6583-QGCSI,0,1,1,0,50,1,1,88.05,4367.35,1,0,1,1,0,0,0,0,1,0,0,0,0,0,1,0,0,0,0,0,1,0,2,0,87.34700000000001,0.7029999999999887
0804-YGEQV,0,0,1,1,43,1,1,24.45,993.15,0,0,1,0,1,1,0,1,0,1,0,1,0,1,0,1,0,1,0,0,0,0,0,0,23.096511627906978,1.3534883720930218
7164-BPTUT,1,0,0,1,57,1,0,89.55,5012.35,0,0,1,0,0,0,1,0,1,0,1,0,1,0,1,0,1,0,1,0,0,1,6,0,87.93596491228071,1.6140350877192873
4174-LPGTI,0,0,1,1,41,1,1,66.5,2728.6,1,0,0,0,0,0,0,0,1,0,0,0,1,0,0,0,1,1,0,0,0,0,3,0,66.55121951219512,-0.051219512195118
2523-EWWZL,0,0,1,0,27,1,1,76.1,2093.4,0,0,0,1,0,0,0,0,1,0,0,0,0,0,0,0,0,0,0,0,1,0,1,0,77.53333333333333,-1.4333333333333371
0928-XUTSN,0,0,0,0,13,1,1,80.5,1011.8,0,0,0,1,0,0,0,0,0,0,0,0,0,0,0,0,1,0,0,0,1,0,1,0,77.83076923076922,2.6692307692307793
2108-XWMPY,1,0,0,0,3,0,1,35.45,106.85,1,1,0,0,0,0,1,0,1,0,0,0,0,0,0,0,0,0,0,0,0,1,2,1,35.61666666666667,-0.1666666666666643
0052-YNYOT,0,0,0,0,67,1,0,20.55,1343.4,0,0,0,0,1,1,0,1,0,1,0,1,0,1,0,1,0,1,0,0,1,0,0,0,20.050746268656717,0.4992537313432841
6304-IJFSQ,1,0,0,0,3,1,1,49.9,130.1,1,0,0,0,0,0,0,0,1,0,0,0,0,0,0,0,0,0,0,0,0,1,1,1,43.36666666666667,6.533333333333331
9586-JGQKH,0,0,1,0,64,1,1,105.4,6794.75,0,0,1,1,0,0,0,0,1,0,0,0,1,0,1,0,1,0,1,0,0,0,4,0,106.16796875,-0.7679687499999943
4501-VCPFK,1,0,0,0,26,0,0,35.75,1022.5,0,1,0,0,0,0,0,0,0,0,1,0,1,0,0,0,0,0,0,0,1,0,2,0,39.32692307692308,-3.57692307692308
6075-SLNIL,1,0,0,0,38,1,1,95.1,3691.2,0,0,1,1,0,0,0,0,1,0,1,0,0,0,0,0,1,0,0,1,0,0,3,0,97.13684210526316,-2.036842105263162
9347-AERRL,1,0,1,0,23,1,0,19.3,486.2,0,0,0,0,1,1,0,1,0,1,0,1,0,1,0,1,0,1,0,1,0,0,0,0,21.139130434782608,-1.8391304347826072
0093-XWZFY,1,0,0,0,40,1,1,104.5,4036.85,1,0,1,1,0,0,0,0,1,0,1,0,0,0,1,0,1,0,0,1,0,0,4,0,100.92125,3.5787499999999994
2274-XUATA,1,1,1,0,72,0,1,63.1,4685.55,0,1,0,0,0,0,1,0,1,0,1,0,1,0,1,0,1,0,1,0,0,0,6,0,65.07708333333333,-1.9770833333333329
1980-KXVPM,0,1,0,0,3,1,1,75.05,256.25,1,0,1,1,0,0,0,0,0,0,0,0,0,0,0,0,0,0,0,1,0,0,0,1,85.41666666666667,-10.366666666666674
7703-ZEKEF,1,0,0,0,23,1,1,81.0,1917.1,1,0,1,1,0,0,0,0,0,0,1,0,0,0,0,0,0,0,0,0,1,0,1,0,83.35217391304347,-2.3521739130434725
0723-DRCLG,0,1,1,0,1,1,1,74.45,74.45,1,0,1,1,0,0,0,0,0,0,0,0,0,0,0,0,0,0,0,0,1,0,0,1,74.45,0.0
5482-NUPNA,0,0,0,0,4,1,1,60.4,272.15,1,0,0,0,0,0,1,0,1,0,0,0,1,0,0,0,0,0,0,0,0,1,3,1,68.0375,-7.637499999999996
6691-CCIHA,0,0,1,0,62,1,1,84.95,5150.55,0,0,1,0,0,0,1,0,1,0,0,0,1,0,1,0,1,0,1,0,1,0,5,0,83.0733870967742,1.876612903225805
1685-BQULA,0,0,0,0,40,1,1,93.4,3756.4,0,0,1,1,0,0,0,0,1,0,1,0,0,0,1,0,0,0,0,0,0,0,3,0,93.91,-0.5099999999999909
9053-EJUNL,1,0,0,0,41,1,1,89.2,3645.75,0,0,1,1,0,0,0,0,1,0,0,0,0,0,1,0,0,0,0,0,1,0,2,0,88.92073170731707,0.27926829268292863
0666-UXTJO,1,1,1,0,34,1,1,85.2,2874.45,0,0,0,1,0,0,0,0,0,0,1,0,0,0,1,0,0,0,0,1,0,0,2,0,84.54264705882352,0.6573529411764838
1471-GIQKQ,0,0,0,0,1,1,0,49.95,49.95,0,0,0,0,0,0,0,0,1,0,0,0,0,0,0,0,0,0,0,0,1,0,1,1,49.95,0.0
4807-IZYOZ,0,0,0,0,51,1,0,20.65,1020.75,0,0,0,0,1,1,0,1,0,1,0,1,0,1,0,1,0,0,1,0,0,0,0,0,20.014705882352942,0.6352941176470566
1122-JWTJW,1,0,1,1,1,1,1,70.65,70.65,1,0,0,1,0,0,0,0,0,0,0,0,0,0,0,0,0,0,0,0,0,1,0,1,70.65,0.0
9710-NJERN,0,0,0,0,39,1,0,20.15,826.0,0,0,0,0,1,1,0,1,0,1,0,1,0,1,0,1,0,0,1,0,0,1,0,0,21.17948717948718,-1.0294871794871803
9837-FWLCH,1,0,1,1,12,1,1,19.2,239.0,0,0,0,0,1,1,0,1,0,1,0,1,0,1,0,1,0,0,0,0,1,0,0,1,19.916666666666668,-0.7166666666666686
1699-HPSBG,1,0,0,0,12,1,1,59.8,727.8,1,0,0,0,0,0,0,0,0,0,0,0,1,0,1,0,0,1,0,0,1,0,2,1,60.65,-0.8500000000000014
7203-OYKCT,1,0,0,0,72,1,1,104.95,7544.3,0,0,1,1,0,0,0,0,1,0,1,0,0,0,1,0,1,1,0,0,1,0,4,0,104.78194444444445,0.1680555555555543
1035-IPQPU,0,1,1,0,63,1,1,103.5,6479.4,0,0,1,1,0,0,0,0,1,0,1,0,0,0,1,0,1,0,0,0,1,0,4,0,102.84761904761905,0.6523809523809518
7398-LXGYX,1,0,1,0,44,1,1,84.8,3626.35,0,0,1,1,0,0,1,0,0,0,1,0,0,0,0,0,0,0,0,1,0,0,2,0,82.41704545454546,2.382954545454538
2823-LKABH,0,0,0,0,18,1,1,95.05,1679.4,0,0,1,1,0,0,0,0,0,0,1,0,1,0,0,0,1,0,0,0,0,0,3,0,93.30000000000001,1.7499999999999858
8775-CEBBJ,0,0,0,0,9,1,1,44.2,403.35,1,0,0,0,0,0,0,0,0,0,0,0,0,0,0,0,0,0,0,0,0,0,0,1,44.81666666666667,-0.6166666666666671
0550-DCXLH,1,0,0,0,13,1,0,73.35,931.55,0,0,0,0,0,0,0,0,1,0,0,0,1,0,1,0,1,0,0,0,0,1,4,0,71.6576923076923,1.6923076923076934
9281-CEDRU,0,0,1,0,68,1,0,64.1,4326.25,0,0,0,0,0,0,0,0,1,0,0,0,1,0,1,0,0,0,1,0,0,0,3,0,63.62132352941177,0.47867647058822627
2235-DWLJU,0,1,0,0,6,0,1,44.4,263.05,0,1,0,0,0,0,0,0,0,0,0,0,0,0,1,0,1,0,0,0,1,0,2,1,43.84166666666667,0.55833333333333
0871-OPBXW,0,0,0,0,2,1,1,20.05,39.25,0,0,0,0,1,1,0,1,0,1,0,1,0,1,0,1,0,0,0,0,0,1,0,1,19.625,0.4250000000000007
3605-JISKB,1,1,1,0,55,1,0,60.0,3316.1,0,0,1,0,0,0,1,0,1,0,0,0,0,0,0,0,0,1,0,1,0,0,2,0,60.29272727272727,-0.2927272727272694
6894-LFHLY,1,1,0,0,1,1,1,75.75,75.75,1,0,1,1,0,0,0,0,0,0,0,0,0,0,0,0,0,0,0,0,1,0,0,1,75.75,0.0
9767-FFLEM,1,0,0,0,38,1,1,69.5,2625.25,0,0,0,1,0,0,0,0,0,0,0,0,0,0,0,0,0,0,0,1,0,0,0,0,69.08552631578948,0.41447368421052033
0639-TSIQW,0,0,0,0,67,1,1,102.95,6886.25,1,0,1,1,0,0,1,0,1,0,1,0,0,0,1,0,0,0,0,1,0,0,4,0,102.77985074626865,0.1701492537313527
8456-QDAVC,1,0,0,0,19,1,1,78.7,1495.1,0,0,0,1,0,0,0,0,0,0,0,0,0,0,1,0,0,0,0,0,0,0,1,0,78.68947368421053,0.010526315789476826
7750-EYXWZ,0,0,0,0,12,0,0,60.65,743.3,0,1,0,0,0,0,0,0,1,0,1,0,1,0,1,0,1,1,0,0,1,0,5,1,61.94166666666666,-1.2916666666666643
2569-WGERO,0,0,0,0,72,1,1,21.15,1419.4,0,0,0,0,1,1,0,1,0,1,0,1,0,1,0,1,0,0,1,0,0,0,0,0,19.71388888888889,1.43611111111111
6840-RESVB,1,0,1,1,24,1,1,84.8,1990.5,0,0,1,0,0,0,1,0,0,0,1,0,1,0,1,0,1,1,0,0,0,1,5,0,82.9375,1.8624999999999972
2234-XADUH,0,0,1,1,72,1,1,103.2,7362.9,0,0,1,1,0,0,0,0,1,0,1,0,0,0,1,0,1,1,0,1,0,0,4,0,102.26249999999999,0.9375000000000142
4801-JZAZL,0,0,1,1,11,0,1,29.6,346.45,0,1,0,0,0,0,1,0,0,0,0,0,0,0,0,0,0,0,0,0,1,0,1,1,31.495454545454546,-1.8954545454545446
8361-LTMKD,1,1,1,0,4,1,1,74.4,306.6,1,0,1,1,0,0,0,0,0,0,0,0,0,0,0,0,0,0,0,0,0,1,0,1,76.65,-2.25
3186-AJIEK,1,0,0,0,66,1,1,105.65,6844.5,0,0,0,1,0,0,1,0,0,0,1,0,1,0,1,0,1,0,1,0,0,0,5,0,103.70454545454545,1.9454545454545524
